loan_id,reporting_period,delinquency_status,current_upb,update_date
139442750,112025,,206958.02,2025-04-01
139449389,62025,,249000.0,2025-04-01
139445257,102025,,276629.0,2025-04-01
139444741,102025,,245781.25,2025-04-01
139463909,102025,,240030.85,2025-04-01
139446865,102025,,98410.02,2025-04-01
139450502,32026,,126937.66,2025-04-01
139466241,82025,,206816.88,2025-04-01
139435982,32025,,423000.0,2025-04-01
139462074,62025,,227000.0,2025-04-01
139468330,12026,,356143.23,2025-04-01
139456988,32025,,529000.0,2025-04-01
139451544,22025,,290000.0,2025-04-01
139450050,42025,,374000.0,2025-04-01
139442657,72025,,219149.81,2025-04-01
139464679,122025,,166323.71,2025-04-01
139441181,42025,,419000.0,2025-04-01
139454589,72025,,1126000.0,2025-04-01
139444810,102025,,248297.65,2025-04-01
139451534,102025,,223133.39,2025-04-01
139456763,12026,,423260.92,2025-04-01
139449023,12025,,224000.0,2025-04-01
139447580,32025,,236000.0,2025-04-01
139440793,92025,,145738.88,2025-04-01
139466970,62025,,217000.0,2025-04-01
139443813,92025,,275951.0,2025-04-01
139435761,92025,,741742.5,2025-04-01
139446504,12025,,240000.0,2025-04-01
139464935,112025,,432447.36,2025-04-01
139453280,32025,,120000.0,2025-04-01
139441130,122025,,380765.4,2025-04-01
139453537,12026,,311594.02,2025-04-01
139451261,32026,,889415.37,2025-04-01
139441087,122025,,29748.9,2025-04-01
139447968,42025,,349000.0,2025-04-01
139465346,12026,,259554.13,2025-04-01
139466316,102025,,300093.06,2025-04-01
139445011,92025,,386741.15,2025-04-01
139466612,32025,,919000.0,2025-04-01
139453844,12026,,212803.1,2025-04-01
139459135,102025,,141657.44,2025-04-01
139438512,92025,,240506.76,2025-04-01
139452633,12025,,195000.0,2025-04-01
139457392,82025,,675337.01,2025-04-01
139456504,82025,,539057.28,2025-04-01
139448440,72025,,245000.0,2025-04-01
139445853,22025,,550000.0,2025-04-01
139457705,72025,,196000.0,2025-04-01
139441486,62025,,357000.0,2025-04-01
139444800,82025,,447105.63,2025-04-01
139453525,52025,,106000.0,2025-04-01
139451676,72025,,220000.0,2025-04-01
139450432,62025,,842000.0,2025-04-01
139463162,122025,,737472.87,2025-04-01
139442414,22026,,28635.45,2025-04-01
139451558,52025,,277000.0,2025-04-01
139453656,22025,,246000.0,2025-04-01
139468830,62025,,165000.0,2025-04-01
139467658,12025,,158000.0,2025-04-01
139451145,52025,,1000.0,2025-04-01
139464795,22025,,297000.0,2025-04-01
139461781,42025,,283000.0,2025-04-01
139455254,52025,,610000.0,2025-04-01
139443001,12025,,432000.0,2025-04-01
139445064,92025,,272278.94,2025-04-01
139442469,12025,,334000.0,2025-04-01
139455373,92025,,760044.46,2025-04-01
139447195,12025,,245000.0,2025-04-01
139446608,22026,,172967.24,2025-04-01
139469623,72025,,284368.29,2025-04-01
139439640,12025,,734000.0,2025-04-01
139452964,122025,,257167.17,2025-04-01
139469137,22026,,518774.81,2025-04-01
139444452,12025,,480000.0,2025-04-01
139465075,62025,,80000.0,2025-04-01
139455868,32025,,122000.0,2025-04-01
139437183,122025,,321412.06,2025-04-01
139457349,12025,,627000.0,2025-04-01
139451669,32025,,419000.0,2025-04-01
139466894,52025,,185000.0,2025-04-01
139455771,82025,,303645.57,2025-04-01
139436943,62025,,196000.0,2025-04-01
139443097,92025,,547050.29,2025-04-01
139454930,32026,,391731.12,2025-04-01
139464558,12025,,172000.0,2025-04-01
139439190,12025,,60000.0,2025-04-01
139451729,12026,,401654.14,2025-04-01
139435914,12025,,307000.0,2025-04-01
139449838,92025,,744884.4,2025-04-01
139447528,102025,,224689.85,2025-04-01
139462876,52025,,587000.0,2025-04-01
139461811,122025,,160573.11,2025-04-01
139438181,122025,,286204.83,2025-04-01
139444375,42025,,764000.0,2025-04-01
139465267,52025,,751000.0,2025-04-01
139436795,112025,,309887.01,2025-04-01
139456209,122025,,294938.57,2025-04-01
139449710,12025,,559000.0,2025-04-01
139458770,52025,,223000.0,2025-04-01
139449172,122025,,257162.13,2025-04-01
139450013,12026,,219636.11,2025-04-01
139463984,42025,,66000.0,2025-04-01
139444936,42025,,140000.0,2025-04-01
139450340,72025,,768295.04,2025-04-01
139461344,102025,,564767.59,2025-04-01
139439496,12025,,377000.0,2025-04-01
139466986,82025,,693908.35,2025-04-01
139465963,92025,,189974.69,2025-04-01
139436730,72025,,699000.0,2025-04-01
139440640,92025,,151000.0,2025-04-01
139458044,112025,,175558.52,2025-04-01
139443774,52025,,127000.0,2025-04-01
139465599,82025,,527117.09,2025-04-01
139467945,32026,,292536.74,2025-04-01
139456836,82025,,127000.0,2025-04-01
139455409,102025,,211673.59,2025-04-01
139437905,32026,,274761.33,2025-04-01
139457618,112025,,776059.28,2025-04-01
139447641,22026,,266009.27,2025-04-01
139444900,72025,,572000.0,2025-04-01
139465628,82025,,792464.07,2025-04-01
139441237,102025,,476630.86,2025-04-01
139462589,112025,,244870.63,2025-04-01
139465557,12026,,182476.47,2025-04-01
139449050,22026,,797485.51,2025-04-01
139449995,82025,,409214.25,2025-04-01
139454571,12025,,694000.0,2025-04-01
139467977,62025,,288000.0,2025-04-01
139443417,82025,,307360.28,2025-04-01
139458875,72025,,254904.13,2025-04-01
139450364,82025,,74561.17,2025-04-01
139436646,32025,,111000.0,2025-04-01
139445566,22026,,100788.81,2025-04-01
139447020,82025,,941791.89,2025-04-01
139463723,42025,,216000.0,2025-04-01
139453619,62025,,326000.0,2025-04-01
139452241,22026,,460352.32,2025-04-01
139454142,12025,,389000.0,2025-04-01
139446814,22026,,73419.61,2025-04-01
139443666,62025,,348000.0,2025-04-01
139444448,92025,,413718.37,2025-04-01
139470044,32025,,154000.0,2025-04-01
139444804,62025,,579000.0,2025-04-01
139458597,12025,,444000.0,2025-04-01
139445032,42025,,759000.0,2025-04-01
139447952,12025,,285000.0,2025-04-01
139460567,62025,,371000.0,2025-04-01
139441549,62025,,249000.0,2025-04-01
139458760,72025,,199000.0,2025-04-01
139464686,42025,,109000.0,2025-04-01
139440567,32026,,421351.21,2025-04-01
139442618,32025,,195000.0,2025-04-01
139457914,22025,,620000.0,2025-04-01
139453752,112025,,218547.58,2025-04-01
139446799,82025,,131460.81,2025-04-01
139451123,82025,,319096.77,2025-04-01
139449795,12025,,224000.0,2025-04-01
139462486,72025,,710029.68,2025-04-01
139467369,42025,,324000.0,2025-04-01
139461592,22025,,220000.0,2025-04-01
139451877,92025,,249076.22,2025-04-01
139459766,22026,,215107.35,2025-04-01
139452748,22026,,172925.03,2025-04-01
139467274,42025,,159000.0,2025-04-01
139467791,52025,,105000.0,2025-04-01
139467308,42025,,79000.0,2025-04-01
139466906,22025,,251000.0,2025-04-01
139441611,82025,,198525.82,2025-04-01
139463968,52025,,390000.0,2025-04-01
139459755,12025,,425000.0,2025-04-01
139443913,112025,,163310.7,2025-04-01
139453589,72025,,204000.0,2025-04-01
139435784,92025,,130902.45,2025-04-01
139459335,52025,,207000.0,2025-04-01
139453035,102025,,527681.2,2025-04-01
139436332,52025,,805000.0,2025-04-01
139467814,72025,,297000.0,2025-04-01
139468627,72025,,111000.0,2025-04-01
139441005,22026,,242572.73,2025-04-01
139446381,92025,,67873.53,2025-04-01
139462274,62025,,298000.0,2025-04-01
139461160,112025,,59808.38,2025-04-01
139438372,12026,,346087.93,2025-04-01
139450109,112025,,728191.18,2025-04-01
139460549,62025,,236000.0,2025-04-01
139448698,112025,,198139.58,2025-04-01
139437662,12025,,49000.0,2025-04-01
139461138,102025,,237940.25,2025-04-01
139447672,82025,,352645.33,2025-04-01
139447448,122025,,221325.0,2025-04-01
139447371,32026,,646415.41,2025-04-01
139456295,32026,,106550.18,2025-04-01
139437904,22026,,306827.38,2025-04-01
139441481,82025,,231111.66,2025-04-01
139469955,42025,,227000.0,2025-04-01
139460887,62025,,234000.0,2025-04-01
139462056,72025,,267000.0,2025-04-01
139454004,92025,,463125.49,2025-04-01
139467079,52025,,630000.0,2025-04-01
139465539,72025,,536378.74,2025-04-01
139448849,12025,,99000.0,2025-04-01
139443262,102025,,131933.83,2025-04-01
139442636,22025,,765000.0,2025-04-01
139451733,92025,,264969.04,2025-04-01
139455122,22026,,682233.5,2025-04-01
139437891,22025,,305000.0,2025-04-01
139442799,12025,,249000.0,2025-04-01
139454690,102025,,263992.06,2025-04-01
139452449,62025,,382000.0,2025-04-01
139446120,102025,,195976.9,2025-04-01
139438030,112025,,571720.89,2025-04-01
139437604,32025,,120000.0,2025-04-01
139435721,72025,,260153.37,2025-04-01
139454076,102025,,100828.3,2025-04-01
139443572,42025,,114000.0,2025-04-01
139464744,52025,,299000.0,2025-04-01
139468336,62025,,133000.0,2025-04-01
139443931,32026,,49362.35,2025-04-01
139469590,22026,,505682.83,2025-04-01
139452671,102025,,594592.1,2025-04-01
139456073,92025,,119246.53,2025-04-01
139445183,52025,,296000.0,2025-04-01
139459665,22026,,63224.13,2025-04-01
139454804,92025,,124948.42,2025-04-01
139435828,32025,,160000.0,2025-04-01
139448227,52025,,176000.0,2025-04-01
139464686,102025,,107751.53,2025-04-01
139461297,72025,,446000.0,2025-04-01
139451798,42025,,186000.0,2025-04-01
139437158,32026,,130005.93,2025-04-01
139445203,72025,,509000.0,2025-04-01
139456327,12025,,313000.0,2025-04-01
139462277,52025,,274000.0,2025-04-01
139455568,102025,,76922.76,2025-04-01
139462138,122025,,144999.79,2025-04-01
139449080,32025,,299000.0,2025-04-01
139466581,12025,,336000.0,2025-04-01
139461343,22025,,276000.0,2025-04-01
139462335,22026,,870239.89,2025-04-01
139459879,102025,,152934.04,2025-04-01
139461941,122025,,95982.48,2025-04-01
139467790,12025,,98000.0,2025-04-01
139438791,52025,,145000.0,2025-04-01
139437777,122025,,159926.68,2025-04-01
139455376,92025,,230116.61,2025-04-01
139460235,32025,,216000.0,2025-04-01
139457510,92025,,214664.37,2025-04-01
139456467,112025,,381072.6,2025-04-01
139447783,62025,,179000.0,2025-04-01
139469573,122025,,275760.75,2025-04-01
139466191,72025,,150000.0,2025-04-01
139451177,42025,,254000.0,2025-04-01
139446542,22025,,402000.0,2025-04-01
139447209,12025,,611000.0,2025-04-01
139443272,52025,,128000.0,2025-04-01
139462411,12026,,294671.81,2025-04-01
139449488,122025,,305307.0,2025-04-01
139447408,52025,,149000.0,2025-04-01
139460952,32025,,247000.0,2025-04-01
139453374,12026,,566808.84,2025-04-01
139470102,102025,,484488.29,2025-04-01
139442840,22026,,782731.87,2025-04-01
139439150,12025,,165000.0,2025-04-01
139439332,82025,,723271.51,2025-04-01
139450740,42025,,1547000.0,2025-04-01
139438897,72025,,287260.1,2025-04-01
139460568,102025,,398889.8,2025-04-01
139443276,32025,,151000.0,2025-04-01
139450277,22026,,532002.64,2025-04-01
139437332,32026,,123940.64,2025-04-01
139462268,92025,,545974.22,2025-04-01
139458165,22025,,805000.0,2025-04-01
139457953,52025,,362000.0,2025-04-01
139449513,122025,,157523.8,2025-04-01
139458634,82025,,311155.72,2025-04-01
139465997,62025,,137000.0,2025-04-01
139468647,32026,,501239.53,2025-04-01
139459447,22026,,472257.07,2025-04-01
139457039,22026,,390400.36,2025-04-01
139443003,122025,,59429.32,2025-04-01
139459030,102025,,717175.63,2025-04-01
139441531,12025,,138000.0,2025-04-01
139449055,112025,,48263.61,2025-04-01
139443119,32025,,295000.0,2025-04-01
139444035,22025,,535000.0,2025-04-01
139457818,72025,,606000.0,2025-04-01
139444846,12025,,103000.0,2025-04-01
139462367,82025,,98907.17,2025-04-01
139453059,102025,,446346.84,2025-04-01
139435774,32026,,265271.24,2025-04-01
139459144,72025,,448000.0,2025-04-01
139449372,72025,,231000.0,2025-04-01
139447260,12025,,232000.0,2025-04-01
139438688,112025,,168383.18,2025-04-01
139470244,22025,,218000.0,2025-04-01
139459550,42025,,227000.0,2025-04-01
139456812,92025,,205507.8,2025-04-01
139446568,22026,,153042.56,2025-04-01
139458093,22026,,285207.03,2025-04-01
139442753,122025,,168054.36,2025-04-01
139441257,42025,,374000.0,2025-04-01
139466747,72025,,279366.14,2025-04-01
139435511,52025,,487000.0,2025-04-01
139457959,112025,,332757.25,2025-04-01
139459029,82025,,276758.77,2025-04-01
139445794,22026,,369922.32,2025-04-01
139455670,12025,,208000.0,2025-04-01
139456872,22026,,424901.32,2025-04-01
139452440,32025,,439000.0,2025-04-01
139458719,62025,,249000.0,2025-04-01
139466715,82025,,307151.29,2025-04-01
139445977,92025,,131591.41,2025-04-01
139467822,92025,,317466.43,2025-04-01
139452698,32026,,295424.05,2025-04-01
139459847,32026,,89115.2,2025-04-01
139454629,22026,,555399.08,2025-04-01
139467274,12026,,157988.57,2025-04-01
139457930,42025,,299000.0,2025-04-01
139443759,122025,,286190.91,2025-04-01
139455534,72025,,332000.0,2025-04-01
139468154,82025,,201083.78,2025-04-01
139460347,112025,,280214.97,2025-04-01
139463399,72025,,385000.0,2025-04-01
139443006,12026,,615508.36,2025-04-01
139442580,32025,,548000.0,2025-04-01
139467466,22026,,708590.45,2025-04-01
139462154,52025,,219000.0,2025-04-01
139469751,22025,,316000.0,2025-04-01
139440387,32026,,637124.63,2025-04-01
139466820,22025,,75000.0,2025-04-01
139464135,22025,,439000.0,2025-04-01
139441362,72025,,376000.0,2025-04-01
139456890,32025,,206000.0,2025-04-01
139441604,112025,,180554.8,2025-04-01
139467036,82025,,521638.51,2025-04-01
139435869,72025,,781266.29,2025-04-01
139453509,52025,,334000.0,2025-04-01
139443220,92025,,193353.24,2025-04-01
139449167,102025,,244398.88,2025-04-01
139448674,112025,,79189.85,2025-04-01
139462004,12026,,156173.32,2025-04-01
139443878,22026,,120209.48,2025-04-01
139460415,22026,,210070.04,2025-04-01
139445022,42025,,332000.0,2025-04-01
139446031,22026,,327422.22,2025-04-01
139457353,72025,,301000.0,2025-04-01
139447552,72025,,595000.0,2025-04-01
139438147,82025,,598318.6,2025-04-01
139448664,42025,,616000.0,2025-04-01
139437768,82025,,394102.69,2025-04-01
139440064,72025,,346000.0,2025-04-01
139441531,72025,,136000.0,2025-04-01
139459776,62025,,507000.0,2025-04-01
139468340,62025,,791000.0,2025-04-01
139448697,22025,,300000.0,2025-04-01
139447803,82025,,198560.79,2025-04-01
139464260,62025,,217000.0,2025-04-01
139452351,112025,,397255.1,2025-04-01
139462791,92025,,213215.06,2025-04-01
139437674,12025,,196000.0,2025-04-01
139454743,82025,,203116.33,2025-04-01
139443824,32026,,227193.0,2025-04-01
139443574,92025,,215037.13,2025-04-01
139438112,72025,,74000.0,2025-04-01
139467740,32025,,219000.0,2025-04-01
139464866,102025,,247086.52,2025-04-01
139444930,32025,,229000.0,2025-04-01
139443931,42025,,50000.0,2025-04-01
139447418,22025,,129000.0,2025-04-01
139466585,72025,,762000.0,2025-04-01
139447951,12025,,192000.0,2025-04-01
139468238,72025,,497000.0,2025-04-01
139468799,22025,,100000.0,2025-04-01
139449338,52025,,76000.0,2025-04-01
139453881,22026,,146969.36,2025-04-01
139470164,32026,,176403.72,2025-04-01
139454251,122025,,307202.38,2025-04-01
139448203,12026,,186581.48,2025-04-01
139468594,92025,,346720.31,2025-04-01
139450884,52025,,97000.0,2025-04-01
139461439,32025,,390000.0,2025-04-01
139469519,72025,,249000.0,2025-04-01
139467847,12026,,57622.95,2025-04-01
139459463,52025,,192000.0,2025-04-01
139444398,42025,,264000.0,2025-04-01
139463287,62025,,149000.0,2025-04-01
139452188,72025,,195109.09,2025-04-01
139448849,92025,,98531.76,2025-04-01
139465667,32025,,168000.0,2025-04-01
139452848,122025,,184339.14,2025-04-01
139444064,32025,,236000.0,2025-04-01
139445060,122025,,223018.51,2025-04-01
139440002,82025,,273000.0,2025-04-01
139445573,32025,,676000.0,2025-04-01
139444569,82025,,790243.62,2025-04-01
139469511,22025,,314000.0,2025-04-01
139445557,102025,,105316.93,2025-04-01
139463193,12025,,265000.0,2025-04-01
139436143,82025,,397664.31,2025-04-01
139448804,112025,,307196.01,2025-04-01
139440185,22025,,256000.0,2025-04-01
139438568,112025,,320182.83,2025-04-01
139456145,102025,,223380.88,2025-04-01
139460219,52025,,74000.0,2025-04-01
139437648,102025,,478270.89,2025-04-01
139447639,32026,,203740.12,2025-04-01
139465394,12025,,180000.0,2025-04-01
139445054,122025,,485530.82,2025-04-01
139437519,62025,,215000.0,2025-04-01
139456530,12026,,672514.67,2025-04-01
139462450,22025,,549000.0,2025-04-01
139440985,32026,,650919.73,2025-04-01
139458839,112025,,137880.48,2025-04-01
139442261,62025,,496000.0,2025-04-01
139435988,32026,,515028.18,2025-04-01
139457438,122025,,401641.97,2025-04-01
139439266,12025,,280000.0,2025-04-01
139439619,32025,,798000.0,2025-04-01
139463062,62025,,188000.0,2025-04-01
139451278,82025,,497000.0,2025-04-01
139464942,62025,,227000.0,2025-04-01
139455888,22025,,313000.0,2025-04-01
139439975,112025,,58363.2,2025-04-01
139467903,82025,,276000.0,2025-04-01
139447428,62025,,439000.0,2025-04-01
139457894,112025,,210258.54,2025-04-01
139437146,12026,,232711.43,2025-04-01
139451729,102025,,402925.39,2025-04-01
139458887,112025,,253749.26,2025-04-01
139466146,112025,,451834.36,2025-04-01
139459986,22026,,0.0,2025-04-01
139450309,42025,,256000.0,2025-04-01
139441135,22025,,500000.0,2025-04-01
139436162,72025,,151000.0,2025-04-01
139463031,112025,,254021.3,2025-04-01
139453815,32026,,227755.03,2025-04-01
139456351,42025,,161000.0,2025-04-01
139437279,32025,,168000.0,2025-04-01
139444982,32026,,299680.18,2025-04-01
139440305,92025,,183866.01,2025-04-01
139444839,102025,,175440.72,2025-04-01
139445024,82025,,87000.0,2025-04-01
139438249,22026,,207625.96,2025-04-01
139450161,32025,,199000.0,2025-04-01
139467680,32025,,328000.0,2025-04-01
139466908,42025,,285000.0,2025-04-01
139461490,52025,,574000.0,2025-04-01
139451953,12026,,204261.37,2025-04-01
139440950,92025,,249990.94,2025-04-01
139441977,12025,,187000.0,2025-04-01
139446259,22025,,256000.0,2025-04-01
139452354,102025,,232688.4,2025-04-01
139456530,92025,,674813.15,2025-04-01
139448653,32025,,474000.0,2025-04-01
139436337,82025,,688010.35,2025-04-01
139453874,72025,,108266.7,2025-04-01
139458598,122025,,313240.67,2025-04-01
139447102,82025,,104279.95,2025-04-01
139446321,112025,,74353.49,2025-04-01
139452152,42025,,615000.0,2025-04-01
139467403,12025,,658000.0,2025-04-01
139444476,102025,,256374.77,2025-04-01
139442413,32025,,75000.0,2025-04-01
139457750,82025,,292283.37,2025-04-01
139443773,62025,,79000.0,2025-04-01
139461896,122025,,758172.99,2025-04-01
139453390,112025,,149992.34,2025-04-01
139455513,112025,,713469.62,2025-04-01
139457674,22025,,260000.0,2025-04-01
139437952,72025,,212000.0,2025-04-01
139454154,32025,,85000.0,2025-04-01
139457372,32026,,257060.75,2025-04-01
139441808,12025,,75000.0,2025-04-01
139444239,62025,,599000.0,2025-04-01
139447568,102025,,76850.11,2025-04-01
139440421,122025,,609140.29,2025-04-01
139447711,12025,,140000.0,2025-04-01
139447847,72025,,795000.0,2025-04-01
139466145,62025,,566506.15,2025-04-01
139456224,112025,,331823.21,2025-04-01
139451339,12026,,398460.8,2025-04-01
139461784,12026,,309376.09,2025-04-01
139442231,12025,,147000.0,2025-04-01
139445125,12026,,296646.89,2025-04-01
139456670,52025,,540000.0,2025-04-01
139452984,32026,,332997.64,2025-04-01
139454557,32025,,248000.0,2025-04-01
139440036,22025,,535000.0,2025-04-01
139443225,62025,,261000.0,2025-04-01
139448679,102025,,223176.4,2025-04-01
139441655,72025,,245928.91,2025-04-01
139448844,12025,,70000.0,2025-04-01
139462087,32026,,413877.37,2025-04-01
139468025,32026,,422431.0,2025-04-01
139439648,32025,,234000.0,2025-04-01
139447359,12026,,775956.63,2025-04-01
139453710,12025,,164000.0,2025-04-01
139453198,22026,,201625.77,2025-04-01
139448032,62025,,395000.0,2025-04-01
139437160,72025,,572000.0,2025-04-01
139439162,32025,,795000.0,2025-04-01
139466053,22026,,355731.36,2025-04-01
139463357,92025,,0.0,2025-04-01
139463551,42025,,167000.0,2025-04-01
139441820,112025,,534705.89,2025-04-01
139457043,102025,,189146.62,2025-04-01
139465221,42025,,288000.0,2025-04-01
139451607,82025,,136405.45,2025-04-01
139465923,22026,,499593.94,2025-04-01
139460829,42025,,469000.0,2025-04-01
139460540,32026,,182790.33,2025-04-01
139457226,32026,,74876.36,2025-04-01
139466739,32025,,848000.0,2025-04-01
139462232,82025,,175165.18,2025-04-01
139468027,62025,,0.0,2025-04-01
139469023,82025,,391297.37,2025-04-01
139436599,72025,,198000.0,2025-04-01
139444162,22025,,325000.0,2025-04-01
139467026,42025,,370000.0,2025-04-01
139460759,32026,,478295.9,2025-04-01
139454074,52025,,643832.16,2025-04-01
139446129,22026,,225767.65,2025-04-01
139436444,72025,,73720.02,2025-04-01
139449921,12026,,44113.43,2025-04-01
139455259,82025,,342452.21,2025-04-01
139441457,72025,,330000.0,2025-04-01
139449160,32026,,780640.17,2025-04-01
139450828,122025,,320793.06,2025-04-01
139436676,92025,,52843.27,2025-04-01
139467833,52025,,551000.0,2025-04-01
139448065,32026,,0.0,2025-04-01
139456244,122025,,38017.81,2025-04-01
139469727,82025,,98000.0,2025-04-01
139450442,72025,,214000.0,2025-04-01
139464788,52025,,897000.0,2025-04-01
139446311,122025,,146314.23,2025-04-01
139456476,52025,,560000.0,2025-04-01
139447732,12025,,542000.0,2025-04-01
139449647,92025,,794813.22,2025-04-01
139469129,82025,,445789.03,2025-04-01
139449344,22026,,79084.35,2025-04-01
139464083,112025,,371608.01,2025-04-01
139462408,22026,,737212.16,2025-04-01
139449280,82025,,237421.22,2025-04-01
139454477,82025,,115321.35,2025-04-01
139436218,92025,,348164.77,2025-04-01
139445584,102025,,270348.09,2025-04-01
139466750,52025,,115000.0,2025-04-01
139439886,102025,,171709.8,2025-04-01
139470007,92025,,168337.72,2025-04-01
139437786,22026,,376284.99,2025-04-01
139436256,42025,,423000.0,2025-04-01
139449288,122025,,481112.03,2025-04-01
139442792,92025,,267409.41,2025-04-01
139444694,12025,,487000.0,2025-04-01
139437671,72025,,462646.74,2025-04-01
139440277,72025,,252664.33,2025-04-01
139441822,22026,,378898.96,2025-04-01
139456690,22025,,122000.0,2025-04-01
139469436,102025,,756498.73,2025-04-01
139445247,112025,,180139.36,2025-04-01
139468506,102025,,74460.48,2025-04-01
139451801,72025,,308000.0,2025-04-01
139468352,12025,,306000.0,2025-04-01
139462626,82025,,220360.32,2025-04-01
139464192,82025,,677469.52,2025-04-01
139444585,62025,,340000.0,2025-04-01
139447060,52025,,159000.0,2025-04-01
139454600,42025,,239000.0,2025-04-01
139461162,102025,,721632.42,2025-04-01
139452433,32026,,222317.75,2025-04-01
139458801,42025,,275000.0,2025-04-01
139465387,12026,,355877.41,2025-04-01
139449648,82025,,292676.0,2025-04-01
139454731,52025,,345000.0,2025-04-01
139459645,92025,,198560.79,2025-04-01
139436153,102025,,178978.21,2025-04-01
139449493,122025,,345609.52,2025-04-01
139439566,12026,,682977.32,2025-04-01
139465338,32025,,252000.0,2025-04-01
139467953,32025,,411000.0,2025-04-01
139444187,52025,,360000.0,2025-04-01
139457744,62025,,164000.0,2025-04-01
139447486,122025,,217541.0,2025-04-01
139453360,62025,,285000.0,2025-04-01
139455131,62025,,259053.68,2025-04-01
139451966,12025,,256000.0,2025-04-01
139447331,92025,,633106.14,2025-04-01
139469349,72025,,234000.0,2025-04-01
139450470,122025,,593999.93,2025-04-01
139455576,52025,,363000.0,2025-04-01
139446734,12025,,618000.0,2025-04-01
139443153,32025,,244000.0,2025-04-01
139468097,102025,,377853.91,2025-04-01
139465242,112025,,178556.54,2025-04-01
139464173,112025,,113796.75,2025-04-01
139454481,72025,,152000.0,2025-04-01
139452869,32025,,181000.0,2025-04-01
139437673,32025,,130000.0,2025-04-01
139445444,52025,,131000.0,2025-04-01
139439933,22026,,643641.34,2025-04-01
139446144,12026,,238900.31,2025-04-01
139436133,32026,,550735.23,2025-04-01
139461401,52025,,165000.0,2025-04-01
139454862,112025,,144057.25,2025-04-01
139442039,12026,,442198.35,2025-04-01
139458013,92025,,177132.35,2025-04-01
139447022,22025,,257000.0,2025-04-01
139462210,22026,,617872.8,2025-04-01
139459626,92025,,182003.35,2025-04-01
139461457,82025,,190867.07,2025-04-01
139441743,52025,,384000.0,2025-04-01
139440373,12025,,315000.0,2025-04-01
139462241,52025,,118000.0,2025-04-01
139443573,52025,,115000.0,2025-04-01
139450037,22026,,1030622.85,2025-04-01
139457646,72025,,537000.0,2025-04-01
139441197,22026,,60078.22,2025-04-01
139438998,82025,,195000.0,2025-04-01
139445716,32026,,74037.3,2025-04-01
139462253,102025,,259463.64,2025-04-01
139465718,62025,,378000.0,2025-04-01
139465091,52025,,215000.0,2025-04-01
139443145,32026,,139317.18,2025-04-01
139448426,82025,,291000.0,2025-04-01
139465515,102025,,198628.51,2025-04-01
139446124,102025,,170836.25,2025-04-01
139444705,82025,,250353.93,2025-04-01
139449631,92025,,103269.33,2025-04-01
139449421,92025,,245835.94,2025-04-01
139469642,122025,,273840.86,2025-04-01
139470038,42025,,797000.0,2025-04-01
139465183,22025,,315000.0,2025-04-01
139461741,12026,,158588.23,2025-04-01
139455042,32026,,281487.53,2025-04-01
139436971,32026,,314911.52,2025-04-01
139439993,22025,,469000.0,2025-04-01
139449100,72025,,513000.0,2025-04-01
139440594,112025,,338957.42,2025-04-01
139451598,12025,,178000.0,2025-04-01
139443673,52025,,657000.0,2025-04-01
139439667,42025,,320000.0,2025-04-01
139441080,52025,,242000.0,2025-04-01
139465102,42025,,195000.0,2025-04-01
139436130,22026,,215497.21,2025-04-01
139453475,92025,,178146.18,2025-04-01
139458896,12026,,614997.17,2025-04-01
139442211,12025,,285000.0,2025-04-01
139440949,62025,,367000.0,2025-04-01
139456361,12025,,359000.0,2025-04-01
139448080,122025,,270992.96,2025-04-01
139458573,102025,,33557.23,2025-04-01
139440101,112025,,131797.03,2025-04-01
139465959,62025,,436000.0,2025-04-01
139465372,32025,,348000.0,2025-04-01
139451389,22026,,93117.68,2025-04-01
139452801,42025,,548000.0,2025-04-01
139455500,12025,,718000.0,2025-04-01
139459756,52025,,314000.0,2025-04-01
139440055,112025,,404648.73,2025-04-01
139445286,32025,,139000.0,2025-04-01
139437759,12026,,95965.28,2025-04-01
139444686,122025,,153177.43,2025-04-01
139458534,112025,,312693.63,2025-04-01
139462751,32025,,763000.0,2025-04-01
139465278,62025,,286000.0,2025-04-01
139460793,32025,,209000.0,2025-04-01
139459115,72025,,120000.0,2025-04-01
139439269,52025,,90000.0,2025-04-01
139455119,22026,,497671.5,2025-04-01
139440728,52025,,134000.0,2025-04-01
139451909,102025,,390822.3,2025-04-01
139438359,42025,,158000.0,2025-04-01
139462083,22025,,664000.0,2025-04-01
139442245,82025,,641064.66,2025-04-01
139453629,92025,,183715.85,2025-04-01
139438335,32025,,384000.0,2025-04-01
139460645,92025,,183999.41,2025-04-01
139437177,72025,,590000.0,2025-04-01
139466404,12026,,98785.78,2025-04-01
139457211,112025,,549750.71,2025-04-01
139469071,42025,,230000.0,2025-04-01
139437643,22025,,263000.0,2025-04-01
139451486,122025,,408779.89,2025-04-01
139451484,32025,,177000.0,2025-04-01
139437278,32025,,283000.0,2025-04-01
139464070,82025,,225584.7,2025-04-01
139441808,12026,,74161.6,2025-04-01
139442536,42025,,85000.0,2025-04-01
139453506,52025,,436000.0,2025-04-01
139436357,82025,,68205.83,2025-04-01
139439870,12025,,174000.0,2025-04-01
139465434,22026,,132880.63,2025-04-01
139454350,12025,,440000.0,2025-04-01
139462212,22026,,543710.7,2025-04-01
139462588,32026,,215320.09,2025-04-01
139436904,12025,,360000.0,2025-04-01
139437740,32026,,459251.1,2025-04-01
139462528,42025,,994000.0,2025-04-01
139444366,12026,,293262.7,2025-04-01
139450308,112025,,198103.33,2025-04-01
139462671,32026,,322102.83,2025-04-01
139450677,42025,,399000.0,2025-04-01
139463151,62025,,215000.0,2025-04-01
139442492,12025,,299000.0,2025-04-01
139469753,52025,,249000.0,2025-04-01
139443050,92025,,751163.78,2025-04-01
139454572,52025,,326000.0,2025-04-01
139442271,12026,,686653.35,2025-04-01
139464506,112025,,415252.12,2025-04-01
139469179,72025,,433000.0,2025-04-01
139448589,32026,,635161.57,2025-04-01
139439500,52025,,800000.0,2025-04-01
139452489,92025,,480818.79,2025-04-01
139447606,22026,,103655.41,2025-04-01
139465647,72025,,184000.0,2025-04-01
139469127,32025,,614000.0,2025-04-01
139467709,32026,,201480.92,2025-04-01
139459380,22025,,525000.0,2025-04-01
139443458,12025,,381000.0,2025-04-01
139466672,72025,,414000.0,2025-04-01
139468464,72025,,611749.25,2025-04-01
139458935,52025,,431000.0,2025-04-01
139463436,22025,,304000.0,2025-04-01
139443209,12026,,315138.7,2025-04-01
139441372,52025,,592000.0,2025-04-01
139450235,62025,,793785.49,2025-04-01
139456542,72025,,256000.0,2025-04-01
139456033,12025,,261000.0,2025-04-01
139461935,72025,,248000.0,2025-04-01
139465144,12025,,371000.0,2025-04-01
139452312,12025,,257000.0,2025-04-01
139467977,32026,,283929.87,2025-04-01
139436339,102025,,366783.55,2025-04-01
139445455,32025,,623000.0,2025-04-01
139448224,92025,,267189.97,2025-04-01
139466290,52025,,846000.0,2025-04-01
139458840,112025,,163135.96,2025-04-01
139437794,72025,,715000.0,2025-04-01
139437819,52025,,90000.0,2025-04-01
139435823,122025,,129293.87,2025-04-01
139469662,72025,,504000.0,2025-04-01
139464092,72025,,202000.0,2025-04-01
139467500,12026,,153733.94,2025-04-01
139444348,72025,,673000.0,2025-04-01
139468028,52025,,738000.0,2025-04-01
139450042,62025,,88000.0,2025-04-01
139460067,82025,,89508.33,2025-04-01
139448303,52025,,216000.0,2025-04-01
139435798,122025,,320514.66,2025-04-01
139452629,112025,,367527.63,2025-04-01
139465809,12026,,158660.74,2025-04-01
139465061,92025,,198546.88,2025-04-01
139465842,42025,,240000.0,2025-04-01
139463384,52025,,308000.0,2025-04-01
139458549,122025,,304236.67,2025-04-01
139446226,102025,,533874.07,2025-04-01
139435572,102025,,343935.02,2025-04-01
139452234,42025,,150000.0,2025-04-01
139460535,42025,,213649.97,2025-04-01
139459324,22025,,407000.0,2025-04-01
139446337,42025,,552000.0,2025-04-01
139460183,52025,,358000.0,2025-04-01
139444580,42025,,1090000.0,2025-04-01
139440366,42025,,132000.0,2025-04-01
139465427,22025,,203000.0,2025-04-01
139437556,72025,,305000.0,2025-04-01
139438668,52025,,540000.0,2025-04-01
139463816,82025,,487068.39,2025-04-01
139444198,92025,,434660.8,2025-04-01
139454701,112025,,225285.73,2025-04-01
139438977,32026,,373488.27,2025-04-01
139456278,12025,,382000.0,2025-04-01
139466738,12026,,454979.2,2025-04-01
139448107,22025,,90000.0,2025-04-01
139457727,52025,,167000.0,2025-04-01
139462525,122025,,84692.81,2025-04-01
139444733,112025,,289393.62,2025-04-01
139468464,12026,,585672.67,2025-04-01
139467273,32025,,255000.0,2025-04-01
139447160,72025,,168000.0,2025-04-01
139456438,12025,,192000.0,2025-04-01
139462513,12025,,308000.0,2025-04-01
139446342,52025,,511000.0,2025-04-01
139461025,52025,,293000.0,2025-04-01
139440898,22026,,280570.95,2025-04-01
139441245,52025,,414000.0,2025-04-01
139458897,12025,,528000.0,2025-04-01
139453734,12026,,166283.44,2025-04-01
139454334,12025,,132000.0,2025-04-01
139439656,72025,,124073.17,2025-04-01
139464739,32026,,296416.84,2025-04-01
139439567,92025,,903632.67,2025-04-01
139465095,82025,,249932.38,2025-04-01
139451940,92025,,794645.76,2025-04-01
139458633,22026,,568599.8,2025-04-01
139444716,22025,,120000.0,2025-04-01
139448877,22026,,174526.9,2025-04-01
139453233,32026,,354307.17,2025-04-01
139465296,12025,,170000.0,2025-04-01
139459751,122025,,265389.14,2025-04-01
139437888,12025,,109000.0,2025-04-01
139436738,12026,,516626.79,2025-04-01
139467037,62025,,75000.0,2025-04-01
139445144,122025,,426264.07,2025-04-01
139465779,12026,,563241.37,2025-04-01
139467773,42025,,404000.0,2025-04-01
139438454,52025,,245000.0,2025-04-01
139448784,12026,,311067.28,2025-04-01
139460693,122025,,544299.09,2025-04-01
139440732,32026,,284521.43,2025-04-01
139465634,12025,,304000.0,2025-04-01
139467056,72025,,439000.0,2025-04-01
139469963,22025,,200000.0,2025-04-01
139441785,82025,,304536.29,2025-04-01
139464114,12026,,197918.91,2025-04-01
139448896,32025,,114000.0,2025-04-01
139456253,112025,,64199.24,2025-04-01
139438412,12026,,143763.57,2025-04-01
139454356,102025,,229005.76,2025-04-01
139455047,42025,,309000.0,2025-04-01
139441249,72025,,39000.0,2025-04-01
139465772,72025,,127258.54,2025-04-01
139441487,102025,,424425.05,2025-04-01
139455469,12025,,496000.0,2025-04-01
139465748,12026,,435578.82,2025-04-01
139461973,42025,,149000.0,2025-04-01
139441095,102025,,415197.68,2025-04-01
139452212,22025,,166000.0,2025-04-01
139438574,62025,,175000.0,2025-04-01
139455118,102025,,632857.16,2025-04-01
139438990,12025,,228000.0,2025-04-01
139443592,42025,,179000.0,2025-04-01
139458795,32026,,61249.8,2025-04-01
139465531,22026,,211130.58,2025-04-01
139448933,52025,,398000.0,2025-04-01
139466197,22025,,372000.0,2025-04-01
139465914,22026,,207637.97,2025-04-01
139438769,32026,,344846.1,2025-04-01
139441933,42025,,432000.0,2025-04-01
139464819,32025,,673000.0,2025-04-01
139437880,112025,,50642.07,2025-04-01
139446700,122025,,166289.06,2025-04-01
139437601,82025,,647117.06,2025-04-01
139456634,32026,,113701.24,2025-04-01
139464668,102025,,374893.0,2025-04-01
139447279,102025,,118978.23,2025-04-01
139451645,92025,,173789.68,2025-04-01
139443697,32026,,498436.22,2025-04-01
139445409,42025,,270000.0,2025-04-01
139449334,22025,,511000.0,2025-04-01
139470076,102025,,719769.46,2025-04-01
139443346,52025,,346000.0,2025-04-01
139441583,102025,,149796.54,2025-04-01
139464185,122025,,463882.41,2025-04-01
139448016,122025,,148573.44,2025-04-01
139465475,22025,,659000.0,2025-04-01
139447453,42025,,263000.0,2025-04-01
139440692,92025,,233267.9,2025-04-01
139451921,12026,,294928.14,2025-04-01
139445596,82025,,343609.06,2025-04-01
139468207,92025,,52231.83,2025-04-01
139456070,72025,,119130.87,2025-04-01
139460329,22025,,207000.0,2025-04-01
139456542,12025,,258000.0,2025-04-01
139451245,12026,,178151.97,2025-04-01
139459367,92025,,370309.8,2025-04-01
139464267,112025,,109581.23,2025-04-01
139444381,112025,,793611.32,2025-04-01
139461729,52025,,419000.0,2025-04-01
139457263,112025,,91533.51,2025-04-01
139469222,22026,,228417.66,2025-04-01
139467401,12025,,380000.0,2025-04-01
139453914,92025,,454393.04,2025-04-01
139465990,82025,,98988.15,2025-04-01
139436466,12025,,524000.0,2025-04-01
139443830,32025,,326000.0,2025-04-01
139446619,32026,,299822.13,2025-04-01
139445520,112025,,116724.17,2025-04-01
139440726,72025,,94458.66,2025-04-01
139465694,52025,,487000.0,2025-04-01
139448618,12026,,222154.44,2025-04-01
139457421,42025,,86000.0,2025-04-01
139449221,32026,,179136.68,2025-04-01
139442535,12026,,262581.17,2025-04-01
139451246,32026,,223141.27,2025-04-01
139448630,32025,,170000.0,2025-04-01
139468944,32025,,155000.0,2025-04-01
139466306,82025,,155387.21,2025-04-01
139456420,12025,,807000.0,2025-04-01
139469998,102025,,364468.01,2025-04-01
139456102,62025,,351000.0,2025-04-01
139441674,22026,,174350.48,2025-04-01
139438564,92025,,182091.71,2025-04-01
139466845,22026,,324192.89,2025-04-01
139448890,42025,,298000.0,2025-04-01
139436141,82025,,117369.39,2025-04-01
139452205,82025,,444000.0,2025-04-01
139445535,22025,,262000.0,2025-04-01
139446755,12026,,375325.71,2025-04-01
139469216,12025,,742000.0,2025-04-01
139462201,122025,,213630.81,2025-04-01
139456554,62025,,244000.0,2025-04-01
139469805,92025,,683959.56,2025-04-01
139463464,42025,,350000.0,2025-04-01
139448807,102025,,493602.96,2025-04-01
139453770,62025,,119190.42,2025-04-01
139452567,122025,,167566.36,2025-04-01
139445734,82025,,680000.0,2025-04-01
139447075,82025,,257000.0,2025-04-01
139442060,42025,,257000.0,2025-04-01
139458182,12025,,405000.0,2025-04-01
139455210,102025,,388340.72,2025-04-01
139441829,62025,,541000.0,2025-04-01
139457409,92025,,602007.91,2025-04-01
139465831,22025,,140000.0,2025-04-01
139448442,22026,,552703.48,2025-04-01
139468496,82025,,73000.0,2025-04-01
139456418,22026,,459989.81,2025-04-01
139450710,82025,,247857.03,2025-04-01
139440838,82025,,255326.27,2025-04-01
139455943,92025,,293469.28,2025-04-01
139436465,122025,,277139.02,2025-04-01
139460562,12025,,400000.0,2025-04-01
139469247,112025,,307862.0,2025-04-01
139454113,32026,,190372.84,2025-04-01
139438441,52025,,341000.0,2025-04-01
139449708,22025,,114000.0,2025-04-01
139445460,42025,,321000.0,2025-04-01
139446512,62025,,307000.0,2025-04-01
139456920,12025,,267000.0,2025-04-01
139439803,42025,,298000.0,2025-04-01
139462438,32026,,221582.2,2025-04-01
139455636,22025,,85000.0,2025-04-01
139449965,62025,,733000.0,2025-04-01
139439386,112025,,0.0,2025-04-01
139448530,22025,,440000.0,2025-04-01
139458714,102025,,316615.21,2025-04-01
139447230,92025,,248037.65,2025-04-01
139448141,22026,,456783.29,2025-04-01
139461916,32025,,385000.0,2025-04-01
139454590,92025,,436236.67,2025-04-01
139464345,42025,,431000.0,2025-04-01
139441882,32025,,175000.0,2025-04-01
139448213,82025,,289128.31,2025-04-01
139469916,32026,,308766.96,2025-04-01
139458113,122025,,150625.15,2025-04-01
139435604,92025,,342306.3,2025-04-01
139461984,112025,,247702.22,2025-04-01
139444735,102025,,230161.27,2025-04-01
139461311,12025,,189000.0,2025-04-01
139469621,22025,,299000.0,2025-04-01
139461164,32026,,0.0,2025-04-01
139448262,42025,,269000.0,2025-04-01
139439290,122025,,332189.59,2025-04-01
139449601,22026,,545810.65,2025-04-01
139443548,42025,,325000.0,2025-04-01
139466754,102025,,177203.19,2025-04-01
139436421,82025,,248415.44,2025-04-01
139450271,102025,,99166.95,2025-04-01
139452923,32025,,465000.0,2025-04-01
139444305,12026,,303467.9,2025-04-01
139454852,82025,,354700.15,2025-04-01
139448879,22025,,151000.0,2025-04-01
139447876,102025,,315767.91,2025-04-01
139445986,82025,,283345.77,2025-04-01
139469812,82025,,364530.99,2025-04-01
139437816,112025,,322212.36,2025-04-01
139458208,12026,,162511.42,2025-04-01
139441115,122025,,151601.22,2025-04-01
139469165,92025,,242230.11,2025-04-01
139455897,92025,,771406.62,2025-04-01
139464220,112025,,343562.07,2025-04-01
139464714,122025,,514749.06,2025-04-01
139445002,62025,,299000.0,2025-04-01
139457807,112025,,149972.54,2025-04-01
139451978,72025,,226000.0,2025-04-01
139468634,92025,,452503.22,2025-04-01
139467448,122025,,186047.26,2025-04-01
139459072,22026,,760029.71,2025-04-01
139468817,52025,,128000.0,2025-04-01
139445184,72025,,227000.0,2025-04-01
139441809,42025,,213000.0,2025-04-01
139460923,32026,,311745.79,2025-04-01
139442547,122025,,249297.02,2025-04-01
139439790,112025,,138919.4,2025-04-01
139467689,22025,,635000.0,2025-04-01
139467594,82025,,220643.68,2025-04-01
139465293,12025,,336000.0,2025-04-01
139457724,12026,,465923.24,2025-04-01
139466996,12025,,108000.0,2025-04-01
139446887,122025,,386485.7,2025-04-01
139443975,22025,,449000.0,2025-04-01
139448648,62025,,219945.93,2025-04-01
139467595,62025,,171000.0,2025-04-01
139444189,32025,,220000.0,2025-04-01
139449162,12025,,222000.0,2025-04-01
139441842,22025,,223000.0,2025-04-01
139442692,122025,,277964.52,2025-04-01
139440547,52025,,593000.0,2025-04-01
139458787,12026,,200502.52,2025-04-01
139450750,82025,,275000.0,2025-04-01
139461435,32025,,298000.0,2025-04-01
139448052,22026,,254562.78,2025-04-01
139463771,82025,,455696.97,2025-04-01
139440806,32026,,193027.95,2025-04-01
139435723,12025,,399000.0,2025-04-01
139437949,22025,,785000.0,2025-04-01
139456004,12025,,417000.0,2025-04-01
139440008,72025,,291000.0,2025-04-01
139438855,32025,,65000.0,2025-04-01
139454831,82025,,343409.98,2025-04-01
139452466,22026,,142634.96,2025-04-01
139467546,22026,,480537.64,2025-04-01
139456476,32025,,561000.0,2025-04-01
139445067,122025,,794667.06,2025-04-01
139464387,32026,,633770.48,2025-04-01
139443307,22026,,314469.0,2025-04-01
139439292,12026,,755499.34,2025-04-01
139450427,102025,,355940.88,2025-04-01
139463811,42025,,161000.0,2025-04-01
139435930,12026,,598764.0,2025-04-01
139449572,12026,,148362.72,2025-04-01
139454026,112025,,584278.26,2025-04-01
139458315,112025,,386174.68,2025-04-01
139463260,82025,,265302.68,2025-04-01
139448763,12026,,287014.42,2025-04-01
139468544,42025,,382000.0,2025-04-01
139468345,52025,,374000.0,2025-04-01
139450415,112025,,244765.81,2025-04-01
139462786,22026,,110850.25,2025-04-01
139462794,92025,,256359.06,2025-04-01
139439217,52025,,165000.0,2025-04-01
139437555,12026,,370317.94,2025-04-01
139436291,122025,,401370.8,2025-04-01
139453645,122025,,334863.0,2025-04-01
139451123,62025,,320000.0,2025-04-01
139443500,82025,,533609.67,2025-04-01
139465245,12025,,443000.0,2025-04-01
139452121,112025,,143518.41,2025-04-01
139466847,92025,,238272.9,2025-04-01
139448746,112025,,94584.28,2025-04-01
139461505,22026,,471457.93,2025-04-01
139440506,112025,,434258.98,2025-04-01
139455580,82025,,165154.83,2025-04-01
139440241,22025,,114000.0,2025-04-01
139438862,72025,,162540.41,2025-04-01
139452440,82025,,437492.68,2025-04-01
139450245,52025,,75000.0,2025-04-01
139451885,22026,,435525.46,2025-04-01
139463092,122025,,528010.31,2025-04-01
139454975,62025,,149000.0,2025-04-01
139452962,52025,,263000.0,2025-04-01
139451793,82025,,577362.29,2025-04-01
139435865,32025,,192000.0,2025-04-01
139468850,42025,,184000.0,2025-04-01
139439802,42025,,299000.0,2025-04-01
139461594,32025,,271000.0,2025-04-01
139457340,92025,,269599.46,2025-04-01
139457705,62025,,196000.0,2025-04-01
139461093,82025,,108000.0,2025-04-01
139463208,32025,,390000.0,2025-04-01
139441094,102025,,331638.8,2025-04-01
139455982,52025,,239000.0,2025-04-01
139442077,62025,,278000.0,2025-04-01
139455462,22025,,795000.0,2025-04-01
139468840,92025,,353894.23,2025-04-01
139453148,72025,,275000.0,2025-04-01
139455427,112025,,296758.56,2025-04-01
139437609,32025,,447000.0,2025-04-01
139456782,102025,,297622.41,2025-04-01
139455571,32025,,587000.0,2025-04-01
139448613,12026,,269037.97,2025-04-01
139448824,12026,,323213.66,2025-04-01
139441469,62025,,228000.0,2025-04-01
139464171,12026,,558458.19,2025-04-01
139455566,22026,,113791.31,2025-04-01
139454505,32025,,159000.0,2025-04-01
139463604,102025,,728739.16,2025-04-01
139438458,22026,,322422.05,2025-04-01
139450461,22026,,547549.54,2025-04-01
139457734,32025,,799000.0,2025-04-01
139456586,12026,,186224.14,2025-04-01
139455919,12025,,482000.0,2025-04-01
139435585,32026,,363390.57,2025-04-01
139465806,122025,,311703.98,2025-04-01
139466509,112025,,1171908.47,2025-04-01
139447929,82025,,226574.63,2025-04-01
139466231,72025,,493450.38,2025-04-01
139465374,12025,,728000.0,2025-04-01
139469722,122025,,86026.27,2025-04-01
139451530,72025,,554000.0,2025-04-01
139449728,42025,,204000.0,2025-04-01
139460106,62025,,352000.0,2025-04-01
139445564,122025,,103502.45,2025-04-01
139446301,32025,,198000.0,2025-04-01
139463516,12026,,170658.27,2025-04-01
139462791,82025,,213442.01,2025-04-01
139440189,42025,,696000.0,2025-04-01
139437206,112025,,160155.89,2025-04-01
139454202,122025,,277649.92,2025-04-01
139458944,22026,,159306.48,2025-04-01
139451267,32025,,593000.0,2025-04-01
139460741,12026,,120037.37,2025-04-01
139457138,12025,,568000.0,2025-04-01
139460340,72025,,440982.8,2025-04-01
139454792,32025,,455000.0,2025-04-01
139452906,52025,,328000.0,2025-04-01
139461662,32026,,117386.92,2025-04-01
139435529,32026,,250110.95,2025-04-01
139438777,72025,,535000.0,2025-04-01
139447061,22025,,114000.0,2025-04-01
139465340,62025,,299000.0,2025-04-01
139456586,72025,,187000.0,2025-04-01
139444596,22025,,711000.0,2025-04-01
139441755,12025,,1192000.0,2025-04-01
139453439,42025,,315000.0,2025-04-01
139447520,22025,,175000.0,2025-04-01
139448247,102025,,489063.03,2025-04-01
139457414,102025,,737506.68,2025-04-01
139448966,32026,,390486.54,2025-04-01
139467140,62025,,148000.0,2025-04-01
139441320,52025,,279000.0,2025-04-01
139453506,112025,,431799.14,2025-04-01
139465218,12025,,420000.0,2025-04-01
139438068,92025,,531463.75,2025-04-01
139451958,52025,,552000.0,2025-04-01
139445885,122025,,193397.2,2025-04-01
139461944,92025,,513362.95,2025-04-01
139466339,52025,,249000.0,2025-04-01
139448424,62025,,548000.0,2025-04-01
139444662,32026,,104022.76,2025-04-01
139453026,122025,,536019.95,2025-04-01
139461622,72025,,45000.0,2025-04-01
139440322,12025,,96000.0,2025-04-01
139464457,102025,,296695.26,2025-04-01
139455705,82025,,436328.92,2025-04-01
139447184,82025,,139000.0,2025-04-01
139446410,72025,,511000.0,2025-04-01
139450108,32026,,415836.82,2025-04-01
139467195,82025,,297044.41,2025-04-01
139450561,22025,,719000.0,2025-04-01
139448964,52025,,721000.0,2025-04-01
139438796,62025,,112000.0,2025-04-01
139469782,52025,,219000.0,2025-04-01
139457788,122025,,287731.73,2025-04-01
139467833,122025,,534865.39,2025-04-01
139445771,32025,,587000.0,2025-04-01
139453222,62025,,275000.0,2025-04-01
139466017,82025,,220069.87,2025-04-01
139450530,122025,,436718.88,2025-04-01
139458666,32025,,192000.0,2025-04-01
139462899,62025,,285000.0,2025-04-01
139448571,72025,,468000.0,2025-04-01
139461891,12025,,428000.0,2025-04-01
139448554,52025,,278000.0,2025-04-01
139462347,12025,,152000.0,2025-04-01
139452153,92025,,253334.35,2025-04-01
139450780,22026,,191568.35,2025-04-01
139455859,62025,,0.0,2025-04-01
139457949,122025,,197958.4,2025-04-01
139461527,42025,,266000.0,2025-04-01
139442198,72025,,333000.0,2025-04-01
139469513,12025,,240000.0,2025-04-01
139463669,62025,,670000.0,2025-04-01
139438749,22026,,243949.28,2025-04-01
139440911,32026,,969999.35,2025-04-01
139440316,92025,,196575.14,2025-04-01
139443059,112025,,157624.15,2025-04-01
139469591,52025,,1116000.0,2025-04-01
139444720,72025,,796000.0,2025-04-01
139448231,122025,,218116.52,2025-04-01
139448592,12026,,194066.98,2025-04-01
139438119,82025,,0.0,2025-04-01
139436095,102025,,446257.7,2025-04-01
139441498,112025,,64396.48,2025-04-01
139446042,102025,,319863.0,2025-04-01
139446840,42025,,583000.0,2025-04-01
139453981,42025,,293000.0,2025-04-01
139462323,62025,,282000.0,2025-04-01
139461899,102025,,546406.43,2025-04-01
139448888,102025,,146609.63,2025-04-01
139457563,22025,,64000.0,2025-04-01
139442624,72025,,40000.0,2025-04-01
139448126,112025,,214633.05,2025-04-01
139464593,12026,,518136.51,2025-04-01
139456408,122025,,341099.47,2025-04-01
139462618,122025,,449446.22,2025-04-01
139438271,82025,,583741.42,2025-04-01
139468905,102025,,316471.58,2025-04-01
139435560,22025,,468000.0,2025-04-01
139461551,12025,,282000.0,2025-04-01
139451843,72025,,230058.01,2025-04-01
139455749,62025,,272000.0,2025-04-01
139457992,112025,,115166.81,2025-04-01
139443783,22026,,296047.43,2025-04-01
139454497,122025,,173362.95,2025-04-01
139466096,122025,,164601.44,2025-04-01
139449030,22025,,106000.0,2025-04-01
139453231,62025,,202000.0,2025-04-01
139466239,32025,,235000.0,2025-04-01
139440303,42025,,381000.0,2025-04-01
139435752,22025,,213000.0,2025-04-01
139458053,102025,,760900.14,2025-04-01
139437476,72025,,232321.34,2025-04-01
139448021,32025,,436000.0,2025-04-01
139438741,62025,,159000.0,2025-04-01
139459747,62025,,378000.0,2025-04-01
139451823,32025,,288000.0,2025-04-01
139463850,122025,,523805.25,2025-04-01
139453091,52025,,793000.0,2025-04-01
139449867,122025,,164095.25,2025-04-01
139455983,122025,,128635.56,2025-04-01
139467414,112025,,549048.17,2025-04-01
139444826,22026,,775910.9,2025-04-01
139459720,92025,,167319.19,2025-04-01
139458212,12026,,423268.28,2025-04-01
139467338,32026,,217219.59,2025-04-01
139440572,42025,,285000.0,2025-04-01
139458969,32025,,202000.0,2025-04-01
139466931,112025,,277379.81,2025-04-01
139469371,32025,,275000.0,2025-04-01
139452851,122025,,639460.18,2025-04-01
139444802,102025,,173704.61,2025-04-01
139445379,12025,,388000.0,2025-04-01
139469035,82025,,393360.75,2025-04-01
139435719,12025,,100000.0,2025-04-01
139463538,52025,,412000.0,2025-04-01
139445731,62025,,359000.0,2025-04-01
139452929,122025,,290026.75,2025-04-01
139455207,32026,,263916.74,2025-04-01
139447050,12026,,641315.98,2025-04-01
139454872,52025,,125000.0,2025-04-01
139451912,92025,,547221.61,2025-04-01
139462103,12026,,153815.54,2025-04-01
139436863,72025,,210723.78,2025-04-01
139447249,122025,,128546.95,2025-04-01
139466696,22026,,483369.88,2025-04-01
139448058,32026,,787522.76,2025-04-01
139441875,122025,,371834.93,2025-04-01
139444640,102025,,322548.77,2025-04-01
139443917,122025,,415773.03,2025-04-01
139451933,52025,,145000.0,2025-04-01
139458861,42025,,632000.0,2025-04-01
139455940,92025,,349342.76,2025-04-01
139464825,12025,,300000.0,2025-04-01
139457372,32025,,260000.0,2025-04-01
139459816,52025,,570000.0,2025-04-01
139453281,52025,,688000.0,2025-04-01
139459023,22025,,131000.0,2025-04-01
139461276,12025,,148000.0,2025-04-01
139461655,12025,,249000.0,2025-04-01
139446315,82025,,148996.08,2025-04-01
139456584,62025,,264000.0,2025-04-01
139458087,92025,,267911.08,2025-04-01
139453299,72025,,271315.25,2025-04-01
139436190,92025,,238492.97,2025-04-01
139455485,22025,,483000.0,2025-04-01
139450414,42025,,81000.0,2025-04-01
139453060,92025,,86733.64,2025-04-01
139443133,32025,,324000.0,2025-04-01
139462093,122025,,207845.45,2025-04-01
139436910,12026,,125414.36,2025-04-01
139458164,52025,,176000.0,2025-04-01
139468132,32026,,124560.3,2025-04-01
139437402,122025,,244708.89,2025-04-01
139458571,32025,,531000.0,2025-04-01
139447756,62025,,215000.0,2025-04-01
139438464,42025,,199000.0,2025-04-01
139437551,12026,,134740.1,2025-04-01
139468330,22025,,360000.0,2025-04-01
139466461,72025,,151000.0,2025-04-01
139452192,12025,,498000.0,2025-04-01
139463966,82025,,293000.0,2025-04-01
139448903,22026,,323813.93,2025-04-01
139455814,92025,,392042.52,2025-04-01
139463802,52025,,250000.0,2025-04-01
139435790,22026,,168759.73,2025-04-01
139448984,12026,,757354.21,2025-04-01
139463565,122025,,178423.81,2025-04-01
139461557,72025,,398000.0,2025-04-01
139463444,62025,,407000.0,2025-04-01
139463780,52025,,74000.0,2025-04-01
139453405,92025,,55700.0,2025-04-01
139446350,92025,,146154.28,2025-04-01
139443077,102025,,237795.3,2025-04-01
139465506,122025,,170586.23,2025-04-01
139467470,112025,,120532.93,2025-04-01
139464874,22025,,189000.0,2025-04-01
139451956,22026,,332752.02,2025-04-01
139455762,92025,,471235.41,2025-04-01
139447541,92025,,327445.88,2025-04-01
139436134,72025,,249000.0,2025-04-01
139468115,32026,,474413.46,2025-04-01
139457953,122025,,359637.25,2025-04-01
139448565,82025,,124867.25,2025-04-01
139448303,62025,,216000.0,2025-04-01
139438476,52025,,219000.0,2025-04-01
139442737,42025,,60000.0,2025-04-01
139441911,112025,,151638.52,2025-04-01
139466327,12025,,199000.0,2025-04-01
139444477,22026,,296270.4,2025-04-01
139461492,102025,,301316.78,2025-04-01
139455552,22026,,98397.6,2025-04-01
139469490,122025,,72330.68,2025-04-01
139449881,12025,,280000.0,2025-04-01
139453050,62025,,323000.0,2025-04-01
139443278,22026,,127288.74,2025-04-01
139447277,122025,,131704.8,2025-04-01
139439583,102025,,261739.64,2025-04-01
139469440,32026,,236275.54,2025-04-01
139464666,92025,,182707.41,2025-04-01
139442222,72025,,298000.0,2025-04-01
139440645,22025,,364000.0,2025-04-01
139441210,72025,,333000.0,2025-04-01
139460978,32026,,376692.75,2025-04-01
139441148,92025,,374850.22,2025-04-01
139453900,12026,,627902.45,2025-04-01
139460130,42025,,788000.0,2025-04-01
139447157,32026,,317357.06,2025-04-01
139464255,82025,,247776.84,2025-04-01
139454980,82025,,173031.33,2025-04-01
139450025,22025,,158000.0,2025-04-01
139444094,122025,,259064.4,2025-04-01
139448897,32025,,183000.0,2025-04-01
139444590,122025,,106538.89,2025-04-01
139435843,52025,,52000.0,2025-04-01
139460095,22025,,580000.0,2025-04-01
139465968,22025,,62000.0,2025-04-01
139457043,112025,,187907.16,2025-04-01
139466363,12026,,591342.48,2025-04-01
139463610,22025,,522000.0,2025-04-01
139460547,32026,,439834.4,2025-04-01
139462621,82025,,283000.0,2025-04-01
139464254,42025,,301000.0,2025-04-01
139436143,92025,,397322.81,2025-04-01
139461158,52025,,100000.0,2025-04-01
139464285,32026,,573073.93,2025-04-01
139438729,72025,,423000.0,2025-04-01
139438360,42025,,228000.0,2025-04-01
139466482,72025,,302000.0,2025-04-01
139467386,12025,,574000.0,2025-04-01
139445167,12025,,570000.0,2025-04-01
139463019,102025,,373252.38,2025-04-01
139455589,82025,,194677.64,2025-04-01
139438832,72025,,305000.0,2025-04-01
139463706,12026,,182537.84,2025-04-01
139459959,22025,,202000.0,2025-04-01
139441293,52025,,426000.0,2025-04-01
139454847,62025,,368000.0,2025-04-01
139450156,102025,,256807.18,2025-04-01
139465234,62025,,279000.0,2025-04-01
139462273,72025,,534759.33,2025-04-01
139465759,12026,,380347.85,2025-04-01
139458674,52025,,698000.0,2025-04-01
139461602,72025,,219000.0,2025-04-01
139453102,12025,,805000.0,2025-04-01
139444588,62025,,307000.0,2025-04-01
139455911,12026,,269169.71,2025-04-01
139454249,52025,,282000.0,2025-04-01
139469382,32026,,239478.4,2025-04-01
139467753,62025,,254000.0,2025-04-01
139442642,12026,,215990.38,2025-04-01
139451190,52025,,395000.0,2025-04-01
139458750,122025,,138677.49,2025-04-01
139446339,32026,,145371.47,2025-04-01
139453463,112025,,210279.59,2025-04-01
139438718,112025,,119147.91,2025-04-01
139449365,82025,,226507.49,2025-04-01
139469376,82025,,198774.07,2025-04-01
139466394,12025,,497000.0,2025-04-01
139468521,32026,,403364.81,2025-04-01
139445250,52025,,301000.0,2025-04-01
139460365,52025,,341000.0,2025-04-01
139443306,112025,,240694.81,2025-04-01
139450273,102025,,372758.49,2025-04-01
139436518,22025,,238000.0,2025-04-01
139452227,52025,,244000.0,2025-04-01
139440940,52025,,139000.0,2025-04-01
139439952,122025,,296309.02,2025-04-01
139462878,92025,,43609.88,2025-04-01
139439651,42025,,525000.0,2025-04-01
139445578,102025,,149255.08,2025-04-01
139461169,62025,,343000.0,2025-04-01
139459376,42025,,265000.0,2025-04-01
139449902,112025,,526327.46,2025-04-01
139450212,92025,,201933.79,2025-04-01
139458815,32026,,306474.59,2025-04-01
139460703,12025,,800000.0,2025-04-01
139451241,32025,,138000.0,2025-04-01
139462206,52025,,399000.0,2025-04-01
139455079,32026,,319325.58,2025-04-01
139435705,52025,,299000.0,2025-04-01
139451636,32026,,279927.84,2025-04-01
139468348,42025,,273000.0,2025-04-01
139455867,92025,,289724.41,2025-04-01
139438387,52025,,316000.0,2025-04-01
139444029,112025,,237615.46,2025-04-01
139444123,72025,,224000.0,2025-04-01
139461535,122025,,340697.72,2025-04-01
139438743,22026,,257458.2,2025-04-01
139464114,52025,,199000.0,2025-04-01
139445450,72025,,257000.0,2025-04-01
139465779,32026,,562157.97,2025-04-01
139446605,22025,,140000.0,2025-04-01
139437151,12025,,645000.0,2025-04-01
139456535,82025,,389873.13,2025-04-01
139453358,52025,,1022000.0,2025-04-01
139446298,42025,,153000.0,2025-04-01
139442130,62025,,792248.4,2025-04-01
139449714,22025,,249000.0,2025-04-01
139454073,32025,,624000.0,2025-04-01
139460639,62025,,952000.0,2025-04-01
139458671,62025,,289000.0,2025-04-01
139460280,52025,,115000.0,2025-04-01
139461097,42025,,326000.0,2025-04-01
139450947,22026,,260970.15,2025-04-01
139443862,122025,,661880.2,2025-04-01
139462701,102025,,359641.93,2025-04-01
139450651,112025,,653588.87,2025-04-01
139455974,122025,,171435.15,2025-04-01
139457731,52025,,170000.0,2025-04-01
139441438,32026,,182393.9,2025-04-01
139455219,12026,,202632.55,2025-04-01
139441195,22026,,480001.2,2025-04-01
139460881,32025,,172000.0,2025-04-01
139439346,12026,,222128.32,2025-04-01
139467308,52025,,79000.0,2025-04-01
139469680,52025,,382000.0,2025-04-01
139448694,52025,,333000.0,2025-04-01
139439483,42025,,271000.0,2025-04-01
139436719,12025,,100000.0,2025-04-01
139456564,62025,,469000.0,2025-04-01
139455627,102025,,732367.34,2025-04-01
139459073,92025,,666171.39,2025-04-01
139452660,82025,,722608.61,2025-04-01
139440409,72025,,135000.0,2025-04-01
139450653,72025,,492132.44,2025-04-01
139438088,72025,,342716.04,2025-04-01
139460816,42025,,241000.0,2025-04-01
139464784,32025,,291000.0,2025-04-01
139450949,12025,,217000.0,2025-04-01
139462269,52025,,127000.0,2025-04-01
139453772,22025,,375000.0,2025-04-01
139449046,92025,,492239.57,2025-04-01
139463995,82025,,612333.21,2025-04-01
139466890,102025,,218362.67,2025-04-01
139459479,32026,,423817.06,2025-04-01
139447869,82025,,529813.59,2025-04-01
139451163,92025,,589563.94,2025-04-01
139454454,62025,,603000.0,2025-04-01
139439065,122025,,174038.87,2025-04-01
139450615,32026,,193878.75,2025-04-01
139459762,22025,,374000.0,2025-04-01
139453934,112025,,197710.58,2025-04-01
139457502,32025,,220000.0,2025-04-01
139468110,122025,,395470.57,2025-04-01
139464547,62025,,105000.0,2025-04-01
139467999,92025,,395969.58,2025-04-01
139456790,32026,,174701.03,2025-04-01
139465228,72025,,95000.0,2025-04-01
139463099,92025,,281956.32,2025-04-01
139435887,52025,,351000.0,2025-04-01
139447059,32025,,457000.0,2025-04-01
139439724,82025,,417233.22,2025-04-01
139463479,112025,,361289.63,2025-04-01
139451480,72025,,207000.0,2025-04-01
139437928,22025,,268000.0,2025-04-01
139466907,122025,,286557.58,2025-04-01
139448110,22026,,547984.17,2025-04-01
139460425,42025,,158000.0,2025-04-01
139449172,42025,,259000.0,2025-04-01
139441994,92025,,175217.5,2025-04-01
139436300,12026,,364834.07,2025-04-01
139460204,112025,,182749.06,2025-04-01
139449629,52025,,432000.0,2025-04-01
139463369,32026,,310088.67,2025-04-01
139457673,52025,,256000.0,2025-04-01
139451144,82025,,91198.21,2025-04-01
139451598,72025,,176710.82,2025-04-01
139468621,62025,,129000.0,2025-04-01
139439961,122025,,336624.82,2025-04-01
139459562,102025,,416478.66,2025-04-01
139444152,92025,,122777.44,2025-04-01
139459174,82025,,715000.0,2025-04-01
139460312,32026,,406354.27,2025-04-01
139447298,12026,,234877.29,2025-04-01
139458777,22025,,349000.0,2025-04-01
139464130,32025,,791000.0,2025-04-01
139460256,82025,,310000.0,2025-04-01
139457350,12026,,464674.13,2025-04-01
139460019,112025,,601808.12,2025-04-01
139455904,32025,,581000.0,2025-04-01
139470238,72025,,200000.0,2025-04-01
139466491,62025,,160000.0,2025-04-01
139463472,22025,,538000.0,2025-04-01
139462581,42025,,718000.0,2025-04-01
139443648,32025,,266000.0,2025-04-01
139450153,22026,,560797.71,2025-04-01
139464829,22025,,267000.0,2025-04-01
139457252,32026,,122024.9,2025-04-01
139445649,82025,,150964.33,2025-04-01
139470080,122025,,319703.11,2025-04-01
139469059,12026,,582254.66,2025-04-01
139463755,52025,,74000.0,2025-04-01
139458060,82025,,302810.78,2025-04-01
139463997,12026,,205969.12,2025-04-01
139456465,112025,,450529.72,2025-04-01
139447183,22025,,280000.0,2025-04-01
139464982,62025,,794000.0,2025-04-01
139452424,82025,,777233.42,2025-04-01
139441199,22025,,350000.0,2025-04-01
139456420,112025,,799205.0,2025-04-01
139436247,82025,,435724.22,2025-04-01
139455951,22026,,423815.73,2025-04-01
139454839,22025,,265000.0,2025-04-01
139439417,42025,,156000.0,2025-04-01
139465144,112025,,367492.25,2025-04-01
139449988,112025,,141329.28,2025-04-01
139466952,82025,,181408.08,2025-04-01
139450227,12025,,603000.0,2025-04-01
139449092,82025,,154049.91,2025-04-01
139459059,12025,,203000.0,2025-04-01
139467420,102025,,593403.72,2025-04-01
139469126,62025,,181000.0,2025-04-01
139446792,122025,,138761.64,2025-04-01
139463689,72025,,660000.0,2025-04-01
139462634,42025,,106000.0,2025-04-01
139466956,62025,,466000.0,2025-04-01
139439595,102025,,388987.75,2025-04-01
139448485,22025,,475000.0,2025-04-01
139449551,92025,,794462.08,2025-04-01
139461848,72025,,98000.0,2025-04-01
139448350,12026,,126602.22,2025-04-01
139443131,92025,,232072.66,2025-04-01
139439302,92025,,350133.56,2025-04-01
139457155,122025,,311379.58,2025-04-01
139438740,82025,,550836.23,2025-04-01
139449074,112025,,155401.66,2025-04-01
139467369,52025,,324000.0,2025-04-01
139466206,122025,,231642.62,2025-04-01
139453468,122025,,253516.79,2025-04-01
139455221,82025,,195135.03,2025-04-01
139452255,122025,,115775.79,2025-04-01
139440247,62025,,362000.0,2025-04-01
139449675,72025,,225000.0,2025-04-01
139450631,82025,,221437.69,2025-04-01
139451918,72025,,376000.0,2025-04-01
139438117,52025,,601000.0,2025-04-01
139469056,52025,,705000.0,2025-04-01
139464547,42025,,105000.0,2025-04-01
139443813,22026,,274764.6,2025-04-01
139466293,72025,,72000.0,2025-04-01
139436003,12026,,155071.25,2025-04-01
139463731,12026,,485927.39,2025-04-01
139438790,12025,,460000.0,2025-04-01
139436037,62025,,305000.0,2025-04-01
139444471,32026,,161402.71,2025-04-01
139439328,12026,,176479.5,2025-04-01
139445107,32026,,172125.07,2025-04-01
139440288,92025,,512461.66,2025-04-01
139453240,12026,,193655.38,2025-04-01
139456150,12025,,183000.0,2025-04-01
139438156,62025,,182000.0,2025-04-01
139458134,82025,,0.0,2025-04-01
139453565,42025,,281000.0,2025-04-01
139466673,12025,,445000.0,2025-04-01
139443446,62025,,240000.0,2025-04-01
139447013,12026,,158658.56,2025-04-01
139441638,42025,,296000.0,2025-04-01
139452095,72025,,582000.0,2025-04-01
139443705,12025,,217000.0,2025-04-01
139454908,52025,,221000.0,2025-04-01
139462316,72025,,278058.24,2025-04-01
139468811,102025,,353204.7,2025-04-01
139457548,62025,,538000.0,2025-04-01
139455105,62025,,269000.0,2025-04-01
139440984,22025,,388000.0,2025-04-01
139460775,42025,,411000.0,2025-04-01
139436647,12026,,94162.11,2025-04-01
139452568,52025,,241000.0,2025-04-01
139447735,32025,,319000.0,2025-04-01
139461423,62025,,404000.0,2025-04-01
139459462,22025,,119000.0,2025-04-01
139463056,62025,,244000.0,2025-04-01
139467106,102025,,532840.02,2025-04-01
139451262,92025,,288992.93,2025-04-01
139438548,22025,,184000.0,2025-04-01
139449429,82025,,187544.84,2025-04-01
139461319,12026,,255103.06,2025-04-01
139469288,122025,,123947.04,2025-04-01
139451708,32025,,286000.0,2025-04-01
139448707,92025,,462605.32,2025-04-01
139454152,62025,,344000.0,2025-04-01
139464977,12026,,280085.66,2025-04-01
139453411,62025,,70000.0,2025-04-01
139437012,42025,,230000.0,2025-04-01
139449882,12025,,88000.0,2025-04-01
139457304,22026,,347532.72,2025-04-01
139451568,82025,,394505.71,2025-04-01
139461128,62025,,304000.0,2025-04-01
139465058,32026,,612610.76,2025-04-01
139437525,42025,,800000.0,2025-04-01
139451379,22025,,349000.0,2025-04-01
139445700,42025,,295000.0,2025-04-01
139465505,92025,,364823.45,2025-04-01
139462668,42025,,383000.0,2025-04-01
139458812,12025,,399000.0,2025-04-01
139449570,112025,,682817.59,2025-04-01
139460457,72025,,246000.0,2025-04-01
139459469,12026,,388497.63,2025-04-01
139468530,72025,,342000.0,2025-04-01
139451162,102025,,472471.48,2025-04-01
139449490,92025,,487067.97,2025-04-01
139455240,32025,,229000.0,2025-04-01
139442001,22026,,206448.1,2025-04-01
139436651,32026,,95929.86,2025-04-01
139450648,22025,,150000.0,2025-04-01
139446907,112025,,397966.71,2025-04-01
139448314,52025,,246000.0,2025-04-01
139446082,22025,,611000.0,2025-04-01
139444531,72025,,299000.0,2025-04-01
139442769,122025,,514114.65,2025-04-01
139466374,22026,,368950.09,2025-04-01
139450401,22026,,328462.81,2025-04-01
139456999,82025,,456689.79,2025-04-01
139448410,52025,,273000.0,2025-04-01
139459730,22026,,220355.05,2025-04-01
139453337,22025,,218000.0,2025-04-01
139463843,32026,,109639.02,2025-04-01
139456734,22026,,274209.63,2025-04-01
139464506,72025,,416997.64,2025-04-01
139459605,72025,,279000.0,2025-04-01
139465721,82025,,75000.0,2025-04-01
139451773,102025,,567366.17,2025-04-01
139449934,62025,,71000.0,2025-04-01
139458343,82025,,227899.3,2025-04-01
139454479,82025,,466000.0,2025-04-01
139437482,32026,,229450.31,2025-04-01
139468719,122025,,277116.11,2025-04-01
139459411,12026,,331219.93,2025-04-01
139436669,122025,,504806.19,2025-04-01
139446592,32025,,393000.0,2025-04-01
139445316,42025,,585000.0,2025-04-01
139436891,22026,,211517.85,2025-04-01
139467814,102025,,296226.98,2025-04-01
139446954,102025,,118914.61,2025-04-01
139459198,12025,,247000.0,2025-04-01
139443871,102025,,777065.52,2025-04-01
139451976,22025,,516000.0,2025-04-01
139437570,52025,,159000.0,2025-04-01
139448940,52025,,252000.0,2025-04-01
139468824,12025,,52000.0,2025-04-01
139453188,72025,,283000.0,2025-04-01
139447254,12026,,718829.3,2025-04-01
139468301,122025,,157181.32,2025-04-01
139462876,92025,,584218.45,2025-04-01
139443543,32025,,520000.0,2025-04-01
139458381,72025,,224000.0,2025-04-01
139457901,92025,,153573.12,2025-04-01
139469175,22025,,182000.0,2025-04-01
139459753,42025,,269000.0,2025-04-01
139469805,22025,,691000.0,2025-04-01
139465675,22025,,397000.0,2025-04-01
139447603,122025,,493793.39,2025-04-01
139468164,102025,,246603.01,2025-04-01
139449938,22025,,707000.0,2025-04-01
139440167,22025,,300000.0,2025-04-01
139459588,12025,,226000.0,2025-04-01
139436715,102025,,191433.11,2025-04-01
139446491,12025,,100000.0,2025-04-01
139456353,52025,,85000.0,2025-04-01
139465822,22025,,285000.0,2025-04-01
139459385,102025,,420441.03,2025-04-01
139443995,12026,,207406.54,2025-04-01
139442565,112025,,632460.96,2025-04-01
139457175,22026,,299590.99,2025-04-01
139455415,72025,,447241.73,2025-04-01
139437960,92025,,428755.35,2025-04-01
139452226,62025,,222000.0,2025-04-01
139464399,62025,,136000.0,2025-04-01
139436516,42025,,50000.0,2025-04-01
139443366,82025,,148662.81,2025-04-01
139436689,12025,,361000.0,2025-04-01
139436150,42025,,289000.0,2025-04-01
139451089,72025,,290000.0,2025-04-01
139461130,32026,,276937.67,2025-04-01
139449030,102025,,105449.83,2025-04-01
139443914,12025,,260000.0,2025-04-01
139450327,32025,,237000.0,2025-04-01
139455914,42025,,98000.0,2025-04-01
139447174,42025,,622000.0,2025-04-01
139453588,92025,,244495.71,2025-04-01
139463044,12026,,118398.3,2025-04-01
139448308,22025,,199000.0,2025-04-01
139449007,12026,,79262.56,2025-04-01
139454739,72025,,730000.0,2025-04-01
139457507,122025,,128958.67,2025-04-01
139466505,82025,,194000.0,2025-04-01
139469278,82025,,243000.0,2025-04-01
139446732,32025,,186000.0,2025-04-01
139452465,12025,,157000.0,2025-04-01
139457593,42025,,320000.0,2025-04-01
139455887,62025,,314993.68,2025-04-01
139460980,32026,,303865.34,2025-04-01
139444179,92025,,56049.01,2025-04-01
139437557,62025,,428000.0,2025-04-01
139450128,52025,,43000.0,2025-04-01
139451580,82025,,705073.54,2025-04-01
139468877,42025,,410000.0,2025-04-01
139463839,12025,,275000.0,2025-04-01
139441616,72025,,224000.0,2025-04-01
139465771,52025,,299000.0,2025-04-01
139444037,12026,,240327.33,2025-04-01
139448043,72025,,174619.6,2025-04-01
139445578,92025,,149413.03,2025-04-01
139468124,122025,,395422.0,2025-04-01
139468812,122025,,33064.51,2025-04-01
139450386,22026,,483636.71,2025-04-01
139449847,52025,,228000.0,2025-04-01
139457409,112025,,600839.85,2025-04-01
139454910,102025,,117042.03,2025-04-01
139449860,32026,,150144.12,2025-04-01
139440593,12025,,160000.0,2025-04-01
139462897,22026,,167013.59,2025-04-01
139439423,92025,,89199.56,2025-04-01
139441259,112025,,30408.57,2025-04-01
139457502,82025,,218776.65,2025-04-01
139440356,122025,,191707.25,2025-04-01
139443064,52025,,212000.0,2025-04-01
139454459,22025,,464000.0,2025-04-01
139464643,32026,,351091.88,2025-04-01
139463125,102025,,374707.05,2025-04-01
139458308,102025,,281198.55,2025-04-01
139450219,122025,,340133.04,2025-04-01
139444274,82025,,182167.95,2025-04-01
139441354,82025,,99189.52,2025-04-01
139460001,112025,,534471.96,2025-04-01
139439489,32025,,192000.0,2025-04-01
139452837,122025,,265999.42,2025-04-01
139455724,112025,,91470.82,2025-04-01
139454981,72025,,233000.0,2025-04-01
139443389,42025,,800000.0,2025-04-01
139468891,102025,,188520.29,2025-04-01
139452941,32026,,393513.97,2025-04-01
139435510,22026,,503281.29,2025-04-01
139441710,12026,,539851.91,2025-04-01
139456669,22026,,737417.65,2025-04-01
139464537,102025,,404039.56,2025-04-01
139439169,32026,,457411.54,2025-04-01
139450631,52025,,222000.0,2025-04-01
139459454,62025,,672000.0,2025-04-01
139441788,102025,,124686.67,2025-04-01
139467818,82025,,89264.55,2025-04-01
139441859,102025,,166725.26,2025-04-01
139446395,72025,,362000.0,2025-04-01
139459745,22025,,120000.0,2025-04-01
139447309,112025,,197862.17,2025-04-01
139438184,112025,,198190.97,2025-04-01
139442333,62025,,268000.0,2025-04-01
139445475,72025,,131000.0,2025-04-01
139460297,12025,,374000.0,2025-04-01
139468922,112025,,226878.57,2025-04-01
139442363,72025,,215000.0,2025-04-01
139438102,62025,,211000.0,2025-04-01
139447713,22026,,377416.48,2025-04-01
139466955,12025,,210000.0,2025-04-01
139444754,32025,,798000.0,2025-04-01
139447602,42025,,115000.0,2025-04-01
139436829,122025,,0.0,2025-04-01
139442601,12025,,420000.0,2025-04-01
139452284,72025,,371000.0,2025-04-01
139436406,82025,,265913.95,2025-04-01
139446242,12026,,291438.9,2025-04-01
139436917,32026,,421516.65,2025-04-01
139459187,12025,,150000.0,2025-04-01
139469098,32026,,305042.62,2025-04-01
139437724,92025,,148867.74,2025-04-01
139468013,102025,,130764.78,2025-04-01
139467796,32025,,101000.0,2025-04-01
139441474,22025,,299000.0,2025-04-01
139438147,12025,,602000.0,2025-04-01
139439797,22026,,403772.59,2025-04-01
139465536,12025,,274000.0,2025-04-01
139465958,22026,,383809.18,2025-04-01
139448349,62025,,504000.0,2025-04-01
139446010,12026,,288901.29,2025-04-01
139459418,52025,,338000.0,2025-04-01
139452224,62025,,92000.0,2025-04-01
139436748,82025,,104385.71,2025-04-01
139462206,42025,,399000.0,2025-04-01
139466527,122025,,242496.58,2025-04-01
139449073,102025,,199841.85,2025-04-01
139457714,122025,,201471.71,2025-04-01
139453478,82025,,411000.0,2025-04-01
139464936,102025,,172047.99,2025-04-01
139461122,12026,,357406.56,2025-04-01
139467664,62025,,369000.0,2025-04-01
139439040,32025,,256000.0,2025-04-01
139437517,32026,,271092.26,2025-04-01
139442118,12025,,215000.0,2025-04-01
139462327,22026,,328934.17,2025-04-01
139455307,52025,,167000.0,2025-04-01
139459592,12026,,122979.8,2025-04-01
139453344,42025,,192000.0,2025-04-01
139440177,92025,,61972.13,2025-04-01
139444021,22026,,383377.67,2025-04-01
139443550,102025,,206360.48,2025-04-01
139436778,52025,,494000.0,2025-04-01
139460033,62025,,518000.0,2025-04-01
139458250,122025,,448997.69,2025-04-01
139452460,92025,,683049.06,2025-04-01
139465786,112025,,292358.25,2025-04-01
139460403,92025,,0.0,2025-04-01
139439764,32026,,442812.69,2025-04-01
139445395,22025,,208000.0,2025-04-01
139466114,82025,,236973.66,2025-04-01
139449408,62025,,99000.0,2025-04-01
139459557,22026,,394734.07,2025-04-01
139457651,42025,,267000.0,2025-04-01
139470247,12025,,759000.0,2025-04-01
139464200,102025,,443746.63,2025-04-01
139445910,52025,,136000.0,2025-04-01
139455220,92025,,246351.39,2025-04-01
139458416,102025,,212273.26,2025-04-01
139442807,52025,,462000.0,2025-04-01
139446551,32025,,987000.0,2025-04-01
139442128,72025,,430000.0,2025-04-01
139460281,72025,,194000.0,2025-04-01
139457834,12026,,261782.41,2025-04-01
139451154,122025,,77896.42,2025-04-01
139447531,12026,,791286.51,2025-04-01
139439858,12026,,249630.86,2025-04-01
139451953,122025,,204424.39,2025-04-01
139445899,112025,,277980.62,2025-04-01
139455192,12025,,201000.0,2025-04-01
139463130,22025,,212000.0,2025-04-01
139457434,12025,,583000.0,2025-04-01
139455563,52025,,283000.0,2025-04-01
139464004,102025,,182395.65,2025-04-01
139460882,72025,,60000.0,2025-04-01
139451316,62025,,279000.0,2025-04-01
139466256,42025,,137000.0,2025-04-01
139437797,112025,,214268.34,2025-04-01
139451036,92025,,564796.97,2025-04-01
139435851,122025,,430250.2,2025-04-01
139461016,82025,,392891.18,2025-04-01
139449273,82025,,63400.21,2025-04-01
139444756,122025,,348403.28,2025-04-01
139436305,32026,,26383.02,2025-04-01
139467505,62025,,523000.0,2025-04-01
139443914,122025,,257864.35,2025-04-01
139436238,12025,,220000.0,2025-04-01
139463927,22026,,419848.92,2025-04-01
139465028,12026,,301455.83,2025-04-01
139445437,32025,,160000.0,2025-04-01
139458508,12025,,176000.0,2025-04-01
139463388,112025,,366621.15,2025-04-01
139442423,12026,,480996.86,2025-04-01
139444513,52025,,217000.0,2025-04-01
139435595,32026,,123395.63,2025-04-01
139452471,102025,,70446.5,2025-04-01
139441763,12025,,192000.0,2025-04-01
139435920,12026,,537099.57,2025-04-01
139458798,112025,,252328.64,2025-04-01
139437287,12026,,75646.38,2025-04-01
139447407,52025,,110000.0,2025-04-01
139438821,112025,,391141.37,2025-04-01
139450607,52025,,348000.0,2025-04-01
139456791,52025,,284000.0,2025-04-01
139444915,52025,,80000.0,2025-04-01
139459950,102025,,330717.16,2025-04-01
139441454,122025,,253146.27,2025-04-01
139457183,32026,,256101.18,2025-04-01
139449697,22026,,37745.3,2025-04-01
139440252,82025,,177247.34,2025-04-01
139461876,22025,,276000.0,2025-04-01
139447521,122025,,444903.59,2025-04-01
139464486,22025,,232000.0,2025-04-01
139435736,102025,,173562.53,2025-04-01
139446915,112025,,685740.74,2025-04-01
139467150,12026,,75924.32,2025-04-01
139438911,52025,,312000.0,2025-04-01
139447008,62025,,199000.0,2025-04-01
139464731,72025,,276000.0,2025-04-01
139452957,22025,,306000.0,2025-04-01
139461143,22026,,476514.17,2025-04-01
139459096,22026,,488251.77,2025-04-01
139449574,62025,,799000.0,2025-04-01
139439016,82025,,0.0,2025-04-01
139454944,72025,,466000.0,2025-04-01
139462479,62025,,358000.0,2025-04-01
139445207,52025,,141000.0,2025-04-01
139459558,22025,,274000.0,2025-04-01
139469571,92025,,391308.34,2025-04-01
139447387,82025,,361000.0,2025-04-01
139439841,32025,,130000.0,2025-04-01
139439199,82025,,99226.32,2025-04-01
139455637,12026,,295658.05,2025-04-01
139450137,92025,,412938.79,2025-04-01
139439875,12026,,280841.11,2025-04-01
139451393,22026,,615872.78,2025-04-01
139445350,32026,,673175.2,2025-04-01
139458538,72025,,267000.0,2025-04-01
139464309,22026,,269469.14,2025-04-01
139453903,112025,,110805.04,2025-04-01
139436830,32026,,314476.39,2025-04-01
139439430,62025,,437000.0,2025-04-01
139449485,32025,,349000.0,2025-04-01
139460019,72025,,604000.0,2025-04-01
139447367,62025,,95000.0,2025-04-01
139467317,62025,,158000.0,2025-04-01
139454088,52025,,710000.0,2025-04-01
139440873,92025,,223419.35,2025-04-01
139442753,12026,,167886.57,2025-04-01
139463798,22025,,144000.0,2025-04-01
139451257,22026,,75910.69,2025-04-01
139452975,12025,,370000.0,2025-04-01
139462458,92025,,136981.83,2025-04-01
139442603,22026,,305759.1,2025-04-01
139462836,32025,,349000.0,2025-04-01
139454623,22025,,147000.0,2025-04-01
139465823,12025,,174000.0,2025-04-01
139456449,52025,,229000.0,2025-04-01
139443909,122025,,753757.41,2025-04-01
139468962,12025,,376000.0,2025-04-01
139452721,22026,,607532.77,2025-04-01
139464602,22026,,508647.38,2025-04-01
139457772,92025,,628309.83,2025-04-01
139457941,22025,,270000.0,2025-04-01
139447910,12025,,180000.0,2025-04-01
139451457,12026,,280900.22,2025-04-01
139462922,32025,,374000.0,2025-04-01
139455720,22026,,791928.2,2025-04-01
139450326,12026,,278336.76,2025-04-01
139447569,32026,,320252.45,2025-04-01
139439191,32026,,263275.19,2025-04-01
139442190,92025,,125914.61,2025-04-01
139459258,22025,,1001000.0,2025-04-01
139446586,62025,,248000.0,2025-04-01
139452611,42025,,336000.0,2025-04-01
139452557,32026,,330063.78,2025-04-01
139439980,62025,,486000.0,2025-04-01
139442000,82025,,194889.26,2025-04-01
139470259,32025,,209000.0,2025-04-01
139435882,12025,,249000.0,2025-04-01
139464659,22025,,332000.0,2025-04-01
139445313,22025,,350000.0,2025-04-01
139447806,72025,,239000.0,2025-04-01
139439240,22025,,199000.0,2025-04-01
139441418,22025,,88000.0,2025-04-01
139461132,102025,,702621.66,2025-04-01
139445067,102025,,796296.33,2025-04-01
139464338,112025,,255899.63,2025-04-01
139437169,52025,,280000.0,2025-04-01
139437173,112025,,161384.85,2025-04-01
139437484,12025,,375000.0,2025-04-01
139437046,82025,,461000.0,2025-04-01
139453538,122025,,153267.25,2025-04-01
139458323,122025,,208497.95,2025-04-01
139442462,52025,,286000.0,2025-04-01
139465806,72025,,313000.0,2025-04-01
139444001,112025,,351382.52,2025-04-01
139467614,122025,,171544.16,2025-04-01
139442600,102025,,196494.95,2025-04-01
139467629,22025,,433000.0,2025-04-01
139457100,62025,,181000.0,2025-04-01
139460235,12026,,213858.06,2025-04-01
139441980,82025,,758536.01,2025-04-01
139457434,82025,,579242.11,2025-04-01
139467531,72025,,511000.0,2025-04-01
139449793,12026,,780762.69,2025-04-01
139450990,82025,,290618.3,2025-04-01
139437808,102025,,162459.47,2025-04-01
139457553,12025,,155000.0,2025-04-01
139465974,122025,,436057.78,2025-04-01
139440645,22026,,357444.34,2025-04-01
139458678,52025,,159000.0,2025-04-01
139441747,62025,,266000.0,2025-04-01
139443141,22025,,145000.0,2025-04-01
139466902,122025,,156724.28,2025-04-01
139435590,12025,,311000.0,2025-04-01
139443036,112025,,336136.09,2025-04-01
139444876,92025,,795035.62,2025-04-01
139441843,22026,,233031.1,2025-04-01
139441975,32025,,444000.0,2025-04-01
139442975,12026,,507753.95,2025-04-01
139444179,22026,,52162.47,2025-04-01
139447355,62025,,253000.0,2025-04-01
139462709,82025,,222000.0,2025-04-01
139445066,22025,,177000.0,2025-04-01
139462617,22025,,210000.0,2025-04-01
139440575,112025,,438720.53,2025-04-01
139462801,12025,,203000.0,2025-04-01
139443498,22026,,274789.44,2025-04-01
139449864,32026,,110531.45,2025-04-01
139453766,22026,,559388.5,2025-04-01
139458600,32025,,633000.0,2025-04-01
139450289,72025,,191000.0,2025-04-01
139446036,62025,,574000.0,2025-04-01
139436957,52025,,630000.0,2025-04-01
139452827,22025,,760000.0,2025-04-01
139442074,122025,,55550.82,2025-04-01
139450673,22026,,121777.92,2025-04-01
139447831,22026,,290718.91,2025-04-01
139445627,102025,,173429.09,2025-04-01
139455583,72025,,225000.0,2025-04-01
139445797,12026,,376045.96,2025-04-01
139443967,62025,,299000.0,2025-04-01
139450252,72025,,518000.0,2025-04-01
139469135,32025,,331000.0,2025-04-01
139466431,102025,,311544.99,2025-04-01
139466587,102025,,710165.62,2025-04-01
139469180,82025,,262977.96,2025-04-01
139439586,12026,,735027.94,2025-04-01
139462696,22025,,100000.0,2025-04-01
139444948,112025,,505865.31,2025-04-01
139437319,102025,,195074.43,2025-04-01
139441538,92025,,431351.79,2025-04-01
139469307,62025,,235000.0,2025-04-01
139461348,32025,,138000.0,2025-04-01
139458532,62025,,469000.0,2025-04-01
139467170,22025,,286000.0,2025-04-01
139460075,52025,,276000.0,2025-04-01
139452611,52025,,336000.0,2025-04-01
139436788,82025,,358638.35,2025-04-01
139463531,42025,,407000.0,2025-04-01
139437861,22026,,278967.45,2025-04-01
139458289,62025,,345074.03,2025-04-01
139459738,12025,,170000.0,2025-04-01
139463165,32026,,268743.56,2025-04-01
139447652,42025,,466000.0,2025-04-01
139463037,92025,,479198.03,2025-04-01
139457077,22026,,356018.91,2025-04-01
139468825,32026,,250149.5,2025-04-01
139463409,22026,,436261.55,2025-04-01
139442122,12025,,457000.0,2025-04-01
139466241,22025,,210000.0,2025-04-01
139453812,92025,,306651.11,2025-04-01
139464011,32026,,108651.49,2025-04-01
139469166,12026,,730926.3,2025-04-01
139460980,42025,,307000.0,2025-04-01
139468263,32025,,196000.0,2025-04-01
139466688,62025,,146000.0,2025-04-01
139449461,22026,,178359.64,2025-04-01
139438127,62025,,223000.0,2025-04-01
139455723,12025,,150000.0,2025-04-01
139469662,12025,,507000.0,2025-04-01
139447765,52025,,202000.0,2025-04-01
139462603,62025,,443000.0,2025-04-01
139461961,12026,,316829.71,2025-04-01
139445821,12025,,176000.0,2025-04-01
139445340,12026,,297417.87,2025-04-01
139436135,32025,,301000.0,2025-04-01
139460309,102025,,609015.47,2025-04-01
139460250,122025,,254870.46,2025-04-01
139442446,42025,,91000.0,2025-04-01
139451307,102025,,416160.86,2025-04-01
139446445,62025,,905000.0,2025-04-01
139460961,32026,,99787.87,2025-04-01
139446886,52025,,376000.0,2025-04-01
139466570,62025,,572000.0,2025-04-01
139460542,102025,,367325.23,2025-04-01
139444327,42025,,408000.0,2025-04-01
139461401,32026,,162987.09,2025-04-01
139469568,72025,,393000.0,2025-04-01
139449254,82025,,284000.0,2025-04-01
139467731,112025,,218942.26,2025-04-01
139448042,122025,,115294.51,2025-04-01
139459060,82025,,235448.06,2025-04-01
139457119,122025,,102864.92,2025-04-01
139463467,42025,,209000.0,2025-04-01
139469583,62025,,625000.0,2025-04-01
139435543,32025,,121000.0,2025-04-01
139443614,22026,,56395.93,2025-04-01
139451241,22026,,126683.83,2025-04-01
139443893,112025,,22101.23,2025-04-01
139456256,32026,,111557.75,2025-04-01
139462632,82025,,400000.76,2025-04-01
139464660,72025,,134000.0,2025-04-01
139450759,12026,,789944.5,2025-04-01
139435932,12026,,408761.75,2025-04-01
139451987,42025,,93000.0,2025-04-01
139446565,82025,,749000.0,2025-04-01
139462983,92025,,240884.85,2025-04-01
139454125,12026,,197394.1,2025-04-01
139458586,22025,,132000.0,2025-04-01
139466133,32025,,25000.0,2025-04-01
139468755,12025,,450000.0,2025-04-01
139441702,92025,,210292.49,2025-04-01
139470219,52025,,930000.0,2025-04-01
139468169,112025,,225250.55,2025-04-01
139438696,112025,,400032.49,2025-04-01
139453467,102025,,388004.57,2025-04-01
139468665,42025,,100000.0,2025-04-01
139450942,42025,,654000.0,2025-04-01
139443942,72025,,285000.0,2025-04-01
139440712,32026,,84016.86,2025-04-01
139452918,12026,,289411.83,2025-04-01
139453321,82025,,276336.69,2025-04-01
139462228,12025,,75000.0,2025-04-01
139455728,22025,,152000.0,2025-04-01
139460412,32025,,80000.0,2025-04-01
139443951,12026,,416959.3,2025-04-01
139443265,102025,,64546.18,2025-04-01
139440172,72025,,576506.49,2025-04-01
139452898,42025,,373000.0,2025-04-01
139463076,22025,,377000.0,2025-04-01
139457152,12026,,375852.27,2025-04-01
139463080,22025,,150000.0,2025-04-01
139452443,122025,,456647.85,2025-04-01
139447593,12026,,74420.27,2025-04-01
139449207,72025,,113000.0,2025-04-01
139445254,72025,,197012.0,2025-04-01
139459711,112025,,586969.88,2025-04-01
139461255,102025,,363265.16,2025-04-01
139447666,22026,,212816.87,2025-04-01
139447896,62025,,364000.0,2025-04-01
139464474,102025,,229692.57,2025-04-01
139451056,32026,,110830.1,2025-04-01
139447182,122025,,384263.98,2025-04-01
139449314,92025,,332877.68,2025-04-01
139465317,52025,,257000.0,2025-04-01
139452498,92025,,501027.61,2025-04-01
139455021,92025,,292712.75,2025-04-01
139457868,12026,,196722.47,2025-04-01
139441417,82025,,262705.26,2025-04-01
139462077,62025,,260000.0,2025-04-01
139458049,72025,,130005.78,2025-04-01
139438805,22025,,37000.0,2025-04-01
139435823,12026,,128796.89,2025-04-01
139444247,102025,,265771.61,2025-04-01
139447530,82025,,532372.44,2025-04-01
139458810,72025,,278000.0,2025-04-01
139454270,22026,,151636.36,2025-04-01
139464423,22026,,555251.14,2025-04-01
139459082,102025,,362982.56,2025-04-01
139437990,112025,,787067.97,2025-04-01
139442576,82025,,287378.33,2025-04-01
139467618,72025,,281000.0,2025-04-01
139438815,32026,,560027.91,2025-04-01
139444565,72025,,93000.0,2025-04-01
139446539,32026,,293907.06,2025-04-01
139467943,72025,,316000.0,2025-04-01
139459826,32025,,147000.0,2025-04-01
139465768,32025,,355000.0,2025-04-01
139442412,22026,,246161.53,2025-04-01
139460508,122025,,515761.33,2025-04-01
139461139,32026,,227481.3,2025-04-01
139446195,72025,,350000.0,2025-04-01
139448538,42025,,346000.0,2025-04-01
139467754,102025,,413526.17,2025-04-01
139451532,72025,,797000.0,2025-04-01
139443376,32025,,619000.0,2025-04-01
139469519,12025,,250000.0,2025-04-01
139444849,62025,,680000.0,2025-04-01
139456243,42025,,449000.0,2025-04-01
139455840,22025,,339000.0,2025-04-01
139438217,62025,,752000.0,2025-04-01
139453654,122025,,157495.05,2025-04-01
139438594,62025,,150000.0,2025-04-01
139440910,42025,,610000.0,2025-04-01
139449150,22026,,257877.22,2025-04-01
139463080,122025,,146623.51,2025-04-01
139467824,112025,,688423.34,2025-04-01
139459220,32025,,474000.0,2025-04-01
139457709,92025,,323090.17,2025-04-01
139437127,52025,,240000.0,2025-04-01
139462190,12026,,247398.71,2025-04-01
139441369,62025,,65143.35,2025-04-01
139465828,72025,,108000.0,2025-04-01
139437864,22026,,147042.47,2025-04-01
139437282,92025,,170522.48,2025-04-01
139462302,12025,,225000.0,2025-04-01
139441034,32025,,299000.0,2025-04-01
139469142,22026,,379307.39,2025-04-01
139470102,112025,,0.0,2025-04-01
139437383,62025,,764000.0,2025-04-01
139442527,22026,,238997.9,2025-04-01
139438880,32026,,214106.35,2025-04-01
139447755,12025,,596000.0,2025-04-01
139454281,122025,,257440.08,2025-04-01
139461459,92025,,517465.25,2025-04-01
139437338,82025,,116203.35,2025-04-01
139461527,12026,,264014.08,2025-04-01
139437982,122025,,342676.99,2025-04-01
139469479,32026,,108455.76,2025-04-01
139443172,92025,,93612.3,2025-04-01
139444484,92025,,73026.97,2025-04-01
139451854,92025,,322771.37,2025-04-01
139459263,92025,,279533.7,2025-04-01
139441696,22025,,252000.0,2025-04-01
139462563,62025,,622000.0,2025-04-01
139443557,52025,,313000.0,2025-04-01
139443666,82025,,347415.28,2025-04-01
139435961,22025,,299000.0,2025-04-01
139444229,52025,,442000.0,2025-04-01
139453331,12026,,357562.38,2025-04-01
139456667,122025,,466136.93,2025-04-01
139450597,62025,,267000.0,2025-04-01
139447892,32026,,63110.19,2025-04-01
139462904,72025,,111000.0,2025-04-01
139451021,112025,,201204.71,2025-04-01
139466289,22026,,282527.39,2025-04-01
139457480,22025,,205000.0,2025-04-01
139450276,12025,,659000.0,2025-04-01
139450781,32026,,228185.08,2025-04-01
139452496,122025,,222907.02,2025-04-01
139450342,122025,,295362.83,2025-04-01
139453917,62025,,209000.0,2025-04-01
139436228,102025,,430833.3,2025-04-01
139443558,82025,,97575.46,2025-04-01
139455700,122025,,178824.21,2025-04-01
139458850,72025,,215000.0,2025-04-01
139441769,102025,,354597.77,2025-04-01
139455490,12025,,162000.0,2025-04-01
139446495,112025,,742199.71,2025-04-01
139456259,82025,,456607.58,2025-04-01
139454226,72025,,695000.0,2025-04-01
139446804,62025,,223000.0,2025-04-01
139455963,12026,,488929.01,2025-04-01
139468236,92025,,516512.88,2025-04-01
139463761,32025,,203000.0,2025-04-01
139449739,32025,,225000.0,2025-04-01
139461768,32025,,445000.0,2025-04-01
139464958,12026,,690561.13,2025-04-01
139453971,62025,,483000.0,2025-04-01
139445757,52025,,193000.0,2025-04-01
139437041,92025,,257990.11,2025-04-01
139451555,32025,,190000.0,2025-04-01
139459946,122025,,416222.03,2025-04-01
139438813,112025,,227869.3,2025-04-01
139441443,122025,,142607.75,2025-04-01
139460987,22025,,212000.0,2025-04-01
139459512,22025,,79000.0,2025-04-01
139465747,12026,,153758.69,2025-04-01
139465836,42025,,199000.0,2025-04-01
139442788,32025,,800000.0,2025-04-01
139444878,22026,,201108.53,2025-04-01
139437447,22025,,581000.0,2025-04-01
139453171,82025,,350000.0,2025-04-01
139453503,22026,,279682.71,2025-04-01
139457415,42025,,180000.0,2025-04-01
139456143,32025,,416000.0,2025-04-01
139451327,22025,,258000.0,2025-04-01
139455700,82025,,179446.02,2025-04-01
139466632,32026,,129296.11,2025-04-01
139466287,42025,,114000.0,2025-04-01
139465489,92025,,87924.87,2025-04-01
139465547,32026,,604333.61,2025-04-01
139461143,92025,,479071.93,2025-04-01
139445986,102025,,282538.19,2025-04-01
139447985,22025,,209000.0,2025-04-01
139436063,92025,,899316.22,2025-04-01
139461787,122025,,39619.59,2025-04-01
139445051,102025,,112675.24,2025-04-01
139455171,72025,,313015.71,2025-04-01
139470169,32026,,221132.12,2025-04-01
139447896,112025,,362052.22,2025-04-01
139462138,22026,,144027.68,2025-04-01
139458094,92025,,297893.16,2025-04-01
139466698,122025,,691320.34,2025-04-01
139438850,32026,,314664.61,2025-04-01
139456487,32026,,185260.55,2025-04-01
139468490,22025,,194000.0,2025-04-01
139462759,102025,,579570.64,2025-04-01
139464719,22025,,509000.0,2025-04-01
139439101,12025,,531000.0,2025-04-01
139458477,92025,,235643.62,2025-04-01
139445947,52025,,238000.0,2025-04-01
139444766,32025,,125000.0,2025-04-01
139456817,12026,,141902.44,2025-04-01
139468376,22025,,167000.0,2025-04-01
139444597,122025,,360027.03,2025-04-01
139462011,32025,,131000.0,2025-04-01
139439844,82025,,73013.43,2025-04-01
139441866,42025,,206000.0,2025-04-01
139460045,92025,,110620.71,2025-04-01
139443801,12026,,726908.86,2025-04-01
139465451,52025,,133000.0,2025-04-01
139441757,102025,,389965.2,2025-04-01
139468058,32026,,618966.31,2025-04-01
139460896,22025,,280000.0,2025-04-01
139451465,42025,,363000.0,2025-04-01
139445756,12026,,263014.73,2025-04-01
139452075,102025,,246848.16,2025-04-01
139456438,12026,,186904.0,2025-04-01
139454780,22025,,409000.0,2025-04-01
139463997,12025,,209000.0,2025-04-01
139440320,92025,,223545.37,2025-04-01
139461637,92025,,159911.34,2025-04-01
139458875,122025,,254076.25,2025-04-01
139467999,52025,,398000.0,2025-04-01
139441553,122025,,269362.01,2025-04-01
139454343,52025,,340000.0,2025-04-01
139445955,22026,,590159.11,2025-04-01
139463048,22025,,326000.0,2025-04-01
139458532,72025,,469000.0,2025-04-01
139438220,62025,,339000.0,2025-04-01
139436597,82025,,477607.09,2025-04-01
139460169,32026,,189655.76,2025-04-01
139461393,92025,,0.0,2025-04-01
139455849,22025,,486000.0,2025-04-01
139445203,52025,,511000.0,2025-04-01
139436081,12026,,324314.21,2025-04-01
139447312,42025,,153000.0,2025-04-01
139465625,42025,,212000.0,2025-04-01
139451292,72025,,386000.0,2025-04-01
139466263,82025,,252000.0,2025-04-01
139440265,72025,,600084.39,2025-04-01
139465006,12026,,268701.8,2025-04-01
139464418,102025,,163497.89,2025-04-01
139461633,62025,,123000.0,2025-04-01
139460343,82025,,52805.81,2025-04-01
139465024,12026,,69129.75,2025-04-01
139436103,52025,,178000.0,2025-04-01
139440683,32025,,765000.0,2025-04-01
139460157,122025,,494344.84,2025-04-01
139463656,52025,,423000.0,2025-04-01
139451525,72025,,382093.68,2025-04-01
139452887,22026,,208072.6,2025-04-01
139455212,62025,,155000.0,2025-04-01
139459058,62025,,368000.0,2025-04-01
139468183,122025,,79062.6,2025-04-01
139447585,122025,,404000.0,2025-04-01
139459940,92025,,0.0,2025-04-01
139439426,62025,,180000.0,2025-04-01
139445417,112025,,324785.41,2025-04-01
139448999,22025,,207000.0,2025-04-01
139464025,22025,,281000.0,2025-04-01
139445266,42025,,290000.0,2025-04-01
139438465,122025,,122733.04,2025-04-01
139460181,102025,,476840.26,2025-04-01
139466145,122025,,563400.3,2025-04-01
139438112,32026,,73803.47,2025-04-01
139458115,92025,,71651.89,2025-04-01
139446017,22025,,179000.0,2025-04-01
139440669,52025,,140000.0,2025-04-01
139439839,62025,,319000.0,2025-04-01
139463075,102025,,312503.51,2025-04-01
139437550,22025,,101000.0,2025-04-01
139455320,92025,,368638.24,2025-04-01
139440415,12026,,163023.7,2025-04-01
139451223,102025,,150633.41,2025-04-01
139455016,92025,,380373.63,2025-04-01
139446350,112025,,145872.93,2025-04-01
139447250,82025,,250326.82,2025-04-01
139438811,12025,,313000.0,2025-04-01
139441973,62025,,493000.0,2025-04-01
139467948,112025,,167019.56,2025-04-01
139466102,22026,,216597.34,2025-04-01
139445598,42025,,153000.0,2025-04-01
139444115,32026,,792869.54,2025-04-01
139457069,82025,,222843.24,2025-04-01
139438624,92025,,295388.28,2025-04-01
139460883,62025,,104000.0,2025-04-01
139450719,12026,,228596.33,2025-04-01
139456058,32025,,187000.0,2025-04-01
139467800,12026,,281211.64,2025-04-01
139467831,52025,,33000.0,2025-04-01
139443616,72025,,236000.0,2025-04-01
139464686,32026,,107029.7,2025-04-01
139441519,112025,,282318.64,2025-04-01
139459604,42025,,195000.0,2025-04-01
139456924,12025,,662000.0,2025-04-01
139469611,52025,,190000.0,2025-04-01
139435834,112025,,276892.13,2025-04-01
139469553,102025,,0.0,2025-04-01
139459141,12026,,148548.13,2025-04-01
139466897,62025,,132000.0,2025-04-01
139452530,112025,,263317.89,2025-04-01
139437867,62025,,803000.0,2025-04-01
139449484,42025,,478000.0,2025-04-01
139465226,92025,,507862.21,2025-04-01
139451114,12026,,454761.21,2025-04-01
139448893,122025,,306535.07,2025-04-01
139464743,72025,,379388.2,2025-04-01
139466076,32025,,710000.0,2025-04-01
139437974,72025,,206000.0,2025-04-01
139452198,32025,,199000.0,2025-04-01
139466264,112025,,434051.03,2025-04-01
139441648,122025,,501998.86,2025-04-01
139467598,32025,,100000.0,2025-04-01
139465530,52025,,233000.0,2025-04-01
139438014,112025,,244459.45,2025-04-01
139464808,32026,,122031.11,2025-04-01
139452401,82025,,224789.07,2025-04-01
139451188,12026,,414185.64,2025-04-01
139455368,42025,,198000.0,2025-04-01
139448541,72025,,385000.0,2025-04-01
139444837,62025,,304000.0,2025-04-01
139466101,62025,,264000.0,2025-04-01
139449808,72025,,150000.0,2025-04-01
139469679,22025,,260000.0,2025-04-01
139466506,12026,,158168.71,2025-04-01
139444607,122025,,207802.7,2025-04-01
139454899,62025,,776574.22,2025-04-01
139466601,82025,,112000.0,2025-04-01
139438605,62025,,199000.0,2025-04-01
139456737,122025,,395422.0,2025-04-01
139461123,102025,,366141.83,2025-04-01
139463737,42025,,181000.0,2025-04-01
139452129,72025,,243000.0,2025-04-01
139436605,32026,,0.0,2025-04-01
139440958,62025,,432000.0,2025-04-01
139460177,32025,,0.0,2025-04-01
139450741,22025,,398000.0,2025-04-01
139451518,92025,,100214.61,2025-04-01
139461255,92025,,363581.66,2025-04-01
139456632,12025,,445000.0,2025-04-01
139448216,82025,,283238.11,2025-04-01
139438388,22026,,196501.44,2025-04-01
139456174,102025,,138743.91,2025-04-01
139445501,62025,,349000.0,2025-04-01
139462046,52025,,792000.0,2025-04-01
139437662,82025,,48634.18,2025-04-01
139457869,42025,,185000.0,2025-04-01
139446122,52025,,256000.0,2025-04-01
139443430,92025,,153884.53,2025-04-01
139450173,92025,,547595.81,2025-04-01
139451669,32026,,412727.36,2025-04-01
139440691,22025,,227000.0,2025-04-01
139456080,122025,,538103.86,2025-04-01
139469644,102025,,217949.64,2025-04-01
139468025,112025,,424029.5,2025-04-01
139458916,12025,,193000.0,2025-04-01
139458568,42025,,412000.0,2025-04-01
139458785,82025,,260000.0,2025-04-01
139439951,72025,,199000.0,2025-04-01
139464915,122025,,0.0,2025-04-01
139455014,12025,,399000.0,2025-04-01
139468821,22025,,165000.0,2025-04-01
139458683,62025,,994000.0,2025-04-01
139470044,22025,,154000.0,2025-04-01
139465258,22025,,612000.0,2025-04-01
139461411,112025,,312349.15,2025-04-01
139449465,102025,,91147.29,2025-04-01
139464838,22025,,639000.0,2025-04-01
139457520,32025,,341000.0,2025-04-01
139439438,122025,,222105.92,2025-04-01
139468461,42025,,424000.0,2025-04-01
139443076,52025,,271000.0,2025-04-01
139462798,32026,,190252.82,2025-04-01
139463155,72025,,171000.0,2025-04-01
139449837,22025,,541000.0,2025-04-01
139463200,122025,,297096.2,2025-04-01
139448017,22025,,246000.0,2025-04-01
139437524,72025,,156000.0,2025-04-01
139461660,62025,,406000.0,2025-04-01
139451723,62025,,334000.0,2025-04-01
139440123,52025,,147000.0,2025-04-01
139464915,72025,,98000.0,2025-04-01
139459297,112025,,404559.89,2025-04-01
139464432,12025,,206000.0,2025-04-01
139437892,52025,,209000.0,2025-04-01
139459738,12026,,167369.43,2025-04-01
139452865,102025,,288026.56,2025-04-01
139447600,22026,,84559.35,2025-04-01
139452568,82025,,238180.99,2025-04-01
139438813,102025,,228087.59,2025-04-01
139457294,22025,,773000.0,2025-04-01
139448977,12025,,514000.0,2025-04-01
139452683,122025,,706595.89,2025-04-01
139443658,22026,,279143.44,2025-04-01
139437034,12025,,549000.0,2025-04-01
139460439,32025,,129000.0,2025-04-01
139462447,42025,,532000.0,2025-04-01
139437534,12026,,252069.17,2025-04-01
139436697,122025,,178912.8,2025-04-01
139443390,32025,,112000.0,2025-04-01
139456548,32026,,159038.05,2025-04-01
139442893,42025,,363000.0,2025-04-01
139454997,22026,,445023.76,2025-04-01
139445023,72025,,80622.25,2025-04-01
139455073,122025,,182882.67,2025-04-01
139446659,102025,,227069.06,2025-04-01
139459584,22025,,515000.0,2025-04-01
139435781,102025,,636621.39,2025-04-01
139454658,12025,,91000.0,2025-04-01
139446905,122025,,294741.67,2025-04-01
139460326,102025,,124100.89,2025-04-01
139455857,82025,,481670.32,2025-04-01
139448343,12025,,384000.0,2025-04-01
139464735,32025,,569000.0,2025-04-01
139445351,22025,,240000.0,2025-04-01
139458609,32025,,230000.0,2025-04-01
139436501,82025,,385341.29,2025-04-01
139446544,52025,,537000.0,2025-04-01
139448613,72025,,271000.0,2025-04-01
139460178,102025,,231347.33,2025-04-01
139443305,82025,,262000.0,2025-04-01
139451574,32025,,264000.0,2025-04-01
139447138,22025,,152000.0,2025-04-01
139438840,32026,,280317.64,2025-04-01
139446026,42025,,154000.0,2025-04-01
139445700,92025,,293721.03,2025-04-01
139454536,72025,,371000.0,2025-04-01
139454917,22025,,248000.0,2025-04-01
139450200,102025,,224710.68,2025-04-01
139457379,62025,,264000.0,2025-04-01
139454744,22025,,341000.0,2025-04-01
139461721,112025,,188177.35,2025-04-01
139447637,92025,,283543.24,2025-04-01
139440405,32026,,186547.65,2025-04-01
139442892,52025,,643000.0,2025-04-01
139446566,32026,,331359.84,2025-04-01
139465629,122025,,166869.88,2025-04-01
139445395,42025,,207000.0,2025-04-01
139456047,32026,,619320.53,2025-04-01
139439031,32025,,801000.0,2025-04-01
139451015,122025,,295323.52,2025-04-01
139451898,12026,,368866.3,2025-04-01
139462652,52025,,75000.0,2025-04-01
139447043,32026,,87247.36,2025-04-01
139436635,22025,,187000.0,2025-04-01
139441753,42025,,492000.0,2025-04-01
139455994,12025,,260000.0,2025-04-01
139462659,62025,,227000.0,2025-04-01
139466257,32026,,398507.56,2025-04-01
139436560,42025,,114000.0,2025-04-01
139445630,22026,,104199.06,2025-04-01
139464765,32025,,100000.0,2025-04-01
139450353,12025,,807000.0,2025-04-01
139454908,62025,,203000.0,2025-04-01
139440016,52025,,232000.0,2025-04-01
139465195,72025,,432000.0,2025-04-01
139457779,32026,,753128.79,2025-04-01
139440588,72025,,447000.0,2025-04-01
139444679,82025,,136192.2,2025-04-01
139445529,102025,,327073.51,2025-04-01
139452417,92025,,397427.28,2025-04-01
139456702,32025,,424000.0,2025-04-01
139445789,22026,,259826.88,2025-04-01
139466371,82025,,311205.95,2025-04-01
139447510,62025,,422000.0,2025-04-01
139440376,82025,,209296.46,2025-04-01
139452260,102025,,200687.38,2025-04-01
139437946,52025,,279000.0,2025-04-01
139460823,42025,,312000.0,2025-04-01
139464948,72025,,327000.0,2025-04-01
139467527,32026,,222049.81,2025-04-01
139466614,32025,,527000.0,2025-04-01
139450128,62025,,43000.0,2025-04-01
139445283,32026,,194500.0,2025-04-01
139465285,62025,,400933.85,2025-04-01
139436092,62025,,287000.0,2025-04-01
139460044,32025,,232000.0,2025-04-01
139458563,22025,,107000.0,2025-04-01
139454960,92025,,413999.2,2025-04-01
139446551,52025,,986000.0,2025-04-01
139437634,42025,,205000.0,2025-04-01
139437107,12025,,231000.0,2025-04-01
139451081,112025,,75873.57,2025-04-01
139444830,102025,,260563.63,2025-04-01
139468355,12025,,308000.0,2025-04-01
139460199,92025,,801904.15,2025-04-01
139447944,72025,,540000.0,2025-04-01
139458480,22025,,258000.0,2025-04-01
139436465,12025,,280000.0,2025-04-01
139453827,62025,,65000.0,2025-04-01
139461803,62025,,608000.0,2025-04-01
139450096,122025,,189094.36,2025-04-01
139439164,82025,,199000.0,2025-04-01
139448022,112025,,264239.32,2025-04-01
139436892,42025,,541000.0,2025-04-01
139456961,32026,,272344.66,2025-04-01
139458928,112025,,130763.57,2025-04-01
139467487,42025,,215000.0,2025-04-01
139466499,12025,,40000.0,2025-04-01
139456796,112025,,236466.58,2025-04-01
139470100,32025,,61000.0,2025-04-01
139446339,32025,,147000.0,2025-04-01
139457085,62025,,250000.0,2025-04-01
139440719,22026,,161997.61,2025-04-01
139438743,92025,,258460.66,2025-04-01
139437062,112025,,430132.37,2025-04-01
139453100,62025,,395000.0,2025-04-01
139467545,12025,,79000.0,2025-04-01
139461938,92025,,439858.02,2025-04-01
139462639,72025,,150000.0,2025-04-01
139446714,12026,,46203.01,2025-04-01
139459326,122025,,213399.51,2025-04-01
139463071,92025,,571463.53,2025-04-01
139449867,42025,,166000.0,2025-04-01
139459144,92025,,446683.14,2025-04-01
139439288,12026,,217699.82,2025-04-01
139453212,42025,,251000.0,2025-04-01
139458029,22026,,375360.38,2025-04-01
139464893,62025,,205917.43,2025-04-01
139452847,32025,,436000.0,2025-04-01
139462659,52025,,227000.0,2025-04-01
139464415,62025,,663000.0,2025-04-01
139439806,82025,,354325.52,2025-04-01
139443701,112025,,286272.24,2025-04-01
139441170,22025,,509000.0,2025-04-01
139437072,112025,,176951.33,2025-04-01
139463068,82025,,423014.9,2025-04-01
139454518,102025,,414991.68,2025-04-01
139468365,32026,,205815.68,2025-04-01
139449174,102025,,168425.13,2025-04-01
139444230,52025,,109000.0,2025-04-01
139444787,122025,,458202.55,2025-04-01
139455240,62025,,228311.69,2025-04-01
139436093,22025,,233000.0,2025-04-01
139442119,102025,,177931.12,2025-04-01
139448989,102025,,429849.6,2025-04-01
139442931,82025,,193888.74,2025-04-01
139468962,72025,,50000.0,2025-04-01
139444106,102025,,381702.53,2025-04-01
139450559,22025,,271000.0,2025-04-01
139467624,82025,,520735.43,2025-04-01
139439103,82025,,174867.99,2025-04-01
139446813,32025,,347000.0,2025-04-01
139455292,42025,,842000.0,2025-04-01
139467818,22025,,90000.0,2025-04-01
139439605,12026,,252563.11,2025-04-01
139460776,112025,,289785.14,2025-04-01
139454299,82025,,99000.0,2025-04-01
139452339,32026,,246249.84,2025-04-01
139440798,92025,,328557.52,2025-04-01
139439245,62025,,275000.0,2025-04-01
139447818,82025,,298294.33,2025-04-01
139452137,22026,,791266.48,2025-04-01
139459123,22025,,634000.0,2025-04-01
139463677,92025,,210430.67,2025-04-01
139459923,12025,,235000.0,2025-04-01
139460825,112025,,286683.2,2025-04-01
139442142,72025,,224000.0,2025-04-01
139457532,122025,,75852.35,2025-04-01
139469544,32026,,230744.09,2025-04-01
139460987,32025,,212000.0,2025-04-01
139440008,32025,,292000.0,2025-04-01
139449670,102025,,139251.18,2025-04-01
139445038,92025,,48628.85,2025-04-01
139461931,32026,,468308.9,2025-04-01
139464875,22025,,449000.0,2025-04-01
139451273,82025,,362966.31,2025-04-01
139447108,72025,,91766.56,2025-04-01
139465330,32025,,356000.0,2025-04-01
139460095,112025,,575617.74,2025-04-01
139460350,12025,,320000.0,2025-04-01
139454357,22026,,153755.61,2025-04-01
139466410,22026,,483427.24,2025-04-01
139435641,32025,,449000.0,2025-04-01
139436115,12026,,389969.18,2025-04-01
139469618,32026,,157951.14,2025-04-01
139468958,42025,,540000.0,2025-04-01
139469692,92025,,389507.85,2025-04-01
139467597,72025,,476000.0,2025-04-01
139440174,82025,,682574.11,2025-04-01
139447514,122025,,505551.76,2025-04-01
139468863,52025,,179000.0,2025-04-01
139467260,102025,,568148.97,2025-04-01
139460804,12025,,464000.0,2025-04-01
139451000,32026,,568422.68,2025-04-01
139442374,52025,,237000.0,2025-04-01
139466426,32025,,806000.0,2025-04-01
139444711,12026,,371325.91,2025-04-01
139456368,112025,,456375.21,2025-04-01
139459227,32025,,359000.0,2025-04-01
139451058,102025,,150724.95,2025-04-01
139454456,52025,,735000.0,2025-04-01
139441835,32025,,805000.0,2025-04-01
139467262,32026,,524515.84,2025-04-01
139440335,32026,,145917.98,2025-04-01
139436963,22025,,70000.0,2025-04-01
139449032,82025,,367272.77,2025-04-01
139446345,22026,,649209.79,2025-04-01
139469910,12025,,486000.0,2025-04-01
139457879,112025,,45047.89,2025-04-01
139446464,22026,,553404.44,2025-04-01
139445159,92025,,379586.4,2025-04-01
139435508,32026,,296225.17,2025-04-01
139442407,22026,,383399.3,2025-04-01
139461149,12026,,183205.42,2025-04-01
139458765,102025,,359775.45,2025-04-01
139463487,32026,,349382.0,2025-04-01
139464166,32026,,580485.94,2025-04-01
139444174,122025,,288340.72,2025-04-01
139455842,52025,,165000.0,2025-04-01
139459249,12025,,336000.0,2025-04-01
139447075,42025,,258000.0,2025-04-01
139440161,42025,,180000.0,2025-04-01
139448432,92025,,312833.14,2025-04-01
139453479,92025,,272327.1,2025-04-01
139460577,32026,,157351.78,2025-04-01
139450494,62025,,228000.0,2025-04-01
139463009,32026,,778745.9,2025-04-01
139450408,82025,,272000.0,2025-04-01
139443771,22026,,384934.63,2025-04-01
139446820,32026,,215814.04,2025-04-01
139438371,22025,,274000.0,2025-04-01
139456723,12025,,300000.0,2025-04-01
139437078,32025,,525000.0,2025-04-01
139436037,112025,,303606.08,2025-04-01
139439300,32026,,426753.73,2025-04-01
139435562,112025,,177712.41,2025-04-01
139455437,12025,,177000.0,2025-04-01
139452502,22025,,173000.0,2025-04-01
139439897,112025,,210395.93,2025-04-01
139460288,32025,,522000.0,2025-04-01
139450920,12025,,464000.0,2025-04-01
139445825,62025,,216770.38,2025-04-01
139464160,12025,,248000.0,2025-04-01
139463634,112025,,98237.19,2025-04-01
139441375,32025,,373000.0,2025-04-01
139447543,32026,,405626.59,2025-04-01
139448842,122025,,280557.12,2025-04-01
139464292,12025,,198000.0,2025-04-01
139463142,52025,,802000.0,2025-04-01
139450417,82025,,642098.44,2025-04-01
139460061,22026,,203349.57,2025-04-01
139459604,92025,,194122.43,2025-04-01
139445003,42025,,279000.0,2025-04-01
139442253,22026,,278866.88,2025-04-01
139470014,112025,,281650.31,2025-04-01
139444133,12026,,240894.41,2025-04-01
139465143,22026,,197764.5,2025-04-01
139469534,82025,,193988.41,2025-04-01
139461587,32026,,315942.17,2025-04-01
139456194,42025,,169000.0,2025-04-01
139439098,112025,,143911.26,2025-04-01
139465205,32026,,99381.98,2025-04-01
139444259,12025,,280000.0,2025-04-01
139454159,122025,,105760.33,2025-04-01
139465569,72025,,691000.0,2025-04-01
139459532,92025,,207049.23,2025-04-01
139455342,12025,,250000.0,2025-04-01
139456465,72025,,452390.4,2025-04-01
139456890,32026,,201312.81,2025-04-01
139464674,102025,,683490.08,2025-04-01
139459885,12026,,98610.95,2025-04-01
139461560,72025,,180000.0,2025-04-01
139465308,12026,,172000.0,2025-04-01
139443774,62025,,127000.0,2025-04-01
139444850,12026,,204136.62,2025-04-01
139458600,92025,,630102.07,2025-04-01
139450203,122025,,186630.86,2025-04-01
139439540,22025,,580000.0,2025-04-01
139464829,62025,,262000.0,2025-04-01
139460249,32026,,483588.01,2025-04-01
139447122,62025,,556000.0,2025-04-01
139445693,122025,,361391.43,2025-04-01
139457557,32025,,232000.0,2025-04-01
139447672,12025,,594000.0,2025-04-01
139445195,82025,,327509.92,2025-04-01
139443540,12026,,0.0,2025-04-01
139449162,42025,,221000.0,2025-04-01
139438408,82025,,245425.11,2025-04-01
139462563,12025,,624000.0,2025-04-01
139453929,12025,,248000.0,2025-04-01
139454427,32026,,106493.82,2025-04-01
139452526,22025,,304000.0,2025-04-01
139462233,72025,,168000.0,2025-04-01
139468478,42025,,404000.0,2025-04-01
139451286,32025,,285000.0,2025-04-01
139468335,12026,,284854.83,2025-04-01
139456112,42025,,291000.0,2025-04-01
139448248,122025,,291399.54,2025-04-01
139454365,102025,,98661.88,2025-04-01
139440339,42025,,256000.0,2025-04-01
139448476,122025,,0.0,2025-04-01
139461724,42025,,299000.0,2025-04-01
139443285,92025,,421585.19,2025-04-01
139465197,12026,,257733.46,2025-04-01
139461060,112025,,342104.55,2025-04-01
139447857,32026,,109805.78,2025-04-01
139447443,12026,,81660.35,2025-04-01
139448589,12025,,643000.0,2025-04-01
139455850,112025,,256712.76,2025-04-01
139469475,92025,,461536.24,2025-04-01
139452804,122025,,368486.07,2025-04-01
139457400,102025,,616885.49,2025-04-01
139468831,62025,,224000.0,2025-04-01
139461780,42025,,369000.0,2025-04-01
139463564,52025,,3000.0,2025-04-01
139436338,122025,,790514.11,2025-04-01
139441451,122025,,168100.32,2025-04-01
139450785,122025,,256502.97,2025-04-01
139447777,112025,,286669.99,2025-04-01
139442768,32026,,305684.48,2025-04-01
139457288,22026,,251897.94,2025-04-01
139466381,122025,,344429.15,2025-04-01
139466052,62025,,151000.0,2025-04-01
139445964,42025,,179000.0,2025-04-01
139442508,12025,,363000.0,2025-04-01
139457511,22026,,384629.49,2025-04-01
139445604,122025,,273954.52,2025-04-01
139465348,102025,,231724.73,2025-04-01
139437658,122025,,418688.23,2025-04-01
139443431,52025,,298000.0,2025-04-01
139461415,12026,,424073.35,2025-04-01
139467198,12026,,239624.65,2025-04-01
139458385,22026,,236391.39,2025-04-01
139439200,22025,,344000.0,2025-04-01
139447910,102025,,178129.8,2025-04-01
139446035,42025,,254000.0,2025-04-01
139448753,72025,,239000.0,2025-04-01
139451063,62025,,259082.3,2025-04-01
139469664,42025,,431000.0,2025-04-01
139436975,92025,,66265.3,2025-04-01
139462116,72025,,674000.0,2025-04-01
139453077,62025,,218000.0,2025-04-01
139445511,12025,,269000.0,2025-04-01
139462741,72025,,91000.0,2025-04-01
139446081,22026,,323723.84,2025-04-01
139439029,62025,,241000.0,2025-04-01
139444648,62025,,356000.0,2025-04-01
139461472,82025,,217868.24,2025-04-01
139467916,32026,,115784.88,2025-04-01
139468125,42025,,318000.0,2025-04-01
139466222,32025,,133000.0,2025-04-01
139457845,122025,,794803.06,2025-04-01
139437989,22026,,502393.12,2025-04-01
139446158,12026,,99846.58,2025-04-01
139446571,12025,,127000.0,2025-04-01
139457399,92025,,210007.44,2025-04-01
139448397,12026,,330977.38,2025-04-01
139441795,12025,,275000.0,2025-04-01
139465089,102025,,396905.29,2025-04-01
139448115,112025,,211102.02,2025-04-01
139469061,72025,,223552.79,2025-04-01
139457289,32026,,165340.86,2025-04-01
139449682,52025,,180000.0,2025-04-01
139455225,32026,,440422.96,2025-04-01
139470121,62025,,198000.0,2025-04-01
139446079,52025,,144000.0,2025-04-01
139462886,82025,,214697.64,2025-04-01
139469771,122025,,275184.19,2025-04-01
139444139,22025,,185000.0,2025-04-01
139436555,22025,,425000.0,2025-04-01
139462599,32026,,94304.9,2025-04-01
139451340,102025,,260562.98,2025-04-01
139463873,52025,,195000.0,2025-04-01
139446362,32026,,553916.8,2025-04-01
139461737,42025,,176000.0,2025-04-01
139459379,82025,,503000.0,2025-04-01
139449258,122025,,0.0,2025-04-01
139467241,122025,,461434.55,2025-04-01
139446963,22025,,137000.0,2025-04-01
139466186,52025,,1010000.0,2025-04-01
139466808,102025,,799713.72,2025-04-01
139468893,22025,,99000.0,2025-04-01
139463273,82025,,351386.15,2025-04-01
139437426,22026,,88398.68,2025-04-01
139442498,102025,,564075.13,2025-04-01
139452975,82025,,367000.0,2025-04-01
139466103,102025,,602885.79,2025-04-01
139467514,32026,,358424.43,2025-04-01
139459808,22026,,70706.22,2025-04-01
139461377,32025,,140000.0,2025-04-01
139455490,22025,,162000.0,2025-04-01
139437290,22025,,450000.0,2025-04-01
139467400,122025,,129225.21,2025-04-01
139453883,112025,,491051.12,2025-04-01
139448956,12025,,476000.0,2025-04-01
139463893,52025,,174000.0,2025-04-01
139463966,112025,,291783.46,2025-04-01
139457641,12025,,256000.0,2025-04-01
139460158,102025,,129735.93,2025-04-01
139469260,12025,,316000.0,2025-04-01
139456908,12026,,336414.61,2025-04-01
139456504,52025,,544000.0,2025-04-01
139469005,92025,,208337.69,2025-04-01
139452843,122025,,151380.48,2025-04-01
139455388,112025,,369626.76,2025-04-01
139464775,62025,,109887.21,2025-04-01
139444977,52025,,239000.0,2025-04-01
139453569,22026,,618508.57,2025-04-01
139464424,112025,,158325.91,2025-04-01
139447540,22025,,344000.0,2025-04-01
139455179,52025,,406000.0,2025-04-01
139464418,92025,,163654.34,2025-04-01
139455321,22025,,295000.0,2025-04-01
139455112,12025,,246000.0,2025-04-01
139446663,92025,,346296.53,2025-04-01
139451550,92025,,405697.43,2025-04-01
139439480,32025,,498000.0,2025-04-01
139447575,12025,,291000.0,2025-04-01
139469852,72025,,91000.0,2025-04-01
139462034,102025,,311781.41,2025-04-01
139461529,42025,,491000.0,2025-04-01
139444170,12025,,231000.0,2025-04-01
139462302,12026,,222349.73,2025-04-01
139451214,22025,,712000.0,2025-04-01
139469446,92025,,267824.49,2025-04-01
139465568,82025,,328000.0,2025-04-01
139449516,22026,,0.0,2025-04-01
139450080,112025,,148607.4,2025-04-01
139461186,42025,,439000.0,2025-04-01
139453606,102025,,187744.88,2025-04-01
139461373,122025,,17598.14,2025-04-01
139438582,22025,,300000.0,2025-04-01
139459617,12026,,384894.69,2025-04-01
139466512,12025,,520000.0,2025-04-01
139462303,92025,,264962.14,2025-04-01
139468064,82025,,144647.5,2025-04-01
139459828,122025,,359766.3,2025-04-01
139446432,12025,,166000.0,2025-04-01
139446359,32026,,351737.52,2025-04-01
139445014,92025,,276196.21,2025-04-01
139447985,42025,,208000.0,2025-04-01
139460657,112025,,87573.05,2025-04-01
139464084,22026,,162948.67,2025-04-01
139449336,32026,,81718.1,2025-04-01
139455522,82025,,151478.37,2025-04-01
139450694,22026,,210902.82,2025-04-01
139444567,102025,,143367.19,2025-04-01
139440547,82025,,591080.33,2025-04-01
139437131,32026,,685988.95,2025-04-01
139459392,102025,,124872.78,2025-04-01
139468577,52025,,164000.0,2025-04-01
139451482,102025,,287588.24,2025-04-01
139465120,22026,,396557.98,2025-04-01
139463189,22025,,350000.0,2025-04-01
139459089,102025,,143178.42,2025-04-01
139463953,32026,,390929.22,2025-04-01
139435930,62025,,605000.0,2025-04-01
139466064,62025,,138000.0,2025-04-01
139462017,52025,,345000.0,2025-04-01
139446264,72025,,188000.0,2025-04-01
139453698,92025,,138540.74,2025-04-01
139466173,32026,,191267.23,2025-04-01
139437748,12025,,686000.0,2025-04-01
139436426,42025,,174000.0,2025-04-01
139447419,112025,,79146.45,2025-04-01
139454877,82025,,591375.75,2025-04-01
139452625,12025,,536000.0,2025-04-01
139452677,62025,,159000.0,2025-04-01
139449272,12026,,414147.17,2025-04-01
139458143,92025,,175329.55,2025-04-01
139460041,122025,,246659.51,2025-04-01
139469756,12025,,534000.0,2025-04-01
139468267,92025,,973388.37,2025-04-01
139453219,42025,,512000.0,2025-04-01
139435603,122025,,201384.28,2025-04-01
139462460,72025,,621000.0,2025-04-01
139457705,12025,,197000.0,2025-04-01
139449123,122025,,198385.64,2025-04-01
139465634,32025,,303000.0,2025-04-01
139470214,52025,,235000.0,2025-04-01
139452444,22025,,680000.0,2025-04-01
139448717,82025,,686889.71,2025-04-01
139449447,12025,,310000.0,2025-04-01
139455771,32025,,305000.0,2025-04-01
139458789,32025,,236000.0,2025-04-01
139458760,52025,,199000.0,2025-04-01
139446062,12025,,520000.0,2025-04-01
139468714,42025,,236000.0,2025-04-01
139438289,42025,,249000.0,2025-04-01
139451541,102025,,183370.55,2025-04-01
139451449,62025,,211000.0,2025-04-01
139448019,22025,,293000.0,2025-04-01
139442164,32026,,124696.95,2025-04-01
139464072,42025,,568000.0,2025-04-01
139436748,32026,,103745.93,2025-04-01
139452161,42025,,591000.0,2025-04-01
139447983,92025,,311334.14,2025-04-01
139448191,82025,,285593.52,2025-04-01
139450750,12026,,273944.75,2025-04-01
139460036,32025,,199000.0,2025-04-01
139452521,62025,,69000.0,2025-04-01
139456903,52025,,358000.0,2025-04-01
139440297,92025,,318796.33,2025-04-01
139453964,42025,,281000.0,2025-04-01
139468981,92025,,127837.29,2025-04-01
139455545,102025,,322046.24,2025-04-01
139453953,12025,,123000.0,2025-04-01
139437739,92025,,269340.21,2025-04-01
139455951,82025,,425789.78,2025-04-01
139451745,72025,,215000.0,2025-04-01
139443382,102025,,272973.08,2025-04-01
139445965,22025,,198000.0,2025-04-01
139441909,12026,,454735.21,2025-04-01
139454566,22026,,358587.42,2025-04-01
139440798,22026,,326333.65,2025-04-01
139438251,32025,,378000.0,2025-04-01
139438710,72025,,282000.0,2025-04-01
139468799,52025,,98000.0,2025-04-01
139457716,82025,,477000.0,2025-04-01
139437893,82025,,68551.54,2025-04-01
139455249,12025,,494000.0,2025-04-01
139445891,82025,,414540.29,2025-04-01
139439350,52025,,149000.0,2025-04-01
139463183,62025,,386000.0,2025-04-01
139441334,32025,,401000.0,2025-04-01
139440156,32026,,133461.5,2025-04-01
139445477,12025,,315000.0,2025-04-01
139470133,52025,,179000.0,2025-04-01
139466985,92025,,232460.37,2025-04-01
139453399,82025,,165427.03,2025-04-01
139437379,72025,,205000.0,2025-04-01
139439527,112025,,123946.03,2025-04-01
139456132,12025,,553000.0,2025-04-01
139459041,122025,,294808.99,2025-04-01
139469542,92025,,792867.38,2025-04-01
139445931,32025,,175000.0,2025-04-01
139449456,12025,,763000.0,2025-04-01
139469560,42025,,322000.0,2025-04-01
139465098,82025,,529000.0,2025-04-01
139468019,42025,,207000.0,2025-04-01
139449502,52025,,552000.0,2025-04-01
139454217,102025,,229725.52,2025-04-01
139469219,22026,,252185.02,2025-04-01
139442048,92025,,449941.65,2025-04-01
139459287,32025,,135000.0,2025-04-01
139464285,32025,,579000.0,2025-04-01
139444088,122025,,222681.34,2025-04-01
139455503,32026,,154925.78,2025-04-01
139462814,22026,,230039.37,2025-04-01
139456140,32025,,357000.0,2025-04-01
139454089,102025,,243104.48,2025-04-01
139444974,42025,,163000.0,2025-04-01
139451092,22026,,276903.63,2025-04-01
139451961,32025,,145000.0,2025-04-01
139453596,82025,,218443.44,2025-04-01
139437945,62025,,605000.0,2025-04-01
139455554,82025,,208477.81,2025-04-01
139461792,72025,,107000.0,2025-04-01
139469395,32025,,375000.0,2025-04-01
139438745,52025,,196076.38,2025-04-01
139439165,102025,,694039.39,2025-04-01
139460197,52025,,407000.0,2025-04-01
139452365,62025,,879000.0,2025-04-01
139450369,32026,,464611.07,2025-04-01
139464410,52025,,99000.0,2025-04-01
139452548,42025,,498000.0,2025-04-01
139462280,92025,,738839.25,2025-04-01
139460730,112025,,470213.51,2025-04-01
139467333,112025,,416714.24,2025-04-01
139436648,62025,,79000.0,2025-04-01
139450982,62025,,73000.0,2025-04-01
139448812,32026,,174523.57,2025-04-01
139452286,112025,,72680.08,2025-04-01
139453739,62025,,627000.0,2025-04-01
139448191,52025,,286000.0,2025-04-01
139461330,102025,,338472.56,2025-04-01
139467471,112025,,457322.6,2025-04-01
139439156,42025,,796000.0,2025-04-01
139458339,12026,,338923.66,2025-04-01
139449607,72025,,398000.0,2025-04-01
139441399,42025,,209000.0,2025-04-01
139440846,62025,,449000.0,2025-04-01
139443939,52025,,762000.0,2025-04-01
139437208,52025,,124000.0,2025-04-01
139452974,12026,,120760.71,2025-04-01
139443854,82025,,273709.92,2025-04-01
139442762,112025,,241325.0,2025-04-01
139463525,62025,,179000.0,2025-04-01
139441624,12026,,490877.1,2025-04-01
139436059,22025,,124000.0,2025-04-01
139465730,42025,,174000.0,2025-04-01
139459588,52025,,225000.0,2025-04-01
139457840,42025,,178000.0,2025-04-01
139448945,32025,,664000.0,2025-04-01
139468617,72025,,784000.0,2025-04-01
139469693,22026,,340787.5,2025-04-01
139439850,62025,,218000.0,2025-04-01
139460224,12025,,155000.0,2025-04-01
139466864,102025,,54508.92,2025-04-01
139466079,82025,,290788.66,2025-04-01
139439462,32026,,214014.58,2025-04-01
139440640,22026,,150107.75,2025-04-01
139455226,22026,,274608.09,2025-04-01
139445555,12026,,245623.3,2025-04-01
139462396,102025,,659975.9,2025-04-01
139456410,22025,,225000.0,2025-04-01
139458855,32025,,189000.0,2025-04-01
139442707,32025,,100000.0,2025-04-01
139468982,92025,,308955.87,2025-04-01
139455346,92025,,272731.07,2025-04-01
139469084,92025,,325420.45,2025-04-01
139464540,102025,,339872.79,2025-04-01
139443946,22026,,264457.23,2025-04-01
139462597,52025,,249000.0,2025-04-01
139445680,82025,,582268.61,2025-04-01
139465480,52025,,325000.0,2025-04-01
139466344,42025,,282000.0,2025-04-01
139465392,32025,,275000.0,2025-04-01
139446294,42025,,193000.0,2025-04-01
139452398,92025,,209048.18,2025-04-01
139438953,22026,,200521.31,2025-04-01
139465542,42025,,113000.0,2025-04-01
139444368,72025,,558000.0,2025-04-01
139436389,122025,,404197.59,2025-04-01
139459642,42025,,133000.0,2025-04-01
139456894,92025,,165999.3,2025-04-01
139453653,32025,,300000.0,2025-04-01
139447082,22025,,363000.0,2025-04-01
139442505,22025,,415000.0,2025-04-01
139456529,92025,,496128.68,2025-04-01
139441726,112025,,266996.38,2025-04-01
139447387,12026,,348789.87,2025-04-01
139457927,102025,,59675.1,2025-04-01
139436455,12025,,238000.0,2025-04-01
139453631,22026,,480635.03,2025-04-01
139444104,12025,,446000.0,2025-04-01
139465355,72025,,229195.66,2025-04-01
139466136,32025,,153000.0,2025-04-01
139445381,32025,,474000.0,2025-04-01
139444745,22025,,100000.0,2025-04-01
139435785,82025,,387718.26,2025-04-01
139457771,22026,,74067.63,2025-04-01
139456972,32026,,264901.2,2025-04-01
139467970,102025,,264584.47,2025-04-01
139438201,62025,,341000.0,2025-04-01
139445587,62025,,697000.0,2025-04-01
139452937,102025,,185158.61,2025-04-01
139453775,32026,,207140.71,2025-04-01
139452243,112025,,541178.55,2025-04-01
139437248,112025,,336446.11,2025-04-01
139435742,32026,,228054.48,2025-04-01
139466062,32026,,540440.75,2025-04-01
139436471,52025,,348000.0,2025-04-01
139452775,122025,,559596.4,2025-04-01
139466255,82025,,0.0,2025-04-01
139450932,12026,,337600.13,2025-04-01
139460579,112025,,211402.36,2025-04-01
139456654,112025,,119651.77,2025-04-01
139444808,122025,,281920.39,2025-04-01
139450738,22025,,227000.0,2025-04-01
139445347,102025,,272037.08,2025-04-01
139466604,82025,,636000.0,2025-04-01
139457052,92025,,102288.4,2025-04-01
139448656,52025,,200000.0,2025-04-01
139464385,72025,,348000.0,2025-04-01
139445858,32026,,154835.32,2025-04-01
139453989,72025,,197789.31,2025-04-01
139438867,32025,,173000.0,2025-04-01
139446308,12025,,271000.0,2025-04-01
139449959,72025,,303000.0,2025-04-01
139440230,102025,,311103.4,2025-04-01
139454235,102025,,394604.66,2025-04-01
139439250,32026,,469684.4,2025-04-01
139461130,12026,,277215.09,2025-04-01
139442659,122025,,73737.32,2025-04-01
139462078,12025,,420000.0,2025-04-01
139437737,52025,,292000.0,2025-04-01
139465520,72025,,501000.0,2025-04-01
139463286,32026,,217435.77,2025-04-01
139437594,122025,,592608.13,2025-04-01
139438521,22025,,198000.0,2025-04-01
139443523,12025,,390000.0,2025-04-01
139462282,22025,,669000.0,2025-04-01
139468783,22025,,584000.0,2025-04-01
139464737,72025,,307000.0,2025-04-01
139449731,42025,,354000.0,2025-04-01
139444674,112025,,764116.35,2025-04-01
139468989,32025,,45000.0,2025-04-01
139456703,112025,,382363.2,2025-04-01
139446682,52025,,50000.0,2025-04-01
139442382,22026,,424901.32,2025-04-01
139446282,12026,,303730.47,2025-04-01
139436184,22025,,106000.0,2025-04-01
139454891,52025,,150000.0,2025-04-01
139458180,82025,,60664.44,2025-04-01
139461948,12026,,265367.42,2025-04-01
139447434,12026,,209531.72,2025-04-01
139444351,42025,,664000.0,2025-04-01
139452196,82025,,133736.35,2025-04-01
139460946,102025,,386654.95,2025-04-01
139450522,82025,,200996.37,2025-04-01
139441013,122025,,436001.02,2025-04-01
139462869,72025,,646000.0,2025-04-01
139443516,22026,,63459.51,2025-04-01
139467530,12026,,738704.7,2025-04-01
139468582,82025,,285000.0,2025-04-01
139443628,32026,,635928.73,2025-04-01
139459520,42025,,378000.0,2025-04-01
139454125,82025,,198416.82,2025-04-01
139454735,42025,,154000.0,2025-04-01
139444485,22025,,247000.0,2025-04-01
139460413,22025,,519000.0,2025-04-01
139458979,72025,,652000.0,2025-04-01
139467274,22026,,157839.5,2025-04-01
139439828,32026,,370957.16,2025-04-01
139457845,102025,,796052.74,2025-04-01
139456845,102025,,273783.25,2025-04-01
139457789,112025,,178368.82,2025-04-01
139439023,22025,,801000.0,2025-04-01
139436255,22026,,289863.19,2025-04-01
139452889,122025,,466640.27,2025-04-01
139444243,22026,,316769.27,2025-04-01
139467384,102025,,757942.88,2025-04-01
139457896,12026,,209497.14,2025-04-01
139458729,42025,,204000.0,2025-04-01
139456259,12025,,466000.0,2025-04-01
139467184,12025,,560000.0,2025-04-01
139463112,102025,,287983.98,2025-04-01
139468787,92025,,174539.63,2025-04-01
139465933,102025,,500290.38,2025-04-01
139446383,52025,,228000.0,2025-04-01
139436390,52025,,259000.0,2025-04-01
139437944,42025,,105000.0,2025-04-01
139443130,82025,,524085.12,2025-04-01
139467178,92025,,459371.9,2025-04-01
139443030,72025,,468000.0,2025-04-01
139462572,32026,,258924.62,2025-04-01
139468899,72025,,298000.0,2025-04-01
139467902,92025,,163121.66,2025-04-01
139467624,102025,,519383.41,2025-04-01
139455069,102025,,504766.91,2025-04-01
139441808,112025,,74305.13,2025-04-01
139456896,62025,,429000.0,2025-04-01
139455684,72025,,259000.0,2025-04-01
139455163,42025,,274000.0,2025-04-01
139460274,62025,,310000.0,2025-04-01
139464183,32026,,338118.14,2025-04-01
139444677,42025,,394000.0,2025-04-01
139461860,82025,,122100.61,2025-04-01
139439152,92025,,290315.94,2025-04-01
139464397,82025,,158467.38,2025-04-01
139454727,62025,,789242.18,2025-04-01
139437423,72025,,368937.03,2025-04-01
139467364,32025,,801000.0,2025-04-01
139451638,72025,,263000.0,2025-04-01
139450444,32025,,199000.0,2025-04-01
139466453,102025,,195407.22,2025-04-01
139453204,32026,,508894.68,2025-04-01
139440391,82025,,277485.88,2025-04-01
139455366,62025,,226000.0,2025-04-01
139448697,32025,,300000.0,2025-04-01
139468972,112025,,148577.09,2025-04-01
139441033,32026,,233744.42,2025-04-01
139442971,52025,,238000.0,2025-04-01
139462752,42025,,74000.0,2025-04-01
139457074,82025,,282300.84,2025-04-01
139462146,112025,,277372.79,2025-04-01
139441567,32025,,70000.0,2025-04-01
139453740,12025,,556000.0,2025-04-01
139442188,12026,,410755.28,2025-04-01
139466303,82025,,796872.89,2025-04-01
139457206,82025,,438000.0,2025-04-01
139461903,42025,,224000.0,2025-04-01
139456264,82025,,425180.49,2025-04-01
139444590,22025,,111000.0,2025-04-01
139445154,22025,,400000.0,2025-04-01
139450826,12026,,64282.54,2025-04-01
139451140,22026,,166145.76,2025-04-01
139437500,12026,,305607.63,2025-04-01
139444271,32025,,373000.0,2025-04-01
139444458,32025,,351000.0,2025-04-01
139444475,122025,,756941.04,2025-04-01
139469920,12026,,267719.22,2025-04-01
139463311,122025,,173193.71,2025-04-01
139446630,22026,,206580.12,2025-04-01
139448533,82025,,204787.98,2025-04-01
139456327,32026,,308721.85,2025-04-01
139441977,12026,,184763.5,2025-04-01
139443834,32026,,271972.16,2025-04-01
139457331,102025,,118806.54,2025-04-01
139445742,72025,,557000.0,2025-04-01
139454002,122025,,1091499.88,2025-04-01
139440978,112025,,145486.55,2025-04-01
139440914,32026,,228330.44,2025-04-01
139456791,112025,,282422.07,2025-04-01
139458009,112025,,191400.44,2025-04-01
139444572,32025,,402000.0,2025-04-01
139439007,12026,,131338.97,2025-04-01
139453848,42025,,418000.0,2025-04-01
139448143,32025,,219000.0,2025-04-01
139467035,62025,,404000.0,2025-04-01
139456231,72025,,259000.0,2025-04-01
139461015,112025,,101131.43,2025-04-01
139459143,112025,,141483.36,2025-04-01
139461241,32026,,296181.68,2025-04-01
139456285,42025,,775000.0,2025-04-01
139441217,72025,,253000.0,2025-04-01
139437349,72025,,300000.0,2025-04-01
139470252,12025,,520000.0,2025-04-01
139467776,122025,,134349.04,2025-04-01
139436226,42025,,339000.0,2025-04-01
139450329,122025,,819706.7,2025-04-01
139469201,72025,,206000.0,2025-04-01
139436127,82025,,514090.23,2025-04-01
139444464,82025,,168000.0,2025-04-01
139448361,32025,,150000.0,2025-04-01
139456022,12026,,341718.86,2025-04-01
139444016,52025,,739000.0,2025-04-01
139437271,22026,,318474.19,2025-04-01
139451912,62025,,549000.0,2025-04-01
139447457,12026,,469815.45,2025-04-01
139459143,12026,,139355.41,2025-04-01
139446935,82025,,267366.78,2025-04-01
139443340,12025,,257000.0,2025-04-01
139446422,32026,,403100.22,2025-04-01
139469869,32025,,260000.0,2025-04-01
139462348,12025,,664000.0,2025-04-01
139465796,92025,,214290.17,2025-04-01
139468544,82025,,381108.82,2025-04-01
139459733,32026,,82932.98,2025-04-01
139462839,12025,,360000.0,2025-04-01
139462908,122025,,61810.45,2025-04-01
139464710,32025,,533000.0,2025-04-01
139469442,42025,,223000.0,2025-04-01
139448166,22025,,227000.0,2025-04-01
139461231,62025,,196000.0,2025-04-01
139435562,42025,,179000.0,2025-04-01
139466264,122025,,433496.63,2025-04-01
139454994,32025,,341000.0,2025-04-01
139443705,52025,,216000.0,2025-04-01
139460238,92025,,122725.9,2025-04-01
139461003,122025,,266496.41,2025-04-01
139442277,42025,,206000.0,2025-04-01
139437916,32026,,374311.93,2025-04-01
139441016,72025,,256000.0,2025-04-01
139464646,12026,,425524.53,2025-04-01
139444605,12026,,124840.39,2025-04-01
139448864,12026,,441306.94,2025-04-01
139437409,22025,,359000.0,2025-04-01
139444649,22025,,110000.0,2025-04-01
139441089,32026,,209946.34,2025-04-01
139449572,112025,,148643.17,2025-04-01
139452998,52025,,379000.0,2025-04-01
139441123,122025,,519083.71,2025-04-01
139465872,32025,,208000.0,2025-04-01
139446940,112025,,490805.65,2025-04-01
139461885,82025,,429230.21,2025-04-01
139437825,52025,,96000.0,2025-04-01
139443879,112025,,84468.96,2025-04-01
139453272,102025,,0.0,2025-04-01
139457028,32025,,195000.0,2025-04-01
139448064,122025,,138373.8,2025-04-01
139458148,52025,,258000.0,2025-04-01
139452422,12026,,525768.01,2025-04-01
139439568,72025,,93000.0,2025-04-01
139446436,42025,,134000.0,2025-04-01
139444696,92025,,729959.86,2025-04-01
139456694,122025,,585214.95,2025-04-01
139453737,12025,,622000.0,2025-04-01
139450696,42025,,180000.0,2025-04-01
139465934,12025,,557000.0,2025-04-01
139467221,22026,,375312.33,2025-04-01
139449212,122025,,239590.83,2025-04-01
139446455,72025,,763216.95,2025-04-01
139452459,72025,,268000.0,2025-04-01
139436737,112025,,648932.24,2025-04-01
139454567,62025,,209000.0,2025-04-01
139441792,62025,,772804.1,2025-04-01
139455629,92025,,260652.3,2025-04-01
139459002,22025,,256000.0,2025-04-01
139455726,72025,,470000.0,2025-04-01
139438746,12026,,320937.94,2025-04-01
139453253,22026,,223752.3,2025-04-01
139441341,82025,,456846.27,2025-04-01
139470245,102025,,313178.21,2025-04-01
139445541,42025,,185000.0,2025-04-01
139468329,92025,,441969.23,2025-04-01
139466136,52025,,147000.0,2025-04-01
139453226,32026,,494666.57,2025-04-01
139456251,72025,,510000.0,2025-04-01
139448245,62025,,338000.0,2025-04-01
139436936,112025,,93167.76,2025-04-01
139458274,92025,,347978.49,2025-04-01
139436732,22025,,205000.0,2025-04-01
139459229,22026,,178161.29,2025-04-01
139443222,72025,,234085.85,2025-04-01
139457563,12026,,63478.46,2025-04-01
139452753,42025,,237000.0,2025-04-01
139459814,62025,,659000.0,2025-04-01
139454342,32026,,348484.47,2025-04-01
139459116,112025,,113536.13,2025-04-01
139442090,22025,,217000.0,2025-04-01
139462523,22026,,79015.7,2025-04-01
139456578,12026,,348848.15,2025-04-01
139437021,62025,,763000.0,2025-04-01
139436285,32025,,152000.0,2025-04-01
139466538,52025,,403000.0,2025-04-01
139439778,32025,,787000.0,2025-04-01
139459455,12026,,787219.22,2025-04-01
139468493,122025,,181875.39,2025-04-01
139459894,72025,,740000.0,2025-04-01
139456016,52025,,85000.0,2025-04-01
139464119,32026,,367443.14,2025-04-01
139459338,22025,,146000.0,2025-04-01
139459916,62025,,233376.49,2025-04-01
139459321,122025,,264849.93,2025-04-01
139466877,102025,,118155.63,2025-04-01
139441521,122025,,336850.35,2025-04-01
139436824,52025,,102000.0,2025-04-01
139444281,112025,,146266.53,2025-04-01
139455971,12026,,221478.28,2025-04-01
139451252,22025,,337000.0,2025-04-01
139465483,32025,,175000.0,2025-04-01
139463982,32025,,562000.0,2025-04-01
139444920,22026,,1062231.93,2025-04-01
139439278,12026,,443285.2,2025-04-01
139435536,22025,,292000.0,2025-04-01
139450359,42025,,72000.0,2025-04-01
139438979,62025,,390000.0,2025-04-01
139443967,112025,,297495.24,2025-04-01
139454886,32026,,413970.67,2025-04-01
139452342,22026,,124717.56,2025-04-01
139462982,92025,,494609.82,2025-04-01
139452428,32026,,226476.82,2025-04-01
139445001,62025,,482000.0,2025-04-01
139441451,92025,,170050.96,2025-04-01
139466936,72025,,180000.0,2025-04-01
139466111,22026,,285532.98,2025-04-01
139469573,22026,,275271.95,2025-04-01
139456424,22026,,297758.33,2025-04-01
139459975,22025,,342000.0,2025-04-01
139443611,92025,,85495.8,2025-04-01
139448682,122025,,366386.87,2025-04-01
139458042,12025,,649000.0,2025-04-01
139443667,52025,,215000.0,2025-04-01
139437583,82025,,648871.6,2025-04-01
139458322,12025,,332000.0,2025-04-01
139437113,22026,,205292.61,2025-04-01
139466894,32026,,183204.98,2025-04-01
139462572,22025,,261000.0,2025-04-01
139451195,22025,,513000.0,2025-04-01
139440014,62025,,154000.0,2025-04-01
139459794,82025,,460518.8,2025-04-01
139452369,22025,,350000.0,2025-04-01
139438808,12026,,185755.88,2025-04-01
139451392,82025,,283043.26,2025-04-01
139446925,32026,,496000.29,2025-04-01
139441290,92025,,544359.44,2025-04-01
139462095,82025,,157123.09,2025-04-01
139440942,112025,,714228.11,2025-04-01
139454893,62025,,418000.0,2025-04-01
139438366,12026,,156289.77,2025-04-01
139437067,32025,,653000.0,2025-04-01
139450770,22025,,108000.0,2025-04-01
139457670,12025,,215000.0,2025-04-01
139451835,22025,,250000.0,2025-04-01
139439205,12025,,232000.0,2025-04-01
139465910,52025,,847000.0,2025-04-01
139457427,32025,,73000.0,2025-04-01
139465964,82025,,789279.11,2025-04-01
139446165,12026,,109944.35,2025-04-01
139436292,62025,,194000.0,2025-04-01
139448732,62025,,389000.0,2025-04-01
139448932,22026,,123647.45,2025-04-01
139459518,52025,,550000.0,2025-04-01
139440718,92025,,171154.9,2025-04-01
139444102,42025,,359000.0,2025-04-01
139448836,72025,,278000.0,2025-04-01
139442198,22026,,321349.09,2025-04-01
139465959,72025,,436000.0,2025-04-01
139467875,92025,,370666.31,2025-04-01
139456913,32025,,512000.0,2025-04-01
139463265,122025,,137140.06,2025-04-01
139461236,82025,,428000.0,2025-04-01
139452120,72025,,398000.0,2025-04-01
139442589,12026,,290259.38,2025-04-01
139459553,42025,,278000.0,2025-04-01
139440018,22025,,123000.0,2025-04-01
139451412,62025,,191000.0,2025-04-01
139442142,22026,,222544.17,2025-04-01
139460480,22025,,352000.0,2025-04-01
139462437,22026,,148362.72,2025-04-01
139467008,32025,,250000.0,2025-04-01
139439928,112025,,308268.53,2025-04-01
139467295,22026,,533942.03,2025-04-01
139464668,12025,,379000.0,2025-04-01
139468905,112025,,316115.21,2025-04-01
139454139,32026,,398577.2,2025-04-01
139456863,32025,,198000.0,2025-04-01
139446561,52025,,68000.0,2025-04-01
139444999,122025,,236723.58,2025-04-01
139443112,12026,,282675.65,2025-04-01
139438277,122025,,412887.37,2025-04-01
139461098,82025,,134264.86,2025-04-01
139448517,22025,,309000.0,2025-04-01
139442267,22025,,87000.0,2025-04-01
139436439,112025,,131085.43,2025-04-01
139436132,22026,,274124.42,2025-04-01
139458026,22026,,439271.45,2025-04-01
139467780,52025,,593000.0,2025-04-01
139437036,72025,,153954.3,2025-04-01
139438910,22025,,169000.0,2025-04-01
139468686,22026,,232952.48,2025-04-01
139459466,22026,,433314.62,2025-04-01
139462930,52025,,283000.0,2025-04-01
139445219,52025,,401000.0,2025-04-01
139466942,82025,,149241.86,2025-04-01
139470134,52025,,377000.0,2025-04-01
139440773,12026,,304649.05,2025-04-01
139467437,12025,,255000.0,2025-04-01
139450509,32025,,845000.0,2025-04-01
139452314,72025,,657000.0,2025-04-01
139448256,102025,,234288.1,2025-04-01
139463530,32026,,434627.6,2025-04-01
139444038,122025,,388620.52,2025-04-01
139469191,42025,,755000.0,2025-04-01
139463516,72025,,172439.15,2025-04-01
139444683,32025,,98000.0,2025-04-01
139468247,82025,,450000.0,2025-04-01
139436994,42025,,331000.0,2025-04-01
139457856,12026,,331179.97,2025-04-01
139461168,102025,,451397.64,2025-04-01
139469499,32025,,332000.0,2025-04-01
139463289,32026,,0.0,2025-04-01
139438794,72025,,529000.0,2025-04-01
139460710,102025,,170202.3,2025-04-01
139465509,82025,,0.0,2025-04-01
139463158,62025,,419000.0,2025-04-01
139463756,32026,,400455.8,2025-04-01
139469015,12025,,154000.0,2025-04-01
139443373,72025,,797954.01,2025-04-01
139451812,12025,,200000.0,2025-04-01
139450222,112025,,134706.45,2025-04-01
139451544,52025,,289000.0,2025-04-01
139438213,22025,,456000.0,2025-04-01
139444884,32025,,212000.0,2025-04-01
139443152,72025,,298000.0,2025-04-01
139452232,62025,,279000.0,2025-04-01
139451545,72025,,1005000.0,2025-04-01
139449023,42025,,219000.0,2025-04-01
139453466,42025,,284000.0,2025-04-01
139440086,72025,,242000.0,2025-04-01
139466005,12025,,114000.0,2025-04-01
139455794,32025,,805000.0,2025-04-01
139446279,12026,,271660.94,2025-04-01
139460638,12026,,539807.65,2025-04-01
139459392,42025,,125000.0,2025-04-01
139459286,52025,,308000.0,2025-04-01
139466838,32025,,545000.0,2025-04-01
139435717,52025,,38000.0,2025-04-01
139467217,32026,,293500.4,2025-04-01
139449725,12026,,397562.33,2025-04-01
139460285,122025,,269217.76,2025-04-01
139465112,22025,,278000.0,2025-04-01
139451621,72025,,388000.0,2025-04-01
139467874,92025,,117889.4,2025-04-01
139440790,32025,,541000.0,2025-04-01
139442755,32026,,551283.56,2025-04-01
139442463,122025,,474064.76,2025-04-01
139455356,12026,,587987.68,2025-04-01
139454352,62025,,135000.0,2025-04-01
139435769,62025,,175000.0,2025-04-01
139447116,32025,,127000.0,2025-04-01
139454924,62025,,199000.0,2025-04-01
139457988,122025,,277407.34,2025-04-01
139446988,42025,,134000.0,2025-04-01
139454449,102025,,395811.04,2025-04-01
139435611,72025,,134000.0,2025-04-01
139437042,32025,,94000.0,2025-04-01
139440627,22025,,150000.0,2025-04-01
139450943,62025,,215000.0,2025-04-01
139450695,82025,,392505.55,2025-04-01
139441974,22026,,155313.27,2025-04-01
139437890,62025,,799000.0,2025-04-01
139469925,102025,,252664.66,2025-04-01
139445173,122025,,211900.89,2025-04-01
139461494,82025,,416507.81,2025-04-01
139467272,72025,,338330.27,2025-04-01
139463716,12026,,610405.98,2025-04-01
139464069,62025,,357000.0,2025-04-01
139441368,52025,,134000.0,2025-04-01
139440269,22026,,114677.26,2025-04-01
139445303,42025,,363000.0,2025-04-01
139463717,82025,,144052.87,2025-04-01
139468414,52025,,253000.0,2025-04-01
139455140,22025,,431000.0,2025-04-01
139458901,62025,,96000.0,2025-04-01
139450483,22026,,184537.12,2025-04-01
139438100,52025,,507000.0,2025-04-01
139442350,12026,,282295.28,2025-04-01
139462022,52025,,764000.0,2025-04-01
139453261,22025,,313000.0,2025-04-01
139440374,62025,,164000.0,2025-04-01
139457648,52025,,730000.0,2025-04-01
139450921,32026,,259355.09,2025-04-01
139441125,12026,,317136.13,2025-04-01
139445373,102025,,507121.43,2025-04-01
139459626,32025,,183000.0,2025-04-01
139468554,102025,,482654.54,2025-04-01
139463608,42025,,247000.0,2025-04-01
139442428,52025,,335000.0,2025-04-01
139441946,12026,,192660.61,2025-04-01
139442045,82025,,588606.27,2025-04-01
139465925,22026,,448827.17,2025-04-01
139465770,52025,,497000.0,2025-04-01
139454810,22026,,742509.86,2025-04-01
139461826,112025,,214424.52,2025-04-01
139456575,92025,,243182.04,2025-04-01
139469097,32025,,174000.0,2025-04-01
139463527,72025,,232000.0,2025-04-01
139466592,62025,,212000.0,2025-04-01
139437915,32025,,549000.0,2025-04-01
139452606,42025,,237000.0,2025-04-01
139454368,42025,,173000.0,2025-04-01
139460814,92025,,171690.57,2025-04-01
139437413,122025,,260463.48,2025-04-01
139456601,42025,,161000.0,2025-04-01
139469301,82025,,541798.85,2025-04-01
139443722,42025,,186000.0,2025-04-01
139461703,52025,,161000.0,2025-04-01
139440847,32025,,539000.0,2025-04-01
139455467,72025,,351000.0,2025-04-01
139450775,92025,,380808.55,2025-04-01
139443121,52025,,169000.0,2025-04-01
139443651,32026,,524311.15,2025-04-01
139467771,102025,,515183.13,2025-04-01
139446540,92025,,237865.22,2025-04-01
139442484,32025,,226000.0,2025-04-01
139443752,72025,,373014.99,2025-04-01
139464706,22026,,426877.68,2025-04-01
139443041,122025,,291647.13,2025-04-01
139455010,32025,,200000.0,2025-04-01
139466610,72025,,267924.1,2025-04-01
139440017,22025,,105000.0,2025-04-01
139464321,112025,,674617.63,2025-04-01
139448838,92025,,494375.23,2025-04-01
139452640,112025,,258932.93,2025-04-01
139441944,12025,,225000.0,2025-04-01
139460519,112025,,157670.59,2025-04-01
139452380,62025,,551000.0,2025-04-01
139465007,32025,,367000.0,2025-04-01
139457240,82025,,118547.65,2025-04-01
139460196,32025,,771000.0,2025-04-01
139455302,32026,,184493.2,2025-04-01
139437464,12026,,383742.26,2025-04-01
139439259,92025,,173463.58,2025-04-01
139448673,22025,,365000.0,2025-04-01
139452131,32025,,288000.0,2025-04-01
139453623,42025,,597000.0,2025-04-01
139440796,12025,,510000.0,2025-04-01
139462104,32025,,178000.0,2025-04-01
139457005,122025,,201215.26,2025-04-01
139461587,62025,,321000.0,2025-04-01
139464300,12026,,271535.33,2025-04-01
139439460,52025,,188000.0,2025-04-01
139443327,22026,,295866.97,2025-04-01
139443502,62025,,83858.27,2025-04-01
139469059,92025,,585015.73,2025-04-01
139468374,22025,,212000.0,2025-04-01
139438019,92025,,477831.37,2025-04-01
139444453,22026,,534359.36,2025-04-01
139453734,52025,,168000.0,2025-04-01
139454860,52025,,350000.0,2025-04-01
139469233,82025,,336969.76,2025-04-01
139459179,22025,,159000.0,2025-04-01
139456797,22026,,54332.18,2025-04-01
139452389,92025,,424920.08,2025-04-01
139439827,52025,,787455.49,2025-04-01
139454136,72025,,199000.0,2025-04-01
139441961,82025,,154851.29,2025-04-01
139469610,52025,,148000.0,2025-04-01
139469124,102025,,169217.65,2025-04-01
139461569,22025,,150000.0,2025-04-01
139452658,22026,,291502.03,2025-04-01
139445799,32025,,385000.0,2025-04-01
139441551,12026,,304865.31,2025-04-01
139463062,22026,,186660.12,2025-04-01
139440797,82025,,264176.69,2025-04-01
139457324,92025,,287858.42,2025-04-01
139462461,12026,,394281.76,2025-04-01
139447091,122025,,297359.47,2025-04-01
139458018,22025,,50000.0,2025-04-01
139449140,62025,,394000.0,2025-04-01
139447701,52025,,556000.0,2025-04-01
139439806,72025,,354768.95,2025-04-01
139447741,32026,,150099.01,2025-04-01
139438459,22025,,132000.0,2025-04-01
139464436,32025,,116000.0,2025-04-01
139448362,42025,,393000.0,2025-04-01
139438811,102025,,309998.32,2025-04-01
139457722,112025,,413312.45,2025-04-01
139464471,92025,,104226.16,2025-04-01
139460669,92025,,179169.6,2025-04-01
139452931,62025,,637000.0,2025-04-01
139449848,12026,,378021.86,2025-04-01
139436992,122025,,442354.55,2025-04-01
139448684,32025,,132000.0,2025-04-01
139464872,82025,,268742.57,2025-04-01
139438730,112025,,496443.11,2025-04-01
139448138,122025,,331810.93,2025-04-01
139449504,12026,,514493.15,2025-04-01
139441947,12026,,100000.0,2025-04-01
139466890,92025,,218548.9,2025-04-01
139466051,92025,,97868.63,2025-04-01
139439632,102025,,307836.08,2025-04-01
139452589,122025,,332879.06,2025-04-01
139466217,102025,,188397.96,2025-04-01
139463321,52025,,351000.0,2025-04-01
139449839,52025,,378000.0,2025-04-01
139441289,62025,,679000.0,2025-04-01
139454302,12026,,164483.65,2025-04-01
139444926,122025,,326817.95,2025-04-01
139439122,102025,,238004.51,2025-04-01
139464522,22026,,289529.34,2025-04-01
139438336,72025,,142000.0,2025-04-01
139453297,72025,,425000.0,2025-04-01
139445650,112025,,208269.55,2025-04-01
139436855,102025,,240804.63,2025-04-01
139449829,112025,,421111.38,2025-04-01
139468121,22025,,412000.0,2025-04-01
139440534,32025,,224000.0,2025-04-01
139458288,12026,,451140.15,2025-04-01
139444063,22025,,580000.0,2025-04-01
139462158,92025,,536665.41,2025-04-01
139452236,122025,,301608.85,2025-04-01
139442323,62025,,351000.0,2025-04-01
139439018,22025,,73000.0,2025-04-01
139438198,72025,,159000.0,2025-04-01
139449842,12026,,213347.48,2025-04-01
139439940,42025,,290000.0,2025-04-01
139460002,32026,,585604.73,2025-04-01
139456226,22025,,665000.0,2025-04-01
139468350,22026,,319828.07,2025-04-01
139463433,92025,,182192.17,2025-04-01
139443077,32025,,240000.0,2025-04-01
139452353,22025,,365000.0,2025-04-01
139467068,82025,,130912.02,2025-04-01
139463405,82025,,541000.0,2025-04-01
139468418,122025,,194938.79,2025-04-01
139454452,72025,,220924.78,2025-04-01
139445948,122025,,115355.51,2025-04-01
139439268,12026,,691233.86,2025-04-01
139464595,12026,,252275.32,2025-04-01
139451370,12026,,233350.08,2025-04-01
139461560,22025,,187000.0,2025-04-01
139464753,12026,,386482.78,2025-04-01
139466957,102025,,926966.9,2025-04-01
139451604,82025,,285827.85,2025-04-01
139450493,52025,,313000.0,2025-04-01
139456651,22025,,192000.0,2025-04-01
139437115,122025,,798997.76,2025-04-01
139463830,52025,,194000.0,2025-04-01
139461199,12025,,145000.0,2025-04-01
139459369,82025,,107406.53,2025-04-01
139469598,92025,,387529.31,2025-04-01
139447665,32025,,726000.0,2025-04-01
139441019,92025,,396905.29,2025-04-01
139469092,52025,,237000.0,2025-04-01
139458788,22025,,1000000.0,2025-04-01
139441405,12025,,232000.0,2025-04-01
139468852,52025,,247000.0,2025-04-01
139456195,12025,,483000.0,2025-04-01
139464823,42025,,135000.0,2025-04-01
139465713,62025,,577000.0,2025-04-01
139459227,92025,,232481.36,2025-04-01
139445648,32026,,372094.79,2025-04-01
139464209,12026,,458291.29,2025-04-01
139457243,32025,,225000.0,2025-04-01
139436900,82025,,95615.2,2025-04-01
139450805,62025,,404000.0,2025-04-01
139452361,122025,,303571.96,2025-04-01
139464409,92025,,528162.62,2025-04-01
139465529,122025,,279150.0,2025-04-01
139460009,72025,,404000.0,2025-04-01
139466955,62025,,209000.0,2025-04-01
139450724,112025,,163841.89,2025-04-01
139437436,22026,,55186.71,2025-04-01
139444018,72025,,0.0,2025-04-01
139466854,12026,,493956.75,2025-04-01
139448757,102025,,111517.81,2025-04-01
139451901,12025,,397000.0,2025-04-01
139468463,122025,,412230.03,2025-04-01
139455614,82025,,434563.97,2025-04-01
139443725,122025,,252049.06,2025-04-01
139466915,72025,,119000.0,2025-04-01
139459758,102025,,318342.84,2025-04-01
139464926,32026,,261067.42,2025-04-01
139438899,72025,,160000.0,2025-04-01
139440935,32026,,488354.97,2025-04-01
139461955,32025,,150000.0,2025-04-01
139445580,72025,,142000.0,2025-04-01
139448426,42025,,292000.0,2025-04-01
139462279,32026,,269965.54,2025-04-01
139456807,62025,,292000.0,2025-04-01
139439510,82025,,131000.0,2025-04-01
139442013,102025,,694714.82,2025-04-01
139456514,82025,,230030.7,2025-04-01
139455836,82025,,363000.0,2025-04-01
139462471,12026,,239876.03,2025-04-01
139440809,72025,,191000.0,2025-04-01
139440445,52025,,350000.0,2025-04-01
139461119,82025,,440541.03,2025-04-01
139465451,62025,,132000.0,2025-04-01
139453217,22026,,210667.46,2025-04-01
139439296,102025,,50204.55,2025-04-01
139459119,22026,,135264.87,2025-04-01
139443375,82025,,345248.19,2025-04-01
139457746,22026,,290090.39,2025-04-01
139447300,112025,,284352.1,2025-04-01
139443092,62025,,149000.0,2025-04-01
139447490,112025,,160030.58,2025-04-01
139460220,32026,,161090.28,2025-04-01
139461769,12026,,278075.76,2025-04-01
139458690,32025,,429000.0,2025-04-01
139455053,32025,,799000.0,2025-04-01
139462127,92025,,330360.83,2025-04-01
139437789,22025,,648000.0,2025-04-01
139453439,32025,,315000.0,2025-04-01
139463028,92025,,170170.74,2025-04-01
139458543,72025,,437000.0,2025-04-01
139450049,32025,,234000.0,2025-04-01
139460721,22026,,74211.14,2025-04-01
139442090,12025,,217000.0,2025-04-01
139458640,52025,,701000.0,2025-04-01
139449476,92025,,426860.23,2025-04-01
139462862,52025,,324000.0,2025-04-01
139459094,12026,,910087.52,2025-04-01
139436373,102025,,388624.54,2025-04-01
139439712,32025,,95000.0,2025-04-01
139445620,22026,,526594.88,2025-04-01
139443140,32025,,159000.0,2025-04-01
139446149,12025,,247000.0,2025-04-01
139467204,122025,,144997.76,2025-04-01
139438481,52025,,143000.0,2025-04-01
139455698,82025,,464206.21,2025-04-01
139458313,12026,,349821.82,2025-04-01
139450319,12026,,0.0,2025-04-01
139461811,92025,,161030.1,2025-04-01
139463878,42025,,299000.0,2025-04-01
139448217,122025,,475602.58,2025-04-01
139465964,92025,,788546.12,2025-04-01
139452571,52025,,293000.0,2025-04-01
139440459,92025,,272165.81,2025-04-01
139448588,102025,,782897.07,2025-04-01
139453885,112025,,388857.55,2025-04-01
139451534,62025,,224000.0,2025-04-01
139452452,32026,,48434.87,2025-04-01
139446493,22026,,98719.51,2025-04-01
139468604,12025,,353000.0,2025-04-01
139465103,12025,,375000.0,2025-04-01
139450590,32026,,396351.74,2025-04-01
139438555,72025,,282591.86,2025-04-01
139450177,12026,,34701.34,2025-04-01
139464729,12026,,296640.46,2025-04-01
139450449,12025,,800000.0,2025-04-01
139453750,42025,,407000.0,2025-04-01
139470137,22026,,427116.26,2025-04-01
139449665,92025,,277712.88,2025-04-01
139457650,22026,,193015.37,2025-04-01
139440834,22025,,193000.0,2025-04-01
139440068,12026,,138124.52,2025-04-01
139450239,122025,,276530.42,2025-04-01
139448147,102025,,86054.7,2025-04-01
139469314,42025,,290000.0,2025-04-01
139444860,52025,,218000.0,2025-04-01
139445167,112025,,564234.63,2025-04-01
139446287,72025,,325211.76,2025-04-01
139441775,22025,,447000.0,2025-04-01
139441289,92025,,666516.03,2025-04-01
139451005,12025,,161000.0,2025-04-01
139437017,42025,,663000.0,2025-04-01
139467706,32025,,157000.0,2025-04-01
139454485,72025,,222042.89,2025-04-01
139438523,42025,,298000.0,2025-04-01
139447753,72025,,591000.0,2025-04-01
139444170,112025,,224079.18,2025-04-01
139435664,92025,,218515.73,2025-04-01
139467530,22026,,737569.59,2025-04-01
139465062,42025,,357000.0,2025-04-01
139443418,12026,,300713.64,2025-04-01
139462863,72025,,134000.0,2025-04-01
139446916,112025,,301079.35,2025-04-01
139445348,42025,,394000.0,2025-04-01
139469573,82025,,276721.49,2025-04-01
139458331,42025,,196000.0,2025-04-01
139454150,72025,,202937.33,2025-04-01
139449427,72025,,273000.0,2025-04-01
139457027,72025,,503142.86,2025-04-01
139459092,22026,,84039.07,2025-04-01
139469771,112025,,275769.1,2025-04-01
139463104,112025,,124110.04,2025-04-01
139461162,62025,,724000.0,2025-04-01
139436257,12026,,91042.78,2025-04-01
139466878,72025,,576000.0,2025-04-01
139455210,112025,,387779.39,2025-04-01
139442989,12026,,281129.68,2025-04-01
139445849,92025,,463738.72,2025-04-01
139457966,22025,,114000.0,2025-04-01
139458632,42025,,345000.0,2025-04-01
139441885,112025,,315360.53,2025-04-01
139455193,112025,,236925.65,2025-04-01
139444572,112025,,399400.85,2025-04-01
139460755,72025,,70000.0,2025-04-01
139452922,92025,,0.0,2025-04-01
139440087,122025,,127712.93,2025-04-01
139460040,12025,,145000.0,2025-04-01
139443145,82025,,148334.53,2025-04-01
139453481,42025,,320000.0,2025-04-01
139469534,32026,,192377.96,2025-04-01
139453074,102025,,197654.84,2025-04-01
139450895,32025,,76000.0,2025-04-01
139454939,32025,,65000.0,2025-04-01
139470081,32025,,250000.0,2025-04-01
139440170,12025,,85000.0,2025-04-01
139461736,12025,,82000.0,2025-04-01
139451376,122025,,174004.88,2025-04-01
139445756,12025,,268000.0,2025-04-01
139454369,32026,,0.0,2025-04-01
139435590,112025,,308011.78,2025-04-01
139467272,92025,,337620.42,2025-04-01
139462995,82025,,561684.63,2025-04-01
139444352,12025,,614000.0,2025-04-01
139440905,62025,,236000.0,2025-04-01
139441108,32026,,537212.35,2025-04-01
139458694,92025,,488481.9,2025-04-01
139444010,122025,,101310.0,2025-04-01
139468824,122025,,51322.44,2025-04-01
139447146,32025,,333000.0,2025-04-01
139460054,52025,,499000.0,2025-04-01
139465570,122025,,436289.98,2025-04-01
139468257,122025,,463103.24,2025-04-01
139466728,62025,,209000.0,2025-04-01
139440243,72025,,248504.23,2025-04-01
139456580,12025,,253000.0,2025-04-01
139467305,12025,,174000.0,2025-04-01
139463981,122025,,281929.25,2025-04-01
139461489,32026,,565874.49,2025-04-01
139469564,42025,,110000.0,2025-04-01
139464464,102025,,66514.45,2025-04-01
139452862,92025,,176963.83,2025-04-01
139463868,72025,,388000.0,2025-04-01
139439050,22026,,473758.67,2025-04-01
139460393,22025,,652000.0,2025-04-01
139454285,42025,,412000.0,2025-04-01
139454983,32025,,201000.0,2025-04-01
139451203,92025,,391606.13,2025-04-01
139462310,22025,,236000.0,2025-04-01
139464187,32026,,143830.15,2025-04-01
139452106,32025,,261000.0,2025-04-01
139443878,52025,,131445.9,2025-04-01
139467845,22026,,308240.03,2025-04-01
139466051,12025,,99000.0,2025-04-01
139438274,22026,,288507.19,2025-04-01
139463091,102025,,95368.77,2025-04-01
139465829,82025,,463280.98,2025-04-01
139467564,62025,,487000.0,2025-04-01
139466257,42025,,402000.0,2025-04-01
139442437,12025,,290000.0,2025-04-01
139458569,12025,,584000.0,2025-04-01
139449295,42025,,197000.0,2025-04-01
139459966,32026,,251183.36,2025-04-01
139442994,12026,,325358.92,2025-04-01
139462492,12026,,332616.13,2025-04-01
139464346,12026,,106027.34,2025-04-01
139446801,32025,,448000.0,2025-04-01
139442966,82025,,46506.61,2025-04-01
139445079,72025,,169939.64,2025-04-01
139468276,22026,,277412.01,2025-04-01
139440337,72025,,478000.0,2025-04-01
139437167,32025,,126000.0,2025-04-01
139455875,42025,,515000.0,2025-04-01
139461739,22026,,182217.95,2025-04-01
139443746,62025,,76000.0,2025-04-01
139456586,52025,,187000.0,2025-04-01
139443000,92025,,191433.2,2025-04-01
139455188,12026,,410668.2,2025-04-01
139444793,62025,,345000.0,2025-04-01
139446766,102025,,422475.56,2025-04-01
139441502,92025,,291560.54,2025-04-01
139464839,82025,,249000.0,2025-04-01
139452410,52025,,319000.0,2025-04-01
139469341,12026,,363228.23,2025-04-01
139468779,82025,,417226.18,2025-04-01
139448376,82025,,47621.72,2025-04-01
139457095,112025,,621992.78,2025-04-01
139439851,22025,,375000.0,2025-04-01
139460868,22026,,197061.79,2025-04-01
139442971,92025,,234315.63,2025-04-01
139443358,52025,,243000.0,2025-04-01
139445085,22025,,560000.0,2025-04-01
139447589,122025,,361504.02,2025-04-01
139438575,42025,,360000.0,2025-04-01
139467689,42025,,633947.6,2025-04-01
139437733,82025,,139000.0,2025-04-01
139465102,32025,,195000.0,2025-04-01
139439269,62025,,90000.0,2025-04-01
139448104,22026,,167984.23,2025-04-01
139463466,12026,,98837.67,2025-04-01
139449684,22026,,0.0,2025-04-01
139447390,22025,,124000.0,2025-04-01
139447241,92025,,179800.45,2025-04-01
139460263,82025,,269575.55,2025-04-01
139458045,32025,,304000.0,2025-04-01
139453800,72025,,629000.0,2025-04-01
139468921,22026,,523298.58,2025-04-01
139466177,22025,,512000.0,2025-04-01
139452628,72025,,572000.0,2025-04-01
139461487,92025,,267225.25,2025-04-01
139439543,122025,,250808.19,2025-04-01
139444891,82025,,99000.0,2025-04-01
139463075,32026,,311061.13,2025-04-01
139459082,112025,,262666.04,2025-04-01
139469256,22025,,87000.0,2025-04-01
139449451,32025,,270000.0,2025-04-01
139469230,22026,,290496.11,2025-04-01
139470104,32026,,98719.0,2025-04-01
139469116,22026,,67637.94,2025-04-01
139452716,72025,,650000.0,2025-04-01
139448818,82025,,407107.08,2025-04-01
139447942,32026,,124095.93,2025-04-01
139446619,22026,,300130.73,2025-04-01
139442491,32025,,532000.0,2025-04-01
139465318,92025,,274427.24,2025-04-01
139452574,82025,,695163.91,2025-04-01
139462568,22026,,294686.69,2025-04-01
139451762,112025,,250820.27,2025-04-01
139465296,42025,,168000.0,2025-04-01
139465444,42025,,389000.0,2025-04-01
139446447,32026,,378331.46,2025-04-01
139449651,22025,,120000.0,2025-04-01
139442025,72025,,299000.0,2025-04-01
139470064,62025,,0.0,2025-04-01
139463614,72025,,279000.0,2025-04-01
139464028,72025,,500000.0,2025-04-01
139462710,102025,,213212.31,2025-04-01
139452326,92025,,852321.78,2025-04-01
139450848,122025,,373469.0,2025-04-01
139464268,12026,,73944.86,2025-04-01
139437704,122025,,663543.57,2025-04-01
139446903,82025,,285020.72,2025-04-01
139438889,12026,,123545.21,2025-04-01
139436685,122025,,267438.63,2025-04-01
139465632,22026,,81126.01,2025-04-01
139451220,12025,,210000.0,2025-04-01
139457908,112025,,348965.34,2025-04-01
139466470,52025,,439000.0,2025-04-01
139441512,42025,,462000.0,2025-04-01
139436482,52025,,368000.0,2025-04-01
139459079,32025,,657000.0,2025-04-01
139453146,42025,,79000.0,2025-04-01
139458211,32026,,205096.1,2025-04-01
139440540,22025,,365000.0,2025-04-01
139440916,22025,,787000.0,2025-04-01
139456015,112025,,702558.95,2025-04-01
139448236,92025,,162507.75,2025-04-01
139450893,32026,,788109.08,2025-04-01
139456615,62025,,460000.0,2025-04-01
139439009,42025,,274000.0,2025-04-01
139455089,92025,,386304.8,2025-04-01
139458339,122025,,339189.05,2025-04-01
139436641,112025,,266801.5,2025-04-01
139451258,82025,,223508.21,2025-04-01
139459451,62025,,453000.0,2025-04-01
139441430,62025,,129000.0,2025-04-01
139463949,42025,,641000.0,2025-04-01
139454875,122025,,123024.41,2025-04-01
139443754,112025,,104831.96,2025-04-01
139462692,12026,,718704.25,2025-04-01
139452228,112025,,139134.03,2025-04-01
139467918,12025,,50000.0,2025-04-01
139449325,22025,,336000.0,2025-04-01
139435591,102025,,626260.7,2025-04-01
139440535,32025,,848000.0,2025-04-01
139453921,12026,,196532.87,2025-04-01
139454290,32025,,389000.0,2025-04-01
139455054,92025,,532169.2,2025-04-01
139466997,82025,,116219.77,2025-04-01
139453255,102025,,488276.91,2025-04-01
139450426,102025,,248128.63,2025-04-01
139464662,82025,,267652.6,2025-04-01
139461682,52025,,505000.0,2025-04-01
139467000,112025,,420025.7,2025-04-01
139451554,32025,,699000.0,2025-04-01
139452797,12026,,0.0,2025-04-01
139455340,92025,,345452.21,2025-04-01
139448562,92025,,791661.61,2025-04-01
139461308,42025,,389000.0,2025-04-01
139446569,12025,,429000.0,2025-04-01
139444508,42025,,779000.0,2025-04-01
139462333,122025,,528817.89,2025-04-01
139465088,32025,,335000.0,2025-04-01
139436445,32025,,523000.0,2025-04-01
139437864,52025,,148000.0,2025-04-01
139445959,82025,,260333.06,2025-04-01
139451681,92025,,419923.36,2025-04-01
139460286,72025,,236000.0,2025-04-01
139447667,82025,,471581.83,2025-04-01
139446930,52025,,214000.0,2025-04-01
139449429,122025,,186371.46,2025-04-01
139444511,32026,,412647.49,2025-04-01
139441505,62025,,284000.0,2025-04-01
139461521,12026,,104999.66,2025-04-01
139449748,92025,,210149.54,2025-04-01
139462949,32026,,217298.89,2025-04-01
139469676,62025,,359000.0,2025-04-01
139456327,52025,,312000.0,2025-04-01
139456151,52025,,245000.0,2025-04-01
139452249,102025,,291990.63,2025-04-01
139470124,102025,,276735.02,2025-04-01
139451253,22025,,454000.0,2025-04-01
139467144,122025,,647028.69,2025-04-01
139459594,52025,,402000.0,2025-04-01
139465860,32025,,217000.0,2025-04-01
139437407,52025,,414000.0,2025-04-01
139437222,32025,,190000.0,2025-04-01
139439773,12025,,160000.0,2025-04-01
139440791,62025,,477000.0,2025-04-01
139438369,82025,,297433.4,2025-04-01
139456190,12025,,100000.0,2025-04-01
139463370,82025,,129163.86,2025-04-01
139454502,32026,,262593.81,2025-04-01
139449776,82025,,221685.55,2025-04-01
139444156,92025,,358524.54,2025-04-01
139446609,102025,,221152.54,2025-04-01
139466493,62025,,229000.0,2025-04-01
139461549,62025,,594000.0,2025-04-01
139446529,72025,,151000.0,2025-04-01
139469944,12025,,86000.0,2025-04-01
139454617,72025,,142000.0,2025-04-01
139437839,22026,,133387.59,2025-04-01
139461009,12025,,197000.0,2025-04-01
139453189,62025,,442000.0,2025-04-01
139469680,72025,,381000.0,2025-04-01
139442551,22026,,461800.0,2025-04-01
139440030,12025,,70000.0,2025-04-01
139438632,92025,,357650.08,2025-04-01
139464124,112025,,153688.14,2025-04-01
139463894,122025,,338775.98,2025-04-01
139455559,32025,,324000.0,2025-04-01
139461497,12025,,486000.0,2025-04-01
139442667,102025,,460743.19,2025-04-01
139448475,62025,,385000.0,2025-04-01
139466709,32025,,125000.0,2025-04-01
139468705,12025,,159000.0,2025-04-01
139459546,22026,,213357.08,2025-04-01
139466768,22026,,575596.03,2025-04-01
139451970,32026,,239848.37,2025-04-01
139449611,22026,,488569.48,2025-04-01
139455563,102025,,281108.34,2025-04-01
139453087,82025,,221794.75,2025-04-01
139467448,102025,,186785.9,2025-04-01
139460022,42025,,206000.0,2025-04-01
139437927,102025,,211308.53,2025-04-01
139466000,122025,,279376.78,2025-04-01
139449052,72025,,288000.0,2025-04-01
139455902,62025,,757000.0,2025-04-01
139458588,72025,,106000.0,2025-04-01
139460921,82025,,347098.07,2025-04-01
139439577,92025,,778661.4,2025-04-01
139447730,32026,,143552.76,2025-04-01
139464514,92025,,792118.18,2025-04-01
139464455,32025,,231000.0,2025-04-01
139468134,22025,,99000.0,2025-04-01
139465173,12025,,155000.0,2025-04-01
139436694,92025,,584063.79,2025-04-01
139442965,42025,,459000.0,2025-04-01
139454563,102025,,252189.43,2025-04-01
139440701,12025,,268000.0,2025-04-01
139446721,22025,,338000.0,2025-04-01
139442431,102025,,296153.6,2025-04-01
139441320,122025,,277069.68,2025-04-01
139457936,92025,,796440.13,2025-04-01
139454795,12025,,300000.0,2025-04-01
139443147,32025,,199000.0,2025-04-01
139448608,42025,,168000.0,2025-04-01
139456264,22025,,427000.0,2025-04-01
139466058,102025,,243923.23,2025-04-01
139465345,22026,,305088.29,2025-04-01
139452595,12025,,569000.0,2025-04-01
139469006,22025,,68000.0,2025-04-01
139460114,52025,,249000.0,2025-04-01
139462052,22026,,213728.18,2025-04-01
139454011,92025,,113656.04,2025-04-01
139465864,22026,,192049.36,2025-04-01
139468665,12025,,100000.0,2025-04-01
139465038,22025,,544000.0,2025-04-01
139450885,42025,,290000.0,2025-04-01
139453622,12026,,226320.02,2025-04-01
139468220,32025,,176000.0,2025-04-01
139464355,32026,,262752.04,2025-04-01
139438541,32026,,512174.75,2025-04-01
139436443,22025,,168000.0,2025-04-01
139452907,92025,,214422.2,2025-04-01
139464234,112025,,65145.06,2025-04-01
139459521,82025,,180911.12,2025-04-01
139452163,12025,,151000.0,2025-04-01
139450646,102025,,515638.53,2025-04-01
139463590,72025,,311000.0,2025-04-01
139449358,122025,,259477.96,2025-04-01
139445054,102025,,486442.67,2025-04-01
139438093,42025,,179000.0,2025-04-01
139468896,102025,,477293.34,2025-04-01
139452959,42025,,288000.0,2025-04-01
139444106,12026,,382036.39,2025-04-01
139468514,72025,,322000.0,2025-04-01
139458347,112025,,1025181.43,2025-04-01
139466442,82025,,425000.0,2025-04-01
139436774,22025,,547000.0,2025-04-01
139468540,52025,,220000.0,2025-04-01
139454356,92025,,229005.76,2025-04-01
139442174,72025,,681000.0,2025-04-01
139456708,102025,,169484.46,2025-04-01
139462075,72025,,268000.0,2025-04-01
139454708,22026,,358765.4,2025-04-01
139460992,42025,,633000.0,2025-04-01
139452399,72025,,279000.0,2025-04-01
139451673,12026,,755717.0,2025-04-01
139458559,52025,,134000.0,2025-04-01
139469339,42025,,629000.0,2025-04-01
139453988,92025,,135087.97,2025-04-01
139435853,122025,,250729.09,2025-04-01
139445607,32025,,250000.0,2025-04-01
139441902,112025,,346266.02,2025-04-01
139463438,92025,,360696.03,2025-04-01
139468786,122025,,517895.55,2025-04-01
139470151,42025,,120000.0,2025-04-01
139458247,112025,,366803.41,2025-04-01
139452738,72025,,273116.59,2025-04-01
139450275,82025,,286405.64,2025-04-01
139446885,52025,,150000.0,2025-04-01
139447287,62025,,594000.0,2025-04-01
139442936,22026,,155138.37,2025-04-01
139461921,12025,,157000.0,2025-04-01
139463456,42025,,297000.0,2025-04-01
139441304,12026,,447635.97,2025-04-01
139451919,92025,,362820.74,2025-04-01
139453886,12025,,948000.0,2025-04-01
139435862,62025,,367000.0,2025-04-01
139441275,42025,,385000.0,2025-04-01
139445821,42025,,175000.0,2025-04-01
139450993,112025,,525853.85,2025-04-01
139452517,82025,,358780.77,2025-04-01
139449671,62025,,170000.0,2025-04-01
139448205,92025,,250184.17,2025-04-01
139448629,92025,,314311.42,2025-04-01
139464444,72025,,285999.44,2025-04-01
139465247,12026,,100040.66,2025-04-01
139447410,12025,,350000.0,2025-04-01
139465761,52025,,425000.0,2025-04-01
139452629,72025,,369000.0,2025-04-01
139458677,12026,,604658.2,2025-04-01
139443401,82025,,90696.8,2025-04-01
139447012,102025,,298923.6,2025-04-01
139468144,32025,,229000.0,2025-04-01
139468313,32025,,621000.0,2025-04-01
139449563,12025,,390000.0,2025-04-01
139446170,12025,,584000.0,2025-04-01
139444533,22026,,236945.34,2025-04-01
139452054,72025,,573000.0,2025-04-01
139442872,22025,,374000.0,2025-04-01
139440391,102025,,276790.88,2025-04-01
139467111,42025,,292000.0,2025-04-01
139457834,42025,,264000.0,2025-04-01
139446458,122025,,198194.32,2025-04-01
139445635,82025,,173732.09,2025-04-01
139461367,92025,,173414.41,2025-04-01
139467535,92025,,764169.75,2025-04-01
139447146,92025,,325482.76,2025-04-01
139460354,42025,,152000.0,2025-04-01
139462630,82025,,142062.52,2025-04-01
139444552,12025,,94000.0,2025-04-01
139467691,22025,,279000.0,2025-04-01
139440222,122025,,296646.16,2025-04-01
139461593,112025,,309032.65,2025-04-01
139439332,12025,,728000.0,2025-04-01
139448805,32025,,559000.0,2025-04-01
139445405,72025,,404000.0,2025-04-01
139457158,12025,,363000.0,2025-04-01
139465839,42025,,326000.0,2025-04-01
139456593,72025,,288000.0,2025-04-01
139446783,72025,,727494.43,2025-04-01
139451164,12025,,300000.0,2025-04-01
139467920,62025,,299000.0,2025-04-01
139460626,52025,,854000.0,2025-04-01
139439692,92025,,250538.59,2025-04-01
139459719,22026,,212389.45,2025-04-01
139469162,32026,,246578.74,2025-04-01
139455797,32025,,217000.0,2025-04-01
139448793,62025,,287000.0,2025-04-01
139436952,92025,,360053.11,2025-04-01
139454694,92025,,602154.9,2025-04-01
139444213,122025,,118773.77,2025-04-01
139469249,22025,,213000.0,2025-04-01
139462877,42025,,454000.0,2025-04-01
139441076,122025,,213765.68,2025-04-01
139443383,72025,,211000.0,2025-04-01
139451716,32025,,543000.0,2025-04-01
139453736,112025,,216064.95,2025-04-01
139465898,102025,,458639.08,2025-04-01
139449236,62025,,442000.0,2025-04-01
139442216,42025,,275000.0,2025-04-01
139445182,102025,,207036.1,2025-04-01
139454388,112025,,476508.45,2025-04-01
139461807,122025,,378001.46,2025-04-01
139444943,82025,,152809.54,2025-04-01
139439718,82025,,333902.39,2025-04-01
139436658,12026,,237066.17,2025-04-01
139462623,32026,,467554.52,2025-04-01
139445242,122025,,572479.05,2025-04-01
139468945,122025,,162181.97,2025-04-01
139453329,12026,,350687.86,2025-04-01
139468859,82025,,388370.74,2025-04-01
139436734,82025,,226554.57,2025-04-01
139452718,72025,,427299.24,2025-04-01
139462823,112025,,75582.68,2025-04-01
139450784,22025,,220000.0,2025-04-01
139441534,102025,,405240.96,2025-04-01
139455876,112025,,223102.87,2025-04-01
139445284,22026,,352911.75,2025-04-01
139461651,112025,,193652.81,2025-04-01
139438616,32026,,320941.09,2025-04-01
139465252,42025,,60000.0,2025-04-01
139436758,32025,,113000.0,2025-04-01
139460225,112025,,188304.11,2025-04-01
139453221,32026,,489504.71,2025-04-01
139444757,112025,,291518.57,2025-04-01
139462641,22025,,774000.0,2025-04-01
139463225,112025,,556785.84,2025-04-01
139436016,32026,,320201.48,2025-04-01
139453194,102025,,99280.4,2025-04-01
139452557,12025,,334000.0,2025-04-01
139437808,92025,,163089.7,2025-04-01
139436724,22026,,101607.53,2025-04-01
139462810,92025,,530341.36,2025-04-01
139468766,32025,,330000.0,2025-04-01
139456999,72025,,457111.58,2025-04-01
139458550,72025,,278000.0,2025-04-01
139457694,82025,,209746.16,2025-04-01
139465029,12026,,780268.18,2025-04-01
139439591,32026,,246798.69,2025-04-01
139466120,42025,,166000.0,2025-04-01
139463397,82025,,73540.33,2025-04-01
139452892,92025,,512944.95,2025-04-01
139460420,12025,,545000.0,2025-04-01
139460696,32025,,148000.0,2025-04-01
139448622,82025,,147000.0,2025-04-01
139449085,72025,,345000.0,2025-04-01
139468895,12025,,404000.0,2025-04-01
139435892,62025,,278000.0,2025-04-01
139445153,102025,,245397.34,2025-04-01
139441895,102025,,104062.56,2025-04-01
139453655,62025,,254000.0,2025-04-01
139463482,32026,,683376.61,2025-04-01
139456511,32026,,295059.38,2025-04-01
139463117,42025,,444000.0,2025-04-01
139463533,62025,,274000.0,2025-04-01
139443959,82025,,283000.0,2025-04-01
139439428,112025,,307968.39,2025-04-01
139447187,32026,,616534.09,2025-04-01
139448470,22025,,497000.0,2025-04-01
139449325,22026,,332737.24,2025-04-01
139453102,92025,,782401.75,2025-04-01
139441031,22025,,314000.0,2025-04-01
139459173,12026,,346619.51,2025-04-01
139448103,12026,,59383.69,2025-04-01
139449273,22025,,74000.0,2025-04-01
139451556,72025,,351975.92,2025-04-01
139444263,72025,,395360.18,2025-04-01
139464402,122025,,687898.6,2025-04-01
139467412,22026,,225120.06,2025-04-01
139460771,22025,,155000.0,2025-04-01
139465685,42025,,244000.0,2025-04-01
139455767,72025,,390000.0,2025-04-01
139438153,102025,,192511.62,2025-04-01
139451056,32025,,112000.0,2025-04-01
139461382,62025,,186000.0,2025-04-01
139452792,22026,,536389.76,2025-04-01
139455624,92025,,92842.83,2025-04-01
139445099,72025,,106000.0,2025-04-01
139438144,22025,,800000.0,2025-04-01
139437763,82025,,304533.02,2025-04-01
139459845,92025,,157077.87,2025-04-01
139445501,42025,,350000.0,2025-04-01
139467385,42025,,113000.0,2025-04-01
139440557,112025,,86600.19,2025-04-01
139461375,52025,,156000.0,2025-04-01
139454447,42025,,299000.0,2025-04-01
139435537,12026,,738806.61,2025-04-01
139446560,102025,,508936.82,2025-04-01
139450443,42025,,498000.0,2025-04-01
139448236,52025,,163000.0,2025-04-01
139457956,22025,,149000.0,2025-04-01
139449364,32025,,569000.0,2025-04-01
139452317,72025,,264000.0,2025-04-01
139459871,12025,,294000.0,2025-04-01
139450685,62025,,597000.0,2025-04-01
139444187,122025,,357398.17,2025-04-01
139464610,42025,,442000.0,2025-04-01
139443072,102025,,228927.34,2025-04-01
139463496,52025,,333000.0,2025-04-01
139452619,82025,,342648.33,2025-04-01
139444158,112025,,307850.41,2025-04-01
139458232,32026,,779155.01,2025-04-01
139453729,32025,,564000.0,2025-04-01
139446478,32025,,284000.0,2025-04-01
139462607,42025,,97000.0,2025-04-01
139467520,32025,,232000.0,2025-04-01
139447254,72025,,723000.0,2025-04-01
139464804,62025,,367000.0,2025-04-01
139442299,12026,,339181.64,2025-04-01
139446073,12025,,281000.0,2025-04-01
139463867,102025,,263891.74,2025-04-01
139463668,112025,,321989.32,2025-04-01
139444808,102025,,282513.14,2025-04-01
139445426,52025,,195000.0,2025-04-01
139439100,92025,,173884.48,2025-04-01
139452367,62025,,477000.0,2025-04-01
139442889,72025,,241000.0,2025-04-01
139460079,32026,,290495.59,2025-04-01
139469328,22025,,355000.0,2025-04-01
139467156,12026,,297093.2,2025-04-01
139469300,22025,,245000.0,2025-04-01
139449343,22026,,150006.1,2025-04-01
139437725,72025,,374000.0,2025-04-01
139442714,22026,,226830.85,2025-04-01
139438514,32025,,444000.0,2025-04-01
139436614,112025,,227412.6,2025-04-01
139468445,72025,,295000.0,2025-04-01
139437675,22025,,255000.0,2025-04-01
139465052,112025,,284954.25,2025-04-01
139444657,72025,,643000.0,2025-04-01
139448900,12025,,230000.0,2025-04-01
139452720,62025,,277000.0,2025-04-01
139446791,72025,,483991.86,2025-04-01
139445985,122025,,262227.2,2025-04-01
139464624,32026,,432729.71,2025-04-01
139467700,102025,,230879.22,2025-04-01
139444904,62025,,80000.0,2025-04-01
139443956,22026,,605159.48,2025-04-01
139469275,82025,,796841.62,2025-04-01
139465489,32025,,129000.0,2025-04-01
139452623,62025,,181000.0,2025-04-01
139466493,32025,,230000.0,2025-04-01
139453702,102025,,386922.23,2025-04-01
139435715,32025,,299000.0,2025-04-01
139456033,52025,,260000.0,2025-04-01
139448839,62025,,624000.0,2025-04-01
139464743,102025,,378025.18,2025-04-01
139460139,62025,,208000.0,2025-04-01
139444174,82025,,289450.7,2025-04-01
139443569,72025,,304203.64,2025-04-01
139440408,42025,,373000.0,2025-04-01
139469653,42025,,128000.0,2025-04-01
139464575,32025,,384000.0,2025-04-01
139460422,92025,,590442.72,2025-04-01
139436913,52025,,289000.0,2025-04-01
139444075,82025,,199000.0,2025-04-01
139445230,122025,,473105.41,2025-04-01
139449247,12026,,263729.48,2025-04-01
139450688,32025,,770000.0,2025-04-01
139445166,42025,,463000.0,2025-04-01
139469237,22025,,235000.0,2025-04-01
139441248,92025,,695199.91,2025-04-01
139454490,12026,,247397.63,2025-04-01
139454178,22026,,195555.85,2025-04-01
139454746,12026,,680841.2,2025-04-01
139458904,122025,,293642.39,2025-04-01
139449492,52025,,224000.0,2025-04-01
139457414,22025,,749000.0,2025-04-01
139460268,52025,,150000.0,2025-04-01
139451119,122025,,359942.11,2025-04-01
139467902,32026,,160889.49,2025-04-01
139453521,72025,,801000.0,2025-04-01
139456263,122025,,454468.54,2025-04-01
139446439,92025,,131723.27,2025-04-01
139440090,42025,,218000.0,2025-04-01
139461649,32025,,122000.0,2025-04-01
139439495,42025,,277000.0,2025-04-01
139453826,82025,,357059.84,2025-04-01
139459465,112025,,188524.52,2025-04-01
139437100,102025,,125810.83,2025-04-01
139466730,52025,,552000.0,2025-04-01
139445483,32025,,311000.0,2025-04-01
139452337,62025,,192000.0,2025-04-01
139452507,62025,,543000.0,2025-04-01
139463827,92025,,795317.2,2025-04-01
139463559,12025,,704000.0,2025-04-01
139455521,12025,,208000.0,2025-04-01
139445213,82025,,178575.14,2025-04-01
139457581,22026,,158253.59,2025-04-01
139459834,102025,,218338.57,2025-04-01
139456279,102025,,182375.1,2025-04-01
139441782,52025,,299000.0,2025-04-01
139462461,32025,,399000.0,2025-04-01
139455320,62025,,369000.0,2025-04-01
139467306,12025,,109000.0,2025-04-01
139465486,22026,,298981.81,2025-04-01
139457073,22025,,751000.0,2025-04-01
139457421,72025,,85000.0,2025-04-01
139436418,32025,,259000.0,2025-04-01
139443477,32025,,776000.0,2025-04-01
139444571,22025,,109000.0,2025-04-01
139460998,82025,,789051.86,2025-04-01
139469861,22025,,300000.0,2025-04-01
139437231,22025,,207000.0,2025-04-01
139449017,42025,,264000.0,2025-04-01
139449079,32025,,203000.0,2025-04-01
139459603,82025,,432446.5,2025-04-01
139456580,22025,,253000.0,2025-04-01
139452658,62025,,294000.0,2025-04-01
139467061,32026,,240794.75,2025-04-01
139455766,22026,,687430.47,2025-04-01
139449424,112025,,463952.25,2025-04-01
139455898,42025,,794000.0,2025-04-01
139464074,32025,,305000.0,2025-04-01
139465822,32025,,284000.0,2025-04-01
139435828,72025,,159000.0,2025-04-01
139449408,82025,,98719.1,2025-04-01
139449745,22025,,207000.0,2025-04-01
139466725,102025,,265315.7,2025-04-01
139457644,52025,,463000.0,2025-04-01
139441387,42025,,134000.0,2025-04-01
139469356,82025,,174090.94,2025-04-01
139468186,42025,,232000.0,2025-04-01
139441414,32025,,764000.0,2025-04-01
139437727,12025,,657000.0,2025-04-01
139452114,42025,,762000.0,2025-04-01
139453215,12025,,429000.0,2025-04-01
139462858,32026,,290868.2,2025-04-01
139436067,32025,,302000.0,2025-04-01
139453523,82025,,631000.0,2025-04-01
139439263,32026,,237069.6,2025-04-01
139459982,122025,,190506.38,2025-04-01
139444360,32025,,158000.0,2025-04-01
139454433,92025,,105439.79,2025-04-01
139437377,22025,,765000.0,2025-04-01
139469641,92025,,70718.49,2025-04-01
139461743,102025,,336531.56,2025-04-01
139465725,42025,,190000.0,2025-04-01
139447921,52025,,764000.0,2025-04-01
139468096,122025,,772014.9,2025-04-01
139458880,62025,,300000.0,2025-04-01
139440744,22025,,235000.0,2025-04-01
139459792,102025,,267556.72,2025-04-01
139446976,112025,,188875.07,2025-04-01
139453012,42025,,531000.0,2025-04-01
139454199,42025,,135000.0,2025-04-01
139442048,42025,,452000.0,2025-04-01
139452105,12026,,340515.42,2025-04-01
139439652,12026,,422370.32,2025-04-01
139453422,32026,,212497.86,2025-04-01
139463515,12026,,513132.27,2025-04-01
139440409,62025,,136000.0,2025-04-01
139454431,32025,,223000.0,2025-04-01
139453225,32026,,161637.22,2025-04-01
139459701,42025,,280000.0,2025-04-01
139457104,92025,,183532.18,2025-04-01
139444291,112025,,707789.73,2025-04-01
139449971,122025,,419177.66,2025-04-01
139465979,72025,,539000.0,2025-04-01
139466464,12026,,392070.06,2025-04-01
139466865,122025,,0.0,2025-04-01
139446572,112025,,159728.61,2025-04-01
139455448,22025,,244000.0,2025-04-01
139443115,92025,,200583.39,2025-04-01
139440983,72025,,189000.0,2025-04-01
139464287,32026,,640339.06,2025-04-01
139458656,102025,,539975.55,2025-04-01
139464256,72025,,139000.0,2025-04-01
139458798,12025,,255000.0,2025-04-01
139465562,42025,,268000.0,2025-04-01
139452449,82025,,381519.59,2025-04-01
139448439,12026,,0.0,2025-04-01
139450050,12025,,375000.0,2025-04-01
139450686,22025,,783000.0,2025-04-01
139469986,32026,,327711.4,2025-04-01
139449236,22025,,443000.0,2025-04-01
139470211,32026,,283547.95,2025-04-01
139468334,12026,,134220.35,2025-04-01
139440797,22025,,264000.0,2025-04-01
139445593,62025,,67000.0,2025-04-01
139436153,72025,,185000.0,2025-04-01
139436367,22025,,388000.0,2025-04-01
139438131,52025,,151000.0,2025-04-01
139447801,12025,,145000.0,2025-04-01
139437241,12026,,200720.59,2025-04-01
139446278,12025,,124000.0,2025-04-01
139466324,102025,,453638.71,2025-04-01
139460259,82025,,382000.0,2025-04-01
139458298,52025,,131000.0,2025-04-01
139451852,22026,,207809.56,2025-04-01
139439306,22025,,348000.0,2025-04-01
139449725,112025,,398487.92,2025-04-01
139453782,32025,,149000.0,2025-04-01
139464843,112025,,127623.73,2025-04-01
139451551,62025,,297000.0,2025-04-01
139436024,12025,,720000.0,2025-04-01
139461198,72025,,150000.0,2025-04-01
139443236,102025,,428092.5,2025-04-01
139448965,112025,,210965.46,2025-04-01
139455486,42025,,311000.0,2025-04-01
139456654,32025,,120000.0,2025-04-01
139458624,22026,,0.0,2025-04-01
139449824,102025,,101301.42,2025-04-01
139468452,12025,,450000.0,2025-04-01
139436239,12026,,347194.79,2025-04-01
139464231,82025,,347296.95,2025-04-01
139469725,32025,,184000.0,2025-04-01
139460571,122025,,556575.1,2025-04-01
139465802,72025,,332183.46,2025-04-01
139458381,22026,,222332.1,2025-04-01
139462204,52025,,447000.0,2025-04-01
139453489,32025,,371000.0,2025-04-01
139442178,32025,,128000.0,2025-04-01
139448232,72025,,853000.0,2025-04-01
139452227,62025,,244000.0,2025-04-01
139446118,52025,,145000.0,2025-04-01
139458305,32025,,285000.0,2025-04-01
139468088,122025,,244588.01,2025-04-01
139454110,32025,,262000.0,2025-04-01
139446862,22025,,221000.0,2025-04-01
139455106,52025,,399000.0,2025-04-01
139440038,82025,,208885.89,2025-04-01
139463428,92025,,401942.75,2025-04-01
139467394,72025,,330000.0,2025-04-01
139464902,62025,,275000.0,2025-04-01
139446695,92025,,272718.17,2025-04-01
139459824,22026,,510064.4,2025-04-01
139455338,52025,,447000.0,2025-04-01
139461944,62025,,516000.0,2025-04-01
139456294,72025,,238000.0,2025-04-01
139457213,62025,,263000.0,2025-04-01
139455316,12025,,371000.0,2025-04-01
139460812,32026,,333770.88,2025-04-01
139446281,82025,,787120.3,2025-04-01
139450220,22026,,113402.71,2025-04-01
139448183,102025,,422061.3,2025-04-01
139468973,112025,,85790.06,2025-04-01
139469265,112025,,273551.99,2025-04-01
139466678,32026,,331860.15,2025-04-01
139449478,72025,,338000.0,2025-04-01
139469844,32025,,399000.0,2025-04-01
139441534,32025,,408000.0,2025-04-01
139437589,42025,,294000.0,2025-04-01
139466298,22026,,335968.47,2025-04-01
139466314,22025,,329000.0,2025-04-01
139451072,72025,,550151.12,2025-04-01
139458222,52025,,394000.0,2025-04-01
139451640,92025,,93116.8,2025-04-01
139447952,22026,,271596.45,2025-04-01
139440912,112025,,644109.44,2025-04-01
139460494,72025,,378934.24,2025-04-01
139456753,52025,,148000.0,2025-04-01
139456145,82025,,224000.0,2025-04-01
139447671,122025,,226165.71,2025-04-01
139441650,32025,,179000.0,2025-04-01
139438331,52025,,213000.0,2025-04-01
139457119,52025,,104000.0,2025-04-01
139470156,92025,,150906.56,2025-04-01
139447103,102025,,111575.15,2025-04-01
139449489,12025,,90000.0,2025-04-01
139451603,42025,,396000.0,2025-04-01
139451370,62025,,235000.0,2025-04-01
139442738,12025,,239000.0,2025-04-01
139449616,32025,,194000.0,2025-04-01
139469290,32026,,373874.51,2025-04-01
139441397,62025,,90000.0,2025-04-01
139463738,12025,,459000.0,2025-04-01
139453330,42025,,141000.0,2025-04-01
139467421,22026,,118780.82,2025-04-01
139446953,82025,,276655.56,2025-04-01
139469038,32025,,371000.0,2025-04-01
139437012,52025,,230000.0,2025-04-01
139466260,82025,,415000.0,2025-04-01
139455198,32026,,369943.88,2025-04-01
139442084,22026,,33696.23,2025-04-01
139449498,112025,,193188.26,2025-04-01
139464410,32026,,97393.25,2025-04-01
139448143,22025,,219000.0,2025-04-01
139457490,72025,,389000.0,2025-04-01
139464774,22025,,289000.0,2025-04-01
139448105,12025,,320000.0,2025-04-01
139465176,52025,,260000.0,2025-04-01
139454393,102025,,113331.89,2025-04-01
139450255,72025,,563000.0,2025-04-01
139457612,12026,,246052.83,2025-04-01
139437300,82025,,248313.31,2025-04-01
139465331,42025,,351000.0,2025-04-01
139455872,72025,,163000.0,2025-04-01
139444082,72025,,178000.0,2025-04-01
139470136,22026,,67944.49,2025-04-01
139445828,102025,,202879.06,2025-04-01
139442481,102025,,297806.54,2025-04-01
139458368,82025,,49498.55,2025-04-01
139452649,62025,,71000.0,2025-04-01
139451705,32026,,98466.57,2025-04-01
139437382,72025,,270000.0,2025-04-01
139441459,22025,,412000.0,2025-04-01
139457432,42025,,145000.0,2025-04-01
139468202,122025,,377578.81,2025-04-01
139451620,112025,,255983.9,2025-04-01
139451965,32026,,88664.5,2025-04-01
139458536,82025,,122414.68,2025-04-01
139452350,32026,,227957.86,2025-04-01
139462443,32025,,488000.0,2025-04-01
139447396,12025,,105000.0,2025-04-01
139470137,102025,,428657.76,2025-04-01
139439912,22025,,339000.0,2025-04-01
139442158,32025,,252000.0,2025-04-01
139468015,32026,,330922.48,2025-04-01
139466092,102025,,173678.44,2025-04-01
139452071,22025,,670000.0,2025-04-01
139444642,52025,,207000.0,2025-04-01
139460362,12026,,417737.39,2025-04-01
139441962,112025,,486337.69,2025-04-01
139466582,112025,,394192.06,2025-04-01
139436953,52025,,237000.0,2025-04-01
139454877,102025,,588086.71,2025-04-01
139457925,72025,,99000.0,2025-04-01
139441833,12025,,785000.0,2025-04-01
139468948,72025,,309000.0,2025-04-01
139467388,22026,,747826.42,2025-04-01
139446033,32026,,153130.54,2025-04-01
139443644,12026,,76294.31,2025-04-01
139457777,62025,,532659.48,2025-04-01
139452512,122025,,335065.41,2025-04-01
139462787,102025,,292271.69,2025-04-01
139456713,42025,,215000.0,2025-04-01
139442695,82025,,160771.72,2025-04-01
139446098,32025,,808000.0,2025-04-01
139456170,12026,,569537.5,2025-04-01
139456185,42025,,170000.0,2025-04-01
139454658,12026,,90517.8,2025-04-01
139463146,62025,,203581.69,2025-04-01
139461569,32025,,150000.0,2025-04-01
139443674,72025,,164000.0,2025-04-01
139447485,32026,,343190.55,2025-04-01
139436248,52025,,235000.0,2025-04-01
139437197,22025,,166000.0,2025-04-01
139436884,12026,,468101.83,2025-04-01
139439129,52025,,383000.0,2025-04-01
139455016,42025,,382000.0,2025-04-01
139459058,22026,,364645.72,2025-04-01
139450862,112025,,712085.57,2025-04-01
139448929,92025,,523634.47,2025-04-01
139442829,42025,,550000.0,2025-04-01
139455465,32026,,123294.51,2025-04-01
139459997,32025,,215000.0,2025-04-01
139456010,92025,,521832.42,2025-04-01
139439471,62025,,283000.0,2025-04-01
139442396,112025,,615108.86,2025-04-01
139443825,42025,,597000.0,2025-04-01
139452003,32026,,393073.61,2025-04-01
139448502,52025,,487000.0,2025-04-01
139448643,112025,,98937.56,2025-04-01
139457828,82025,,506172.84,2025-04-01
139466638,82025,,766366.09,2025-04-01
139456206,102025,,469336.93,2025-04-01
139438507,102025,,321369.7,2025-04-01
139457938,12026,,118436.35,2025-04-01
139468956,112025,,174323.2,2025-04-01
139441000,72025,,148812.6,2025-04-01
139452980,52025,,514000.0,2025-04-01
139470083,82025,,230915.88,2025-04-01
139436467,52025,,243000.0,2025-04-01
139436254,112025,,116081.14,2025-04-01
139443238,62025,,385000.0,2025-04-01
139465997,52025,,137000.0,2025-04-01
139449462,12025,,630000.0,2025-04-01
139435535,52025,,217000.0,2025-04-01
139436756,112025,,274311.19,2025-04-01
139458423,122025,,279923.96,2025-04-01
139464679,12026,,166166.23,2025-04-01
139464220,52025,,345000.0,2025-04-01
139467902,42025,,165000.0,2025-04-01
139447064,32025,,300000.0,2025-04-01
139454793,32025,,279000.0,2025-04-01
139464342,62025,,280000.0,2025-04-01
139448164,122025,,221294.34,2025-04-01
139456135,72025,,152007.18,2025-04-01
139451187,52025,,471221.87,2025-04-01
139468930,122025,,377065.84,2025-04-01
139448079,42025,,233000.0,2025-04-01
139465514,102025,,148752.73,2025-04-01
139449257,72025,,373000.0,2025-04-01
139447656,112025,,331900.59,2025-04-01
139452328,82025,,352623.94,2025-04-01
139458808,62025,,119000.0,2025-04-01
139466186,72025,,1008000.0,2025-04-01
139439295,22025,,315000.0,2025-04-01
139457284,12026,,831670.59,2025-04-01
139452394,12025,,275000.0,2025-04-01
139436053,42025,,207000.0,2025-04-01
139439747,52025,,166000.0,2025-04-01
139454154,82025,,84491.45,2025-04-01
139463562,42025,,800000.0,2025-04-01
139469920,92025,,268658.21,2025-04-01
139456370,12026,,775665.09,2025-04-01
139462045,122025,,368808.23,2025-04-01
139460387,32025,,310000.0,2025-04-01
139442342,122025,,222148.32,2025-04-01
139446667,42025,,449000.0,2025-04-01
139439216,52025,,108000.0,2025-04-01
139449532,72025,,614000.0,2025-04-01
139464862,22025,,185000.0,2025-04-01
139455232,102025,,153726.88,2025-04-01
139468850,22026,,181245.57,2025-04-01
139461326,12026,,277086.54,2025-04-01
139458864,42025,,263000.0,2025-04-01
139447448,12026,,220413.26,2025-04-01
139439670,122025,,173272.86,2025-04-01
139469033,92025,,230544.43,2025-04-01
139460602,22025,,431000.0,2025-04-01
139453565,12026,,278447.31,2025-04-01
139465034,42025,,84000.0,2025-04-01
139436256,122025,,420135.86,2025-04-01
139440383,32025,,425000.0,2025-04-01
139438678,22025,,776000.0,2025-04-01
139463865,42025,,188000.0,2025-04-01
139463091,82025,,96322.17,2025-04-01
139445422,12026,,723221.17,2025-04-01
139455142,72025,,288637.0,2025-04-01
139450080,92025,,148867.27,2025-04-01
139456874,22025,,442000.0,2025-04-01
139448037,32025,,411000.0,2025-04-01
139456620,32025,,294000.0,2025-04-01
139440842,92025,,229004.91,2025-04-01
139460221,22026,,81239.0,2025-04-01
139466641,22025,,440000.0,2025-04-01
139453793,122025,,540142.56,2025-04-01
139445520,72025,,117000.0,2025-04-01
139438931,12025,,200000.0,2025-04-01
139458057,22025,,176000.0,2025-04-01
139469535,12025,,162000.0,2025-04-01
139457590,72025,,52000.0,2025-04-01
139449014,32025,,318000.0,2025-04-01
139452006,32026,,147357.24,2025-04-01
139456116,22025,,163000.0,2025-04-01
139455925,122025,,470057.51,2025-04-01
139454787,12025,,75000.0,2025-04-01
139446686,32025,,331000.0,2025-04-01
139438728,32026,,359878.62,2025-04-01
139466232,112025,,544389.39,2025-04-01
139462018,22025,,322000.0,2025-04-01
139466248,22026,,370760.67,2025-04-01
139438325,32026,,208027.61,2025-04-01
139445299,32026,,175023.71,2025-04-01
139466434,62025,,764000.0,2025-04-01
139447447,42025,,247000.0,2025-04-01
139439079,102025,,486437.85,2025-04-01
139441082,72025,,416000.0,2025-04-01
139437696,32026,,268774.76,2025-04-01
139438349,92025,,208680.92,2025-04-01
139452853,12025,,180000.0,2025-04-01
139450547,42025,,618000.0,2025-04-01
139470077,52025,,269000.0,2025-04-01
139437571,12025,,226000.0,2025-04-01
139441376,12026,,244723.07,2025-04-01
139463479,122025,,360915.8,2025-04-01
139449888,72025,,0.0,2025-04-01
139440498,82025,,260212.51,2025-04-01
139437950,122025,,187320.88,2025-04-01
139449686,32025,,155000.0,2025-04-01
139466030,32025,,350000.0,2025-04-01
139466370,62025,,80000.0,2025-04-01
139442453,52025,,188000.0,2025-04-01
139456571,42025,,287000.0,2025-04-01
139470144,22025,,641000.0,2025-04-01
139469834,102025,,382229.47,2025-04-01
139465559,82025,,269244.37,2025-04-01
139469790,102025,,0.0,2025-04-01
139459888,32025,,249000.0,2025-04-01
139441635,72025,,96393.13,2025-04-01
139470060,32025,,250000.0,2025-04-01
139446041,22025,,498000.0,2025-04-01
139463888,112025,,236651.54,2025-04-01
139452683,102025,,716627.74,2025-04-01
139459255,102025,,235525.3,2025-04-01
139462947,12026,,318723.9,2025-04-01
139443342,62025,,154372.84,2025-04-01
139466558,62025,,219000.0,2025-04-01
139439120,42025,,256000.0,2025-04-01
139454934,82025,,127212.61,2025-04-01
139464321,12025,,683000.0,2025-04-01
139435976,42025,,179000.0,2025-04-01
139448015,62025,,467000.0,2025-04-01
139440176,82025,,656506.3,2025-04-01
139460072,12025,,215000.0,2025-04-01
139466215,32026,,304796.43,2025-04-01
139439182,52025,,464000.0,2025-04-01
139438900,22025,,135000.0,2025-04-01
139448092,22025,,175000.0,2025-04-01
139437139,32026,,473580.26,2025-04-01
139457414,52025,,746000.0,2025-04-01
139457023,72025,,346861.64,2025-04-01
139457702,22025,,306000.0,2025-04-01
139438847,82025,,73393.37,2025-04-01
139456903,92025,,355756.74,2025-04-01
139462518,22026,,796351.88,2025-04-01
139453686,52025,,189000.0,2025-04-01
139450091,112025,,196984.12,2025-04-01
139467715,122025,,248337.37,2025-04-01
139457824,82025,,172317.12,2025-04-01
139465073,22026,,215782.65,2025-04-01
139456699,42025,,75000.0,2025-04-01
139452323,92025,,235079.34,2025-04-01
139437231,112025,,205851.26,2025-04-01
139443537,92025,,198416.82,2025-04-01
139459622,22025,,149000.0,2025-04-01
139461146,42025,,180000.0,2025-04-01
139455900,42025,,276000.0,2025-04-01
139442652,72025,,258682.29,2025-04-01
139437261,12025,,342000.0,2025-04-01
139465052,82025,,285631.0,2025-04-01
139467471,22025,,462000.0,2025-04-01
139451205,32025,,76000.0,2025-04-01
139453729,112025,,552615.54,2025-04-01
139462363,122025,,365654.18,2025-04-01
139456892,122025,,475700.04,2025-04-01
139462914,12026,,329053.42,2025-04-01
139454196,32025,,663000.0,2025-04-01
139450038,42025,,245000.0,2025-04-01
139440178,52025,,740000.0,2025-04-01
139454136,12026,,198004.53,2025-04-01
139443362,32026,,166409.78,2025-04-01
139452863,82025,,246259.38,2025-04-01
139448832,112025,,571748.45,2025-04-01
139457081,72025,,464000.0,2025-04-01
139468491,42025,,157000.0,2025-04-01
139452470,12025,,502000.0,2025-04-01
139461188,102025,,448287.27,2025-04-01
139463622,22026,,708683.11,2025-04-01
139436397,62025,,175000.0,2025-04-01
139461192,52025,,380000.0,2025-04-01
139454157,92025,,515752.07,2025-04-01
139467332,82025,,248231.46,2025-04-01
139439836,112025,,394210.18,2025-04-01
139440708,102025,,282686.3,2025-04-01
139450697,102025,,193760.0,2025-04-01
139438158,22025,,231000.0,2025-04-01
139468858,52025,,158000.0,2025-04-01
139459548,12025,,128000.0,2025-04-01
139458958,32026,,247947.47,2025-04-01
139449502,32026,,547588.71,2025-04-01
139467879,82025,,542753.09,2025-04-01
139449986,22025,,288000.0,2025-04-01
139435939,72025,,242080.91,2025-04-01
139451653,42025,,173000.0,2025-04-01
139466609,42025,,310000.0,2025-04-01
139446047,62025,,183000.0,2025-04-01
139462991,62025,,1060000.0,2025-04-01
139450989,42025,,175000.0,2025-04-01
139447418,92025,,125381.25,2025-04-01
139469061,22025,,225000.0,2025-04-01
139450071,12026,,159032.51,2025-04-01
139453312,42025,,452000.0,2025-04-01
139442821,112025,,192643.6,2025-04-01
139443918,82025,,367098.94,2025-04-01
139460561,12025,,379000.0,2025-04-01
139444787,112025,,458734.1,2025-04-01
139457652,122025,,211669.5,2025-04-01
139469235,32025,,48000.0,2025-04-01
139445142,12025,,544000.0,2025-04-01
139468253,12026,,197968.45,2025-04-01
139436825,32025,,191000.0,2025-04-01
139456991,72025,,382000.0,2025-04-01
139469069,122025,,693132.09,2025-04-01
139455188,12025,,415000.0,2025-04-01
139453552,82025,,691191.59,2025-04-01
139438272,122025,,255819.91,2025-04-01
139461857,122025,,138535.13,2025-04-01
139452999,32025,,227000.0,2025-04-01
139454673,42025,,129000.0,2025-04-01
139442927,32026,,519194.45,2025-04-01
139441448,22025,,153000.0,2025-04-01
139441165,12026,,283727.03,2025-04-01
139437246,92025,,320649.78,2025-04-01
139463685,12025,,178000.0,2025-04-01
139438299,92025,,251938.0,2025-04-01
139464457,92025,,297068.58,2025-04-01
139467215,12026,,221127.9,2025-04-01
139456009,62025,,498000.0,2025-04-01
139469076,12025,,354000.0,2025-04-01
139442490,12025,,413000.0,2025-04-01
139461438,22026,,87985.74,2025-04-01
139466848,42025,,101000.0,2025-04-01
139436708,32025,,226000.0,2025-04-01
139443997,22026,,0.0,2025-04-01
139450885,112025,,288430.18,2025-04-01
139438060,122025,,295728.3,2025-04-01
139455478,62025,,119000.0,2025-04-01
139439543,32025,,254000.0,2025-04-01
139446090,22025,,353654.79,2025-04-01
139451844,42025,,399000.0,2025-04-01
139459100,42025,,150000.0,2025-04-01
139436395,12026,,141581.02,2025-04-01
139461399,32026,,222950.21,2025-04-01
139438829,22026,,370445.93,2025-04-01
139460830,32025,,177000.0,2025-04-01
139469933,122025,,419783.01,2025-04-01
139449894,22025,,508000.0,2025-04-01
139439755,112025,,105003.0,2025-04-01
139441124,102025,,71949.88,2025-04-01
139451904,22026,,592316.89,2025-04-01
139465467,22025,,135000.0,2025-04-01
139438388,72025,,198000.0,2025-04-01
139437580,62025,,161000.0,2025-04-01
139469730,12026,,66858.81,2025-04-01
139467100,42025,,368000.0,2025-04-01
139446395,122025,,360775.56,2025-04-01
139468330,52025,,359000.0,2025-04-01
139445806,112025,,376479.77,2025-04-01
139460366,12026,,3219.79,2025-04-01
139463705,82025,,622432.36,2025-04-01
139443711,22025,,106000.0,2025-04-01
139435509,22026,,262691.49,2025-04-01
139455051,12025,,268000.0,2025-04-01
139466632,52025,,131000.0,2025-04-01
139442105,42025,,349000.0,2025-04-01
139445507,22025,,758000.0,2025-04-01
139439536,92025,,512291.53,2025-04-01
139446528,72025,,313000.0,2025-04-01
139444716,42025,,116000.0,2025-04-01
139468723,52025,,196000.0,2025-04-01
139468522,82025,,305415.48,2025-04-01
139450581,22025,,309000.0,2025-04-01
139452262,42025,,227000.0,2025-04-01
139445082,32026,,217147.3,2025-04-01
139457653,122025,,358448.72,2025-04-01
139449897,32026,,220844.62,2025-04-01
139462012,52025,,249000.0,2025-04-01
139468867,102025,,393082.72,2025-04-01
139444423,22025,,801000.0,2025-04-01
139447810,22026,,205274.61,2025-04-01
139443961,12026,,98502.79,2025-04-01
139453952,62025,,475000.0,2025-04-01
139453555,12025,,338000.0,2025-04-01
139455306,52025,,397000.0,2025-04-01
139449093,22026,,133485.15,2025-04-01
139446501,62025,,416000.0,2025-04-01
139466718,22025,,647000.0,2025-04-01
139449090,32025,,447000.0,2025-04-01
139447300,92025,,285240.88,2025-04-01
139438055,22026,,354169.02,2025-04-01
139450843,72025,,313000.0,2025-04-01
139443054,52025,,671000.0,2025-04-01
139463773,122025,,218501.73,2025-04-01
139469991,92025,,405515.57,2025-04-01
139443782,102025,,382344.91,2025-04-01
139463151,122025,,213513.42,2025-04-01
139455009,22025,,472000.0,2025-04-01
139456083,32025,,394000.0,2025-04-01
139468134,42025,,97000.0,2025-04-01
139449764,62025,,207000.0,2025-04-01
139457510,22026,,213665.38,2025-04-01
139461478,52025,,149000.0,2025-04-01
139440553,112025,,194477.78,2025-04-01
139460683,102025,,530860.86,2025-04-01
139449799,22025,,270000.0,2025-04-01
139442439,82025,,225656.04,2025-04-01
139445267,122025,,355309.35,2025-04-01
139435577,92025,,302857.43,2025-04-01
139453766,102025,,561067.4,2025-04-01
139458465,32025,,281000.0,2025-04-01
139469643,32025,,251000.0,2025-04-01
139465063,102025,,68231.58,2025-04-01
139452756,22026,,444664.18,2025-04-01
139442120,72025,,205000.0,2025-04-01
139466688,42025,,147000.0,2025-04-01
139451247,72025,,202749.57,2025-04-01
139461177,122025,,131860.98,2025-04-01
139455322,92025,,286906.56,2025-04-01
139464260,42025,,217000.0,2025-04-01
139456688,72025,,178000.0,2025-04-01
139455579,32026,,772873.67,2025-04-01
139450681,32025,,252000.0,2025-04-01
139448361,32026,,147838.59,2025-04-01
139452270,62025,,313868.52,2025-04-01
139452965,92025,,782826.45,2025-04-01
139438474,112025,,225166.19,2025-04-01
139438515,22026,,265277.73,2025-04-01
139436818,72025,,657000.0,2025-04-01
139451604,92025,,285568.64,2025-04-01
139465347,32026,,510992.84,2025-04-01
139437742,22025,,0.0,2025-04-01
139460369,22026,,312426.49,2025-04-01
139439570,112025,,698623.06,2025-04-01
139462022,22025,,766000.0,2025-04-01
139456798,82025,,97273.36,2025-04-01
139439280,12026,,425341.94,2025-04-01
139438822,92025,,157523.31,2025-04-01
139452618,82025,,263254.24,2025-04-01
139438264,72025,,98702.07,2025-04-01
139464425,32025,,280000.0,2025-04-01
139464808,42025,,127000.0,2025-04-01
139437262,32025,,509000.0,2025-04-01
139440811,72025,,327000.0,2025-04-01
139443238,32026,,381582.63,2025-04-01
139463174,62025,,169000.0,2025-04-01
139465289,42025,,440000.0,2025-04-01
139455577,92025,,220606.02,2025-04-01
139457184,112025,,505588.16,2025-04-01
139452310,52025,,446000.0,2025-04-01
139453794,12026,,295942.16,2025-04-01
139441797,22026,,422667.11,2025-04-01
139451314,82025,,285661.96,2025-04-01
139439880,42025,,285000.0,2025-04-01
139449723,32025,,433000.0,2025-04-01
139467889,32025,,414000.0,2025-04-01
139437762,12026,,259565.96,2025-04-01
139459149,122025,,226852.27,2025-04-01
139469726,112025,,120271.47,2025-04-01
139447596,22026,,607827.1,2025-04-01
139447033,62025,,427000.0,2025-04-01
139436779,42025,,242000.0,2025-04-01
139465114,12025,,264000.0,2025-04-01
139463543,12026,,474259.21,2025-04-01
139453900,22026,,0.0,2025-04-01
139451074,32025,,416000.0,2025-04-01
139461649,122025,,121339.99,2025-04-01
139459919,92025,,573487.53,2025-04-01
139441565,12025,,150000.0,2025-04-01
139436734,32026,,224800.01,2025-04-01
139440139,122025,,329515.73,2025-04-01
139449700,32026,,314322.1,2025-04-01
139455688,12025,,238000.0,2025-04-01
139445385,32025,,228000.0,2025-04-01
139463078,92025,,191864.46,2025-04-01
139440852,22025,,75000.0,2025-04-01
139460252,32026,,300803.75,2025-04-01
139468474,32025,,358000.0,2025-04-01
139445822,122025,,321985.84,2025-04-01
139441550,32025,,184000.0,2025-04-01
139441390,82025,,718000.0,2025-04-01
139464863,12025,,350000.0,2025-04-01
139447463,32025,,308000.0,2025-04-01
139435592,82025,,491522.13,2025-04-01
139464202,82025,,321741.4,2025-04-01
139468573,112025,,250740.12,2025-04-01
139439658,42025,,168000.0,2025-04-01
139460249,102025,,492838.52,2025-04-01
139453844,32026,,212389.45,2025-04-01
139466658,102025,,349700.72,2025-04-01
139451827,112025,,450048.37,2025-04-01
139444373,12025,,140000.0,2025-04-01
139456504,122025,,535299.36,2025-04-01
139453258,12026,,250855.52,2025-04-01
139436050,72025,,148000.0,2025-04-01
139450975,12026,,343727.11,2025-04-01
139462291,42025,,389000.0,2025-04-01
139468731,12026,,352009.18,2025-04-01
139448579,42025,,605000.0,2025-04-01
139437041,62025,,259000.0,2025-04-01
139469686,112025,,161253.72,2025-04-01
139448428,32025,,347000.0,2025-04-01
139438257,72025,,149000.0,2025-04-01
139459618,122025,,273629.34,2025-04-01
139463299,92025,,424182.68,2025-04-01
139457365,12026,,759029.27,2025-04-01
139436221,72025,,167000.0,2025-04-01
139466185,92025,,357391.48,2025-04-01
139469261,22026,,750169.47,2025-04-01
139450053,52025,,247000.0,2025-04-01
139465472,22026,,726977.25,2025-04-01
139439169,22025,,471000.0,2025-04-01
139442650,112025,,510516.05,2025-04-01
139441058,32026,,301633.74,2025-04-01
139466454,32025,,492000.0,2025-04-01
139453956,32026,,124225.02,2025-04-01
139444881,12025,,261000.0,2025-04-01
139450671,82025,,119072.25,2025-04-01
139463074,112025,,107912.46,2025-04-01
139455188,122025,,411057.39,2025-04-01
139464131,112025,,278775.89,2025-04-01
139464753,42025,,393000.0,2025-04-01
139439330,22025,,208000.0,2025-04-01
139467671,62025,,176000.0,2025-04-01
139461683,32026,,247173.78,2025-04-01
139454322,22025,,299000.0,2025-04-01
139443404,32026,,296939.8,2025-04-01
139466424,82025,,312178.17,2025-04-01
139448234,82025,,49735.31,2025-04-01
139446588,52025,,297000.0,2025-04-01
139452320,22025,,779000.0,2025-04-01
139459182,122025,,415172.68,2025-04-01
139438750,52025,,224000.0,2025-04-01
139438927,32025,,598000.0,2025-04-01
139446595,12025,,446000.0,2025-04-01
139436395,102025,,142092.04,2025-04-01
139467212,22025,,114000.0,2025-04-01
139437591,12026,,224841.3,2025-04-01
139463046,32025,,136000.0,2025-04-01
139458362,22026,,258011.21,2025-04-01
139437207,42025,,223000.0,2025-04-01
139462506,42025,,124000.0,2025-04-01
139450986,82025,,170568.51,2025-04-01
139452692,12025,,359000.0,2025-04-01
139446304,102025,,590610.21,2025-04-01
139436140,12026,,378708.76,2025-04-01
139468373,112025,,681139.91,2025-04-01
139457413,12025,,497000.0,2025-04-01
139437866,22026,,197074.54,2025-04-01
139440230,32026,,309435.19,2025-04-01
139448789,42025,,184000.0,2025-04-01
139463606,82025,,566194.15,2025-04-01
139435752,122025,,210881.44,2025-04-01
139468490,52025,,194000.0,2025-04-01
139454087,32025,,365000.0,2025-04-01
139444828,22025,,280000.0,2025-04-01
139449582,32025,,176000.0,2025-04-01
139436543,52025,,151000.0,2025-04-01
139464586,122025,,361758.9,2025-04-01
139462902,72025,,446000.0,2025-04-01
139452568,12025,,244000.0,2025-04-01
139447943,42025,,502000.0,2025-04-01
139437564,52025,,677000.0,2025-04-01
139445337,12025,,162000.0,2025-04-01
139436321,42025,,245000.0,2025-04-01
139467328,102025,,133522.76,2025-04-01
139469356,72025,,174273.31,2025-04-01
139441696,72025,,251000.0,2025-04-01
139467225,82025,,38000.0,2025-04-01
139469357,62025,,236000.0,2025-04-01
139444933,62025,,692000.0,2025-04-01
139443771,32025,,389000.0,2025-04-01
139465357,72025,,339000.0,2025-04-01
139437456,32026,,403372.83,2025-04-01
139439637,62025,,199000.0,2025-04-01
139456618,52025,,96000.0,2025-04-01
139436045,52025,,365000.0,2025-04-01
139451268,102025,,871532.04,2025-04-01
139442196,102025,,249500.2,2025-04-01
139455102,112025,,202127.03,2025-04-01
139469755,72025,,556000.0,2025-04-01
139452654,42025,,226000.0,2025-04-01
139449612,112025,,706499.54,2025-04-01
139439868,12025,,475000.0,2025-04-01
139461310,12025,,222000.0,2025-04-01
139451421,92025,,712572.15,2025-04-01
139455974,92025,,171913.68,2025-04-01
139457046,122025,,186880.81,2025-04-01
139448868,72025,,145000.0,2025-04-01
139466974,32026,,789678.52,2025-04-01
139454423,72025,,379000.0,2025-04-01
139446537,22025,,250715.94,2025-04-01
139465944,22025,,168000.0,2025-04-01
139456766,42025,,106000.0,2025-04-01
139466638,42025,,769000.0,2025-04-01
139464720,32025,,197000.0,2025-04-01
139436922,72025,,191000.0,2025-04-01
139449883,22025,,344000.0,2025-04-01
139458340,32026,,357928.53,2025-04-01
139451528,22026,,123545.21,2025-04-01
139445161,42025,,800000.0,2025-04-01
139453528,32025,,157000.0,2025-04-01
139447912,102025,,136942.03,2025-04-01
139452317,52025,,265000.0,2025-04-01
139467263,112025,,175733.05,2025-04-01
139444483,12026,,386465.7,2025-04-01
139448858,12026,,213395.55,2025-04-01
139446431,22026,,235368.02,2025-04-01
139461260,102025,,296321.12,2025-04-01
139452811,62025,,527000.0,2025-04-01
139446134,72025,,452000.0,2025-04-01
139443695,122025,,97756.28,2025-04-01
139457523,62025,,438000.0,2025-04-01
139442718,42025,,337000.0,2025-04-01
139440137,42025,,126000.0,2025-04-01
139470203,12025,,293000.0,2025-04-01
139441662,12026,,343253.93,2025-04-01
139459530,112025,,170291.34,2025-04-01
139462405,62025,,636000.0,2025-04-01
139449692,32025,,83000.0,2025-04-01
139443623,82025,,490550.2,2025-04-01
139448795,82025,,267026.12,2025-04-01
139466985,82025,,234000.0,2025-04-01
139467669,12025,,780000.0,2025-04-01
139444484,102025,,72774.06,2025-04-01
139463849,22026,,267808.29,2025-04-01
139443636,92025,,184760.66,2025-04-01
139436983,112025,,552703.48,2025-04-01
139444623,62025,,368000.0,2025-04-01
139440056,52025,,316000.0,2025-04-01
139461986,72025,,367342.26,2025-04-01
139435809,12026,,112433.97,2025-04-01
139443547,12025,,277000.0,2025-04-01
139449926,72025,,199000.0,2025-04-01
139437717,12026,,244713.85,2025-04-01
139449983,12025,,378000.0,2025-04-01
139438723,12026,,256239.08,2025-04-01
139453018,12026,,313190.68,2025-04-01
139442872,62025,,373000.0,2025-04-01
139459633,52025,,165000.0,2025-04-01
139467161,32025,,166000.0,2025-04-01
139447304,92025,,118148.48,2025-04-01
139454051,82025,,320000.0,2025-04-01
139442097,32025,,180000.0,2025-04-01
139445971,82025,,183422.69,2025-04-01
139448756,22025,,608000.0,2025-04-01
139466052,72025,,151000.0,2025-04-01
139440533,122025,,260504.39,2025-04-01
139443094,122025,,425476.24,2025-04-01
139467499,12026,,767267.49,2025-04-01
139453868,42025,,284000.0,2025-04-01
139449445,102025,,563183.87,2025-04-01
139457686,52025,,957000.0,2025-04-01
139441030,62025,,160000.0,2025-04-01
139461411,102025,,312621.23,2025-04-01
139446290,52025,,705000.0,2025-04-01
139451768,42025,,371000.0,2025-04-01
139454736,22026,,657646.19,2025-04-01
139466047,52025,,309000.0,2025-04-01
139463302,22025,,154000.0,2025-04-01
139465339,22026,,306696.22,2025-04-01
139442048,102025,,449561.91,2025-04-01
139465453,82025,,107000.0,2025-04-01
139443133,22025,,324000.0,2025-04-01
139446415,22025,,671000.0,2025-04-01
139460698,52025,,211000.0,2025-04-01
139467765,82025,,253659.95,2025-04-01
139451104,92025,,74176.66,2025-04-01
139436868,12025,,100000.0,2025-04-01
139467898,12026,,266264.21,2025-04-01
139466979,92025,,618320.4,2025-04-01
139444941,22025,,267000.0,2025-04-01
139447600,22025,,88000.0,2025-04-01
139458383,122025,,250642.36,2025-04-01
139437736,22026,,284247.49,2025-04-01
139450165,112025,,334304.88,2025-04-01
139438333,62025,,80000.0,2025-04-01
139440184,12025,,297000.0,2025-04-01
139461040,52025,,331000.0,2025-04-01
139445488,122025,,570982.49,2025-04-01
139447010,82025,,788705.72,2025-04-01
139453284,72025,,555000.0,2025-04-01
139444335,112025,,479394.08,2025-04-01
139444583,52025,,222000.0,2025-04-01
139460059,112025,,217958.04,2025-04-01
139442135,102025,,373523.73,2025-04-01
139445849,122025,,462439.58,2025-04-01
139466756,92025,,358526.96,2025-04-01
139436486,62025,,179000.0,2025-04-01
139437459,82025,,129000.0,2025-04-01
139439732,52025,,184000.0,2025-04-01
139440601,122025,,468928.72,2025-04-01
139442406,32026,,197135.51,2025-04-01
139459011,22026,,630260.62,2025-04-01
139452735,102025,,377113.36,2025-04-01
139448674,12025,,80000.0,2025-04-01
139452266,122025,,533924.43,2025-04-01
139448946,12025,,325000.0,2025-04-01
139466472,42025,,175000.0,2025-04-01
139437788,12025,,372000.0,2025-04-01
139436759,12026,,176739.95,2025-04-01
139461654,112025,,561725.63,2025-04-01
139450575,12025,,320000.0,2025-04-01
139468582,72025,,285000.0,2025-04-01
139463652,62025,,215000.0,2025-04-01
139461867,42025,,511000.0,2025-04-01
139435947,12026,,384152.6,2025-04-01
139444940,22025,,252000.0,2025-04-01
139466952,32025,,185000.0,2025-04-01
139449677,82025,,375944.82,2025-04-01
139447576,92025,,566185.02,2025-04-01
139440332,12026,,322081.32,2025-04-01
139459406,22025,,471000.0,2025-04-01
139437261,112025,,333138.1,2025-04-01
139448615,42025,,332000.0,2025-04-01
139444304,22025,,458000.0,2025-04-01
139459564,32026,,345762.65,2025-04-01
139450803,12026,,189522.77,2025-04-01
139469225,112025,,663678.55,2025-04-01
139436344,12025,,618000.0,2025-04-01
139460114,12025,,250000.0,2025-04-01
139469691,12026,,412865.04,2025-04-01
139450813,22025,,223000.0,2025-04-01
139464577,52025,,49000.0,2025-04-01
139437129,32025,,497000.0,2025-04-01
139460325,32025,,705000.0,2025-04-01
139467512,12026,,208016.28,2025-04-01
139440432,102025,,152728.3,2025-04-01
139454732,12025,,386000.0,2025-04-01
139446466,32026,,359853.06,2025-04-01
139461920,12026,,157336.39,2025-04-01
139468117,52025,,323000.0,2025-04-01
139467932,52025,,450000.0,2025-04-01
139457266,32025,,508000.0,2025-04-01
139467280,22025,,584000.0,2025-04-01
139453415,22025,,349000.0,2025-04-01
139456057,32026,,253334.53,2025-04-01
139464657,12026,,286754.28,2025-04-01
139466644,32025,,293000.0,2025-04-01
139466585,92025,,760850.36,2025-04-01
139437882,82025,,133951.27,2025-04-01
139435947,62025,,386000.0,2025-04-01
139451282,112025,,382029.75,2025-04-01
139463519,52025,,787000.0,2025-04-01
139458508,32026,,173378.73,2025-04-01
139457269,72025,,149000.0,2025-04-01
139443986,12026,,461872.69,2025-04-01
139435615,112025,,361756.9,2025-04-01
139450109,122025,,727489.85,2025-04-01
139451360,52025,,584000.0,2025-04-01
139451150,122025,,548942.25,2025-04-01
139469051,72025,,60000.0,2025-04-01
139450436,42025,,644000.0,2025-04-01
139456176,32025,,704000.0,2025-04-01
139436584,92025,,245386.63,2025-04-01
139459635,112025,,629388.22,2025-04-01
139453907,12026,,266909.87,2025-04-01
139439917,72025,,100000.0,2025-04-01
139448376,112025,,46300.0,2025-04-01
139460718,52025,,55000.0,2025-04-01
139466049,32026,,275342.91,2025-04-01
139457761,32026,,600186.51,2025-04-01
139442307,62025,,134000.0,2025-04-01
139449899,12026,,222190.21,2025-04-01
139444082,52025,,178000.0,2025-04-01
139458472,122025,,246886.39,2025-04-01
139447813,122025,,96540.03,2025-04-01
139464086,12026,,180060.78,2025-04-01
139442125,52025,,286000.0,2025-04-01
139465291,22026,,481381.2,2025-04-01
139444430,122025,,170878.86,2025-04-01
139461898,42025,,443000.0,2025-04-01
139442255,112025,,406677.11,2025-04-01
139465002,62025,,159000.0,2025-04-01
139455274,12025,,316000.0,2025-04-01
139467081,62025,,368000.0,2025-04-01
139462336,82025,,93208.5,2025-04-01
139445143,62025,,267000.0,2025-04-01
139467616,42025,,184000.0,2025-04-01
139453336,32025,,551000.0,2025-04-01
139447894,102025,,182491.52,2025-04-01
139450267,62025,,654000.0,2025-04-01
139461210,72025,,72000.0,2025-04-01
139452765,42025,,239000.0,2025-04-01
139443601,22026,,288947.33,2025-04-01
139468953,22026,,204841.54,2025-04-01
139453691,32025,,155000.0,2025-04-01
139440344,122025,,176758.71,2025-04-01
139439118,52025,,86000.0,2025-04-01
139461900,82025,,282863.85,2025-04-01
139447744,72025,,279000.0,2025-04-01
139456503,12025,,373000.0,2025-04-01
139448897,122025,,181124.91,2025-04-01
139440260,102025,,234786.68,2025-04-01
139461412,102025,,320410.52,2025-04-01
139450136,62025,,587000.0,2025-04-01
139464259,32025,,0.0,2025-04-01
139469036,22026,,97605.52,2025-04-01
139458143,32026,,174392.56,2025-04-01
139456533,122025,,487693.82,2025-04-01
139460904,122025,,217525.07,2025-04-01
139459055,22025,,280000.0,2025-04-01
139470159,82025,,260003.18,2025-04-01
139445565,62025,,384000.0,2025-04-01
139456698,12025,,165000.0,2025-04-01
139447338,82025,,170762.31,2025-04-01
139459292,52025,,308419.02,2025-04-01
139452217,32025,,84000.0,2025-04-01
139441832,82025,,556000.0,2025-04-01
139467613,82025,,783676.27,2025-04-01
139458705,42025,,273000.0,2025-04-01
139437731,22026,,196627.26,2025-04-01
139448023,72025,,180000.0,2025-04-01
139448587,82025,,388211.19,2025-04-01
139447855,42025,,199000.0,2025-04-01
139455948,32026,,292816.31,2025-04-01
139440322,92025,,94920.14,2025-04-01
139442847,12026,,272728.95,2025-04-01
139468384,122025,,450391.19,2025-04-01
139447059,102025,,454147.9,2025-04-01
139454280,52025,,785000.0,2025-04-01
139461122,22025,,375000.0,2025-04-01
139465034,72025,,83000.0,2025-04-01
139463212,32026,,713418.58,2025-04-01
139457711,42025,,668000.0,2025-04-01
139465725,72025,,190000.0,2025-04-01
139445719,62025,,192655.09,2025-04-01
139456155,42025,,602000.0,2025-04-01
139444513,82025,,215870.22,2025-04-01
139444628,32026,,176800.78,2025-04-01
139443829,12026,,268265.8,2025-04-01
139447353,22025,,240000.0,2025-04-01
139437177,112025,,584648.39,2025-04-01
139444806,32026,,137840.53,2025-04-01
139455644,52025,,206000.0,2025-04-01
139446816,92025,,292962.09,2025-04-01
139442395,62025,,462000.0,2025-04-01
139467752,122025,,93873.48,2025-04-01
139445222,12025,,452000.0,2025-04-01
139438231,22025,,562000.0,2025-04-01
139457043,32025,,198000.0,2025-04-01
139468518,72025,,337000.0,2025-04-01
139470256,22026,,403540.05,2025-04-01
139450669,92025,,89150.12,2025-04-01
139464606,42025,,322000.0,2025-04-01
139462867,12026,,312041.49,2025-04-01
139443309,112025,,178118.92,2025-04-01
139463889,32026,,315989.89,2025-04-01
139452332,112025,,244322.42,2025-04-01
139455055,112025,,556338.68,2025-04-01
139447608,122025,,72537.05,2025-04-01
139458105,112025,,229629.43,2025-04-01
139453220,12026,,643977.67,2025-04-01
139442491,32026,,525840.31,2025-04-01
139447586,42025,,151000.0,2025-04-01
139464050,112025,,273568.48,2025-04-01
139441010,92025,,57950.41,2025-04-01
139461866,62025,,194000.0,2025-04-01
139457124,22026,,269367.06,2025-04-01
139468580,12026,,249078.76,2025-04-01
139454275,102025,,708438.05,2025-04-01
139440712,82025,,88215.69,2025-04-01
139453895,32025,,89000.0,2025-04-01
139470254,22025,,207000.0,2025-04-01
139454008,12025,,100000.0,2025-04-01
139439115,102025,,218402.83,2025-04-01
139461859,122025,,299281.25,2025-04-01
139444165,82025,,448000.0,2025-04-01
139467365,62025,,174000.0,2025-04-01
139437293,72025,,101000.0,2025-04-01
139445249,52025,,436000.0,2025-04-01
139462804,52025,,53000.0,2025-04-01
139460308,32025,,286000.0,2025-04-01
139437095,22026,,400197.78,2025-04-01
139457920,22025,,724000.0,2025-04-01
139448199,22026,,104314.38,2025-04-01
139460157,92025,,495742.61,2025-04-01
139457948,92025,,340790.51,2025-04-01
139444399,82025,,76923.5,2025-04-01
139438578,22025,,168000.0,2025-04-01
139466410,32026,,482952.66,2025-04-01
139453171,32026,,347717.91,2025-04-01
139462851,122025,,409097.03,2025-04-01
139455435,72025,,578000.0,2025-04-01
139439501,72025,,217224.1,2025-04-01
139460293,72025,,318000.0,2025-04-01
139441937,32025,,130000.0,2025-04-01
139456654,32026,,119304.6,2025-04-01
139436919,112025,,511437.7,2025-04-01
139458733,82025,,71000.0,2025-04-01
139444609,102025,,179188.44,2025-04-01
139459692,52025,,237000.0,2025-04-01
139461073,92025,,175943.52,2025-04-01
139456384,42025,,282000.0,2025-04-01
139460445,72025,,266317.21,2025-04-01
139460978,22026,,377035.55,2025-04-01
139455425,32025,,90000.0,2025-04-01
139437128,12025,,456000.0,2025-04-01
139445980,32026,,142773.12,2025-04-01
139439213,122025,,431306.55,2025-04-01
139454578,12025,,306000.0,2025-04-01
139446462,32026,,370652.26,2025-04-01
139438881,12026,,324202.31,2025-04-01
139468896,22025,,481000.0,2025-04-01
139455814,32025,,395000.0,2025-04-01
139442544,22025,,564000.0,2025-04-01
139441151,22026,,88907.25,2025-04-01
139460951,22026,,484384.66,2025-04-01
139465884,22025,,350000.0,2025-04-01
139441624,42025,,494000.0,2025-04-01
139460400,92025,,225637.75,2025-04-01
139436695,32025,,500000.0,2025-04-01
139446003,72025,,187000.0,2025-04-01
139465665,102025,,256572.49,2025-04-01
139442431,82025,,296774.91,2025-04-01
139467749,12026,,489932.15,2025-04-01
139451142,92025,,373038.23,2025-04-01
139436394,92025,,446761.72,2025-04-01
139440877,22025,,216000.0,2025-04-01
139460140,12025,,487000.0,2025-04-01
139462566,22025,,435000.0,2025-04-01
139451945,32025,,181000.0,2025-04-01
139466934,92025,,49071.97,2025-04-01
139452860,52025,,512000.0,2025-04-01
139463554,52025,,163000.0,2025-04-01
139463577,112025,,240144.34,2025-04-01
139441111,72025,,529000.0,2025-04-01
139466445,22025,,114000.0,2025-04-01
139462198,62025,,292000.0,2025-04-01
139450041,62025,,748386.3,2025-04-01
139469258,112025,,205512.16,2025-04-01
139440546,32025,,343000.0,2025-04-01
139437558,72025,,588543.17,2025-04-01
139459937,32026,,671292.61,2025-04-01
139435610,82025,,129163.86,2025-04-01
139466721,82025,,282068.46,2025-04-01
139437467,72025,,488000.0,2025-04-01
139467164,102025,,322631.78,2025-04-01
139450141,32026,,783398.56,2025-04-01
139464391,52025,,152000.0,2025-04-01
139464988,82025,,720868.58,2025-04-01
139463183,42025,,387000.0,2025-04-01
139467751,82025,,227235.0,2025-04-01
139447150,102025,,169697.43,2025-04-01
139449120,22025,,180000.0,2025-04-01
139439151,52025,,187000.0,2025-04-01
139451049,12025,,315000.0,2025-04-01
139442190,52025,,126000.0,2025-04-01
139470021,122025,,423434.19,2025-04-01
139441035,22025,,794000.0,2025-04-01
139437994,32025,,115000.0,2025-04-01
139442639,122025,,214746.29,2025-04-01
139444441,22025,,221000.0,2025-04-01
139462803,72025,,100000.0,2025-04-01
139441956,112025,,552802.78,2025-04-01
139449199,32025,,207000.0,2025-04-01
139460069,12025,,560000.0,2025-04-01
139449890,22025,,249000.0,2025-04-01
139461539,42025,,46000.0,2025-04-01
139450811,22025,,125000.0,2025-04-01
139444310,52025,,244000.0,2025-04-01
139456547,32025,,344000.0,2025-04-01
139436582,72025,,463000.0,2025-04-01
139469776,102025,,782399.65,2025-04-01
139465220,62025,,315000.0,2025-04-01
139446111,92025,,244541.36,2025-04-01
139463830,22025,,194000.0,2025-04-01
139466147,32026,,166622.09,2025-04-01
139469673,52025,,449000.0,2025-04-01
139462603,82025,,437464.0,2025-04-01
139436633,12026,,282930.99,2025-04-01
139465959,82025,,435000.0,2025-04-01
139454675,62025,,275000.0,2025-04-01
139469590,112025,,507046.49,2025-04-01
139439592,92025,,399708.97,2025-04-01
139462217,22025,,255000.0,2025-04-01
139460521,22025,,183000.0,2025-04-01
139449409,122025,,271739.18,2025-04-01
139469997,22026,,712664.45,2025-04-01
139447111,62025,,203000.0,2025-04-01
139451467,22025,,217000.0,2025-04-01
139441604,22025,,182000.0,2025-04-01
139465301,12026,,98828.16,2025-04-01
139468710,102025,,86583.36,2025-04-01
139454560,122025,,158970.77,2025-04-01
139456233,22025,,496000.0,2025-04-01
139450985,22025,,802000.0,2025-04-01
139465001,72025,,198000.0,2025-04-01
139447063,122025,,267727.79,2025-04-01
139440861,52025,,141000.0,2025-04-01
139464144,32026,,222456.37,2025-04-01
139468455,102025,,309863.19,2025-04-01
139469686,62025,,162000.0,2025-04-01
139444337,92025,,399228.84,2025-04-01
139442164,12025,,127000.0,2025-04-01
139459049,32026,,320229.22,2025-04-01
139443126,12026,,572590.09,2025-04-01
139457572,122025,,84068.9,2025-04-01
139437001,52025,,198000.0,2025-04-01
139468303,42025,,276000.0,2025-04-01
139437084,122025,,284320.68,2025-04-01
139465764,62025,,638000.0,2025-04-01
139458664,22026,,289480.37,2025-04-01
139465190,32025,,252000.0,2025-04-01
139451844,32026,,394878.04,2025-04-01
139436213,52025,,285000.0,2025-04-01
139455552,102025,,95683.96,2025-04-01
139456979,12025,,181000.0,2025-04-01
139455271,12026,,167098.67,2025-04-01
139436021,122025,,0.0,2025-04-01
139459574,52025,,127000.0,2025-04-01
139463510,92025,,297370.2,2025-04-01
139469498,32025,,160000.0,2025-04-01
139460705,122025,,418133.4,2025-04-01
139437173,102025,,161569.26,2025-04-01
139448251,112025,,276454.02,2025-04-01
139451836,62025,,612000.0,2025-04-01
139465206,22026,,239507.3,2025-04-01
139448101,72025,,313000.0,2025-04-01
139454595,42025,,58000.0,2025-04-01
139459269,12025,,628000.0,2025-04-01
139453175,62025,,167000.0,2025-04-01
139458247,32025,,369000.0,2025-04-01
139466404,122025,,98882.24,2025-04-01
139455775,32026,,98688.8,2025-04-01
139460299,22026,,482083.25,2025-04-01
139467344,32025,,202000.0,2025-04-01
139436419,102025,,375036.57,2025-04-01
139457050,32026,,729196.14,2025-04-01
139450826,22025,,65000.0,2025-04-01
139459069,22026,,351220.95,2025-04-01
139468414,32026,,250718.98,2025-04-01
139465297,122025,,606859.62,2025-04-01
139463336,122025,,291928.64,2025-04-01
139460481,32025,,165000.0,2025-04-01
139450730,32025,,458000.0,2025-04-01
139458676,122025,,185064.85,2025-04-01
139451036,22026,,561199.09,2025-04-01
139437191,22025,,595000.0,2025-04-01
139447805,22026,,234873.64,2025-04-01
139444946,72025,,271000.0,2025-04-01
139462733,82025,,83472.56,2025-04-01
139461143,12025,,483000.0,2025-04-01
139450378,92025,,445524.42,2025-04-01
139451470,42025,,199000.0,2025-04-01
139456354,22026,,242655.85,2025-04-01
139455657,52025,,263000.0,2025-04-01
139453535,72025,,90000.0,2025-04-01
139466365,12026,,267292.06,2025-04-01
139452954,122025,,272879.8,2025-04-01
139439143,102025,,446190.09,2025-04-01
139455844,32026,,669901.89,2025-04-01
139467116,92025,,272895.71,2025-04-01
139447214,12025,,240000.0,2025-04-01
139437332,122025,,124263.62,2025-04-01
139470014,32026,,280739.67,2025-04-01
139462403,72025,,614000.0,2025-04-01
139457357,72025,,159113.63,2025-04-01
139441319,62025,,503000.0,2025-04-01
139458973,32025,,213000.0,2025-04-01
139440398,62025,,793000.0,2025-04-01
139442622,92025,,232022.51,2025-04-01
139440291,82025,,200264.14,2025-04-01
139464329,32025,,710000.0,2025-04-01
139463780,82025,,74000.0,2025-04-01
139453889,32025,,159000.0,2025-04-01
139437078,72025,,523000.0,2025-04-01
139448784,122025,,311362.08,2025-04-01
139458515,102025,,148190.46,2025-04-01
139457835,122025,,260962.99,2025-04-01
139452856,102025,,250924.64,2025-04-01
139435539,12025,,181000.0,2025-04-01
139465943,12025,,284000.0,2025-04-01
139459570,122025,,251899.57,2025-04-01
139444006,62025,,215000.0,2025-04-01
139456382,12025,,305000.0,2025-04-01
139444466,22025,,205000.0,2025-04-01
139451452,12025,,273000.0,2025-04-01
139456896,32026,,423708.15,2025-04-01
139453232,62025,,455000.0,2025-04-01
139468267,112025,,971454.75,2025-04-01
139451505,42025,,477000.0,2025-04-01
139445397,72025,,0.0,2025-04-01
139458706,102025,,9341.39,2025-04-01
139453085,102025,,295705.84,2025-04-01
139439591,112025,,247738.67,2025-04-01
139451063,72025,,258805.33,2025-04-01
139445782,72025,,246000.0,2025-04-01
139444233,92025,,294546.04,2025-04-01
139442251,52025,,222000.0,2025-04-01
139452312,32025,,256000.0,2025-04-01
139444464,112025,,167543.04,2025-04-01
139448822,12025,,197000.0,2025-04-01
139451995,32025,,154000.0,2025-04-01
139451351,102025,,337239.82,2025-04-01
139440995,32026,,194536.45,2025-04-01
139450908,82025,,801302.71,2025-04-01
139452651,12025,,130000.0,2025-04-01
139453217,52025,,212000.0,2025-04-01
139451683,112025,,468803.58,2025-04-01
139460023,122025,,344227.66,2025-04-01
139447417,32025,,95000.0,2025-04-01
139455338,42025,,447000.0,2025-04-01
139458563,62025,,107000.0,2025-04-01
139447019,122025,,44482.91,2025-04-01
139460320,112025,,729012.98,2025-04-01
139464517,92025,,285251.98,2025-04-01
139464508,32026,,72603.59,2025-04-01
139458901,92025,,95989.24,2025-04-01
139438193,122025,,591126.53,2025-04-01
139453710,32026,,0.0,2025-04-01
139464163,22025,,279000.0,2025-04-01
139467158,72025,,431000.0,2025-04-01
139452133,32025,,349000.0,2025-04-01
139450663,22025,,257000.0,2025-04-01
139445072,22025,,240000.0,2025-04-01
139439139,42025,,243000.0,2025-04-01
139464817,32026,,257739.92,2025-04-01
139454693,72025,,763000.0,2025-04-01
139445149,112025,,277809.54,2025-04-01
139462075,52025,,271000.0,2025-04-01
139446943,62025,,273000.0,2025-04-01
139441025,22026,,458943.08,2025-04-01
139452074,102025,,386183.39,2025-04-01
139467867,12025,,189000.0,2025-04-01
139450050,112025,,371405.23,2025-04-01
139440607,32026,,577450.45,2025-04-01
139453118,82025,,514327.94,2025-04-01
139450991,62025,,289000.0,2025-04-01
139469456,122025,,210289.81,2025-04-01
139448670,112025,,171183.13,2025-04-01
139466422,42025,,142000.0,2025-04-01
139467168,52025,,91000.0,2025-04-01
139437908,112025,,248758.25,2025-04-01
139453668,22026,,317874.12,2025-04-01
139435541,102025,,133274.7,2025-04-01
139456589,22025,,292000.0,2025-04-01
139460642,12025,,236000.0,2025-04-01
139462339,52025,,236000.0,2025-04-01
139447680,72025,,0.0,2025-04-01
139452675,22025,,200000.0,2025-04-01
139442828,12026,,227054.75,2025-04-01
139458716,62025,,338000.0,2025-04-01
139440189,92025,,692681.26,2025-04-01
139452287,122025,,95814.23,2025-04-01
139436671,12025,,320000.0,2025-04-01
139456940,42025,,236000.0,2025-04-01
139447344,62025,,538960.54,2025-04-01
139461051,22026,,295266.36,2025-04-01
139455489,92025,,231407.18,2025-04-01
139456041,32026,,243740.91,2025-04-01
139445969,32026,,216027.43,2025-04-01
139446873,112025,,226180.11,2025-04-01
139467665,32025,,509000.0,2025-04-01
139448208,22025,,547000.0,2025-04-01
139446793,62025,,235000.0,2025-04-01
139451302,12026,,197611.22,2025-04-01
139449667,82025,,519000.0,2025-04-01
139456347,122025,,520769.91,2025-04-01
139442624,112025,,39176.27,2025-04-01
139458382,72025,,457000.0,2025-04-01
139451283,22026,,415010.59,2025-04-01
139455017,12026,,720245.79,2025-04-01
139458979,112025,,649982.58,2025-04-01
139441743,62025,,383000.0,2025-04-01
139458319,32025,,648000.0,2025-04-01
139451923,42025,,404000.0,2025-04-01
139444358,122025,,286592.05,2025-04-01
139440244,92025,,307539.42,2025-04-01
139435826,62025,,323000.0,2025-04-01
139452623,102025,,180212.54,2025-04-01
139465507,92025,,92297.94,2025-04-01
139465979,82025,,538148.74,2025-04-01
139441972,42025,,117000.0,2025-04-01
139459518,32025,,551000.0,2025-04-01
139446654,72025,,299000.0,2025-04-01
139448255,42025,,316000.0,2025-04-01
139443426,122025,,105780.08,2025-04-01
139442769,92025,,515596.89,2025-04-01
139463028,102025,,169833.08,2025-04-01
139452321,12025,,250000.0,2025-04-01
139456711,72025,,75000.0,2025-04-01
139469670,22025,,349000.0,2025-04-01
139438495,22025,,174000.0,2025-04-01
139444053,22026,,783284.12,2025-04-01
139460341,72025,,488000.0,2025-04-01
139439062,12025,,199000.0,2025-04-01
139443068,62025,,712000.0,2025-04-01
139453971,102025,,480928.97,2025-04-01
139464918,12026,,544512.42,2025-04-01
139450704,22026,,702078.07,2025-04-01
139438359,82025,,155612.26,2025-04-01
139466395,12026,,362254.93,2025-04-01
139436413,122025,,326628.77,2025-04-01
139466102,82025,,217989.02,2025-04-01
139450377,12025,,275000.0,2025-04-01
139446700,32026,,165758.92,2025-04-01
139441460,32026,,373132.73,2025-04-01
139456610,32025,,296000.0,2025-04-01
139443534,72025,,443607.82,2025-04-01
139459943,32025,,316000.0,2025-04-01
139457763,12025,,447000.0,2025-04-01
139440422,122025,,367341.66,2025-04-01
139453022,52025,,449000.0,2025-04-01
139462405,32026,,630900.51,2025-04-01
139467448,12025,,190000.0,2025-04-01
139459896,22025,,370000.0,2025-04-01
139455822,22026,,285357.93,2025-04-01
139459516,32026,,268277.76,2025-04-01
139458802,92025,,328967.47,2025-04-01
139437772,72025,,469607.81,2025-04-01
139446464,122025,,554507.7,2025-04-01
139467161,62025,,165000.0,2025-04-01
139465362,22026,,204151.81,2025-04-01
139438130,72025,,354000.0,2025-04-01
139469518,62025,,206999.93,2025-04-01
139456864,122025,,262954.88,2025-04-01
139450302,112025,,231391.02,2025-04-01
139453067,32026,,181571.23,2025-04-01
139467826,22026,,331760.02,2025-04-01
139436953,22025,,237000.0,2025-04-01
139464220,92025,,344101.16,2025-04-01
139468309,92025,,64561.45,2025-04-01
139435896,82025,,522411.41,2025-04-01
139446511,32025,,130000.0,2025-04-01
139452166,32025,,160000.0,2025-04-01
139444704,22026,,346427.15,2025-04-01
139466144,12025,,791000.0,2025-04-01
139437600,112025,,335268.7,2025-04-01
139455156,102025,,0.0,2025-04-01
139442055,112025,,369010.48,2025-04-01
139452942,112025,,123946.03,2025-04-01
139441853,92025,,375554.52,2025-04-01
139450389,72025,,756000.0,2025-04-01
139460979,62025,,392000.0,2025-04-01
139449571,112025,,71386.88,2025-04-01
139444638,52025,,536000.0,2025-04-01
139466271,62025,,448000.0,2025-04-01
139442073,72025,,237000.0,2025-04-01
139462261,12025,,53000.0,2025-04-01
139468253,52025,,199000.0,2025-04-01
139435854,112025,,693946.73,2025-04-01
139452910,62025,,705000.0,2025-04-01
139437127,22026,,237123.25,2025-04-01
139438583,32025,,313000.0,2025-04-01
139461188,32026,,446346.85,2025-04-01
139455920,12026,,356891.14,2025-04-01
139444935,122025,,409705.35,2025-04-01
139466769,42025,,433000.0,2025-04-01
139442242,52025,,297000.0,2025-04-01
139461292,32025,,222000.0,2025-04-01
139469652,22025,,518000.0,2025-04-01
139444662,32025,,105000.0,2025-04-01
139465728,52025,,491000.0,2025-04-01
139467960,12026,,108741.01,2025-04-01
139447445,42025,,142000.0,2025-04-01
139457970,12026,,186616.29,2025-04-01
139455447,72025,,129000.0,2025-04-01
139469483,12026,,515552.01,2025-04-01
139447273,122025,,188977.16,2025-04-01
139451988,32026,,332840.34,2025-04-01
139468845,72025,,115000.0,2025-04-01
139454359,12026,,89019.97,2025-04-01
139465217,22026,,123950.93,2025-04-01
139440729,62025,,519000.0,2025-04-01
139454309,32025,,88000.0,2025-04-01
139445869,22025,,150000.0,2025-04-01
139438484,32026,,437570.24,2025-04-01
139453708,62025,,244000.0,2025-04-01
139456535,22025,,392000.0,2025-04-01
139440665,72025,,496000.0,2025-04-01
139463197,82025,,473255.11,2025-04-01
139466718,32026,,639000.21,2025-04-01
139455122,102025,,686037.78,2025-04-01
139468799,12025,,100000.0,2025-04-01
139445943,82025,,346831.35,2025-04-01
139443924,22026,,275749.13,2025-04-01
139447043,62025,,92000.0,2025-04-01
139435594,22026,,297571.86,2025-04-01
139458018,112025,,0.0,2025-04-01
139453057,92025,,148799.87,2025-04-01
139453864,12026,,366150.01,2025-04-01
139457203,72025,,85000.0,2025-04-01
139461448,52025,,392000.0,2025-04-01
139442727,52025,,299000.0,2025-04-01
139453789,32026,,363298.75,2025-04-01
139459582,52025,,160000.0,2025-04-01
139455576,22025,,366000.0,2025-04-01
139462316,12026,,276344.09,2025-04-01
139449204,52025,,140000.0,2025-04-01
139451932,82025,,140862.18,2025-04-01
139442660,32026,,229103.47,2025-04-01
139438873,42025,,329000.0,2025-04-01
139438315,22025,,595000.0,2025-04-01
139442248,102025,,198275.74,2025-04-01
139435586,22026,,414388.06,2025-04-01
139436223,112025,,333204.21,2025-04-01
139468802,52025,,442000.0,2025-04-01
139440224,62025,,261000.0,2025-04-01
139457423,72025,,246000.0,2025-04-01
139440027,82025,,258592.32,2025-04-01
139447580,112025,,234423.1,2025-04-01
139438131,32025,,152000.0,2025-04-01
139457937,32025,,241000.0,2025-04-01
139467656,122025,,66225.22,2025-04-01
139465106,122025,,254033.86,2025-04-01
139442118,32025,,214000.0,2025-04-01
139450822,92025,,118034.0,2025-04-01
139448318,92025,,420948.82,2025-04-01
139465492,102025,,541267.42,2025-04-01
139439219,32025,,143000.0,2025-04-01
139468383,62025,,121000.0,2025-04-01
139456518,112025,,232764.58,2025-04-01
139441501,42025,,191000.0,2025-04-01
139465385,42025,,270000.0,2025-04-01
139467443,122025,,493295.9,2025-04-01
139441962,92025,,487360.22,2025-04-01
139450509,112025,,838866.71,2025-04-01
139440712,102025,,87030.02,2025-04-01
139465443,22026,,231800.18,2025-04-01
139441464,112025,,132281.55,2025-04-01
139463637,122025,,458969.6,2025-04-01
139446476,12026,,311378.08,2025-04-01
139453033,112025,,493961.82,2025-04-01
139435763,52025,,143000.0,2025-04-01
139454017,22026,,377427.8,2025-04-01
139452594,62025,,111000.0,2025-04-01
139468740,32025,,360000.0,2025-04-01
139469233,62025,,338000.0,2025-04-01
139468622,112025,,509218.9,2025-04-01
139453206,22026,,49112.54,2025-04-01
139449252,112025,,713487.43,2025-04-01
139443185,22025,,98000.0,2025-04-01
139467312,102025,,718741.41,2025-04-01
139453462,62025,,76000.0,2025-04-01
139437657,92025,,344547.57,2025-04-01
139447061,72025,,113000.0,2025-04-01
139456902,92025,,311982.87,2025-04-01
139455717,122025,,266566.8,2025-04-01
139465250,22026,,515775.96,2025-04-01
139452620,32025,,499000.0,2025-04-01
139451996,62025,,281000.0,2025-04-01
139439900,92025,,341098.31,2025-04-01
139464034,12025,,293000.0,2025-04-01
139468474,32026,,354402.93,2025-04-01
139448951,52025,,94000.0,2025-04-01
139466413,72025,,94260.36,2025-04-01
139440214,32025,,172000.0,2025-04-01
139447251,22026,,369525.27,2025-04-01
139459397,52025,,244000.0,2025-04-01
139444433,122025,,282350.83,2025-04-01
139437838,32025,,384000.0,2025-04-01
139452611,12026,,333863.52,2025-04-01
139457252,22025,,123000.0,2025-04-01
139466034,42025,,189000.0,2025-04-01
139438990,92025,,226011.88,2025-04-01
139440637,42025,,101000.0,2025-04-01
139452475,12025,,341000.0,2025-04-01
139463623,122025,,218350.35,2025-04-01
139463785,52025,,0.0,2025-04-01
139456578,22026,,348469.68,2025-04-01
139442566,122025,,320476.72,2025-04-01
139454522,122025,,90209.43,2025-04-01
139459623,92025,,198658.8,2025-04-01
139440298,92025,,163386.64,2025-04-01
139444544,12025,,200000.0,2025-04-01
139446008,52025,,268000.0,2025-04-01
139440839,32026,,335848.61,2025-04-01
139464420,42025,,210474.42,2025-04-01
139454077,12025,,74000.0,2025-04-01
139440930,32025,,241000.0,2025-04-01
139466688,122025,,145310.46,2025-04-01
139437671,32026,,459245.69,2025-04-01
139441489,42025,,323000.0,2025-04-01
139438618,32025,,650000.0,2025-04-01
139448374,42025,,541000.0,2025-04-01
139454880,112025,,109457.57,2025-04-01
139442642,72025,,217000.0,2025-04-01
139441253,62025,,262000.0,2025-04-01
139458182,52025,,403000.0,2025-04-01
139461465,22025,,343000.0,2025-04-01
139442280,22025,,214000.0,2025-04-01
139451467,102025,,213715.54,2025-04-01
139462279,92025,,271670.94,2025-04-01
139452947,92025,,161964.65,2025-04-01
139461731,22025,,143000.0,2025-04-01
139435705,72025,,298000.0,2025-04-01
139444383,72025,,393452.98,2025-04-01
139454261,62025,,467001.2,2025-04-01
139442186,52025,,157000.0,2025-04-01
139440165,122025,,195877.24,2025-04-01
139464942,52025,,227000.0,2025-04-01
139466976,92025,,123894.98,2025-04-01
139451949,22026,,212606.02,2025-04-01
139442327,102025,,405489.17,2025-04-01
139463190,72025,,102000.0,2025-04-01
139454284,22026,,447277.08,2025-04-01
139442775,52025,,792000.0,2025-04-01
139446138,72025,,797954.01,2025-04-01
139451736,72025,,604273.22,2025-04-01
139437856,92025,,254300.39,2025-04-01
139445836,52025,,160000.0,2025-04-01
139440276,32025,,374000.0,2025-04-01
139463185,42025,,201000.0,2025-04-01
139470126,72025,,229000.0,2025-04-01
139444649,62025,,110000.0,2025-04-01
139460227,52025,,293000.0,2025-04-01
139450353,42025,,805000.0,2025-04-01
139453989,32026,,197020.65,2025-04-01
139458453,42025,,646000.0,2025-04-01
139445366,22025,,280000.0,2025-04-01
139436142,122025,,262355.46,2025-04-01
139455489,122025,,230792.99,2025-04-01
139449503,92025,,319716.82,2025-04-01
139446435,12025,,168000.0,2025-04-01
139458249,32026,,187400.09,2025-04-01
139460544,12025,,320000.0,2025-04-01
139437273,62025,,199000.0,2025-04-01
139450649,22026,,478707.29,2025-04-01
139447986,122025,,459702.06,2025-04-01
139453890,22026,,196681.34,2025-04-01
139466447,32025,,159000.0,2025-04-01
139449997,122025,,126720.39,2025-04-01
139446330,92025,,525434.03,2025-04-01
139443935,102025,,452555.78,2025-04-01
139448498,12026,,404348.62,2025-04-01
139452928,22025,,426000.0,2025-04-01
139468527,82025,,1002777.61,2025-04-01
139453383,72025,,597000.0,2025-04-01
139459449,32026,,397381.63,2025-04-01
139459014,122025,,290531.89,2025-04-01
139468813,12025,,599000.0,2025-04-01
139457813,112025,,173559.97,2025-04-01
139443443,32025,,624000.0,2025-04-01
139435790,12026,,168950.7,2025-04-01
139447256,32025,,100000.0,2025-04-01
139462725,102025,,579525.74,2025-04-01
139445484,12026,,885480.93,2025-04-01
139465416,32026,,158138.68,2025-04-01
139447591,42025,,289000.0,2025-04-01
139435749,102025,,267628.28,2025-04-01
139445478,122025,,554934.71,2025-04-01
139456457,22025,,119000.0,2025-04-01
139451778,52025,,316000.0,2025-04-01
139462014,52025,,524000.0,2025-04-01
139456922,32025,,143000.0,2025-04-01
139463660,102025,,314470.74,2025-04-01
139449334,42025,,510000.0,2025-04-01
139456499,22026,,273145.88,2025-04-01
139440350,32025,,345000.0,2025-04-01
139456339,42025,,471000.0,2025-04-01
139460903,52025,,596000.0,2025-04-01
139457099,122025,,579935.23,2025-04-01
139457735,22025,,148000.0,2025-04-01
139458838,22026,,116411.77,2025-04-01
139447170,112025,,274447.23,2025-04-01
139438129,12025,,802000.0,2025-04-01
139454427,62025,,108000.0,2025-04-01
139464086,12025,,184000.0,2025-04-01
139448531,82025,,427488.66,2025-04-01
139440332,122025,,322416.41,2025-04-01
139435574,12025,,352000.0,2025-04-01
139449112,52025,,803000.0,2025-04-01
139451267,62025,,591000.0,2025-04-01
139438037,112025,,481207.4,2025-04-01
139456525,122025,,262275.54,2025-04-01
139461160,42025,,60000.0,2025-04-01
139435668,12026,,865449.57,2025-04-01
139468187,82025,,0.0,2025-04-01
139457925,32026,,98526.27,2025-04-01
139466410,82025,,486221.49,2025-04-01
139462785,72025,,752362.25,2025-04-01
139440696,12026,,424287.61,2025-04-01
139447440,22025,,90000.0,2025-04-01
139453780,102025,,471745.36,2025-04-01
139446791,122025,,481719.5,2025-04-01
139465462,82025,,796961.74,2025-04-01
139462237,122025,,226587.63,2025-04-01
139464325,32025,,168000.0,2025-04-01
139446688,72025,,389000.0,2025-04-01
139458268,62025,,528000.0,2025-04-01
139435622,32025,,148000.0,2025-04-01
139462587,72025,,248000.0,2025-04-01
139436403,12025,,248000.0,2025-04-01
139463978,32025,,355000.0,2025-04-01
139454746,72025,,684000.0,2025-04-01
139446232,122025,,178035.33,2025-04-01
139467848,12026,,657992.29,2025-04-01
139464771,102025,,201890.71,2025-04-01
139458841,32026,,188747.14,2025-04-01
139458745,92025,,148994.06,2025-04-01
139455772,62025,,130000.0,2025-04-01
139453712,122025,,456965.39,2025-04-01
139451019,112025,,468295.67,2025-04-01
139452632,12025,,192000.0,2025-04-01
139437529,102025,,123336.53,2025-04-01
139456023,122025,,205634.23,2025-04-01
139456926,12026,,356318.73,2025-04-01
139456483,72025,,955000.0,2025-04-01
139450778,112025,,359026.59,2025-04-01
139465124,82025,,321753.65,2025-04-01
139459917,72025,,75000.0,2025-04-01
139442970,32026,,219409.94,2025-04-01
139442481,62025,,299000.0,2025-04-01
139465485,62025,,259000.0,2025-04-01
139459027,92025,,140165.19,2025-04-01
139450054,22026,,689443.34,2025-04-01
139465254,122025,,402412.69,2025-04-01
139453898,22026,,498102.96,2025-04-01
139464408,122025,,285113.92,2025-04-01
139465932,22026,,947975.35,2025-04-01
139467627,22026,,459486.29,2025-04-01
139458336,92025,,565355.25,2025-04-01
139458448,32026,,281350.5,2025-04-01
139464304,22026,,430676.18,2025-04-01
139453557,42025,,134000.0,2025-04-01
139469618,32025,,160000.0,2025-04-01
139470120,12026,,189006.07,2025-04-01
139464071,32026,,124621.38,2025-04-01
139460310,122025,,522848.37,2025-04-01
139445168,52025,,416000.0,2025-04-01
139440951,22025,,324000.0,2025-04-01
139439408,62025,,359000.0,2025-04-01
139457148,62025,,149000.0,2025-04-01
139458804,52025,,393000.0,2025-04-01
139449089,12025,,230000.0,2025-04-01
139452637,102025,,101751.08,2025-04-01
139447935,42025,,339000.0,2025-04-01
139462545,72025,,243307.35,2025-04-01
139469789,52025,,41000.0,2025-04-01
139437675,102025,,252844.24,2025-04-01
139445304,92025,,246241.77,2025-04-01
139449257,112025,,371270.35,2025-04-01
139440897,102025,,251532.59,2025-04-01
139443536,102025,,265599.44,2025-04-01
139436322,72025,,214000.0,2025-04-01
139452845,112025,,0.0,2025-04-01
139436331,72025,,312000.0,2025-04-01
139437646,122025,,185282.76,2025-04-01
139444012,22026,,157286.9,2025-04-01
139448199,12026,,104399.55,2025-04-01
139455354,42025,,127000.0,2025-04-01
139470192,32025,,658000.0,2025-04-01
139445748,72025,,492713.12,2025-04-01
139448672,32026,,93194.35,2025-04-01
139456025,22025,,259000.0,2025-04-01
139442817,22025,,445000.0,2025-04-01
139440428,42025,,344000.0,2025-04-01
139459187,22025,,150000.0,2025-04-01
139457451,12025,,178000.0,2025-04-01
139449442,42025,,346000.0,2025-04-01
139447916,22025,,474000.0,2025-04-01
139446300,22026,,251268.35,2025-04-01
139467485,102025,,324981.88,2025-04-01
139442140,22025,,512000.0,2025-04-01
139440702,112025,,334441.46,2025-04-01
139450430,122025,,217601.09,2025-04-01
139451633,62025,,654000.0,2025-04-01
139445478,72025,,558000.0,2025-04-01
139460913,42025,,295000.0,2025-04-01
139441718,62025,,290000.0,2025-04-01
139437379,112025,,204180.84,2025-04-01
139438321,32026,,335646.24,2025-04-01
139452702,102025,,125448.89,2025-04-01
139458703,122025,,280865.89,2025-04-01
139455033,112025,,177684.44,2025-04-01
139441987,112025,,259191.62,2025-04-01
139454102,82025,,371628.99,2025-04-01
139460979,12025,,393000.0,2025-04-01
139444175,52025,,492000.0,2025-04-01
139453953,112025,,118989.67,2025-04-01
139453314,62025,,583000.0,2025-04-01
139451946,122025,,215898.49,2025-04-01
139453639,82025,,92000.0,2025-04-01
139446699,42025,,498000.0,2025-04-01
139437654,42025,,379000.0,2025-04-01
139437060,82025,,803000.0,2025-04-01
139439842,12026,,147351.96,2025-04-01
139448921,72025,,944845.66,2025-04-01
139435979,122025,,228170.11,2025-04-01
139470024,12025,,218000.0,2025-04-01
139464945,62025,,99000.0,2025-04-01
139450906,52025,,177000.0,2025-04-01
139452722,82025,,465227.33,2025-04-01
139470196,62025,,199000.0,2025-04-01
139435981,112025,,153338.2,2025-04-01
139469967,112025,,117359.22,2025-04-01
139437440,62025,,637000.0,2025-04-01
139450470,72025,,597000.0,2025-04-01
139468899,42025,,302000.0,2025-04-01
139463854,22026,,141613.4,2025-04-01
139443349,42025,,268000.0,2025-04-01
139455487,52025,,407000.0,2025-04-01
139463504,22025,,400000.0,2025-04-01
139468691,122025,,431486.96,2025-04-01
139435730,52025,,468000.0,2025-04-01
139457860,102025,,109955.42,2025-04-01
139454908,22025,,224000.0,2025-04-01
139440787,12025,,367000.0,2025-04-01
139455631,22026,,86994.45,2025-04-01
139452099,22025,,315000.0,2025-04-01
139445278,32025,,332000.0,2025-04-01
139460991,42025,,239000.0,2025-04-01
139437551,112025,,134873.91,2025-04-01
139464712,72025,,384000.0,2025-04-01
139436236,82025,,79000.0,2025-04-01
139462958,122025,,390171.67,2025-04-01
139457783,52025,,97000.0,2025-04-01
139456744,112025,,75638.13,2025-04-01
139467947,42025,,232000.0,2025-04-01
139445170,82025,,477716.19,2025-04-01
139454367,62025,,184000.0,2025-04-01
139461514,22025,,189000.0,2025-04-01
139448997,22025,,221000.0,2025-04-01
139442963,82025,,45000.0,2025-04-01
139455912,12026,,171020.09,2025-04-01
139441611,32025,,199000.0,2025-04-01
139439896,32026,,292954.03,2025-04-01
139445892,32025,,458000.0,2025-04-01
139449080,122025,,295570.81,2025-04-01
139449992,12026,,281381.97,2025-04-01
139446201,62025,,101000.0,2025-04-01
139458212,42025,,426000.0,2025-04-01
139436184,12025,,106000.0,2025-04-01
139459055,82025,,267000.0,2025-04-01
139439462,22025,,216000.0,2025-04-01
139442989,12025,,285000.0,2025-04-01
139458855,52025,,188000.0,2025-04-01
139449319,22026,,240427.83,2025-04-01
139467323,32025,,287000.0,2025-04-01
139463775,92025,,117216.6,2025-04-01
139456527,12025,,641000.0,2025-04-01
139453994,12025,,383000.0,2025-04-01
139466798,72025,,169000.0,2025-04-01
139461786,112025,,780872.39,2025-04-01
139442146,122025,,531151.74,2025-04-01
139465932,82025,,953454.79,2025-04-01
139453876,12025,,419000.0,2025-04-01
139447898,42025,,134000.0,2025-04-01
139455380,122025,,455085.55,2025-04-01
139447155,82025,,119501.51,2025-04-01
139453088,32026,,106919.72,2025-04-01
139464873,112025,,65895.46,2025-04-01
139436754,102025,,255113.72,2025-04-01
139453695,122025,,555328.67,2025-04-01
139441841,62025,,555000.0,2025-04-01
139453199,32025,,386000.0,2025-04-01
139437492,72025,,171421.33,2025-04-01
139444923,72025,,464445.31,2025-04-01
139457883,82025,,503779.91,2025-04-01
139465910,32026,,840112.31,2025-04-01
139456695,22026,,553359.93,2025-04-01
139437000,32026,,377487.92,2025-04-01
139442048,32026,,447629.11,2025-04-01
139446577,22025,,310000.0,2025-04-01
139437684,62025,,611000.0,2025-04-01
139461941,52025,,97000.0,2025-04-01
139469873,112025,,264169.7,2025-04-01
139437341,102025,,338313.75,2025-04-01
139438448,72025,,623000.0,2025-04-01
139454074,122025,,639503.7,2025-04-01
139457799,22026,,231361.66,2025-04-01
139460507,72025,,186000.0,2025-04-01
139467907,22025,,346000.0,2025-04-01
139445749,52025,,498000.0,2025-04-01
139443084,32026,,125312.33,2025-04-01
139438527,52025,,384000.0,2025-04-01
139447797,72025,,230000.0,2025-04-01
139466330,32025,,422000.0,2025-04-01
139463975,62025,,378000.0,2025-04-01
139465357,92025,,338202.14,2025-04-01
139438751,22025,,679000.0,2025-04-01
139436972,42025,,204000.0,2025-04-01
139446020,22025,,300000.0,2025-04-01
139444525,12025,,125000.0,2025-04-01
139462199,62025,,1183000.0,2025-04-01
139451768,22026,,361337.09,2025-04-01
139446240,102025,,148464.46,2025-04-01
139464950,52025,,76000.0,2025-04-01
139463228,52025,,567000.0,2025-04-01
139451834,52025,,247000.0,2025-04-01
139467949,72025,,149000.0,2025-04-01
139437226,92025,,176822.15,2025-04-01
139442818,32025,,138000.0,2025-04-01
139456068,112025,,558984.48,2025-04-01
139455802,32025,,341000.0,2025-04-01
139442047,102025,,435173.88,2025-04-01
139467650,72025,,632000.0,2025-04-01
139461297,82025,,445000.0,2025-04-01
139464732,72025,,466000.0,2025-04-01
139458098,52025,,663000.0,2025-04-01
139438933,102025,,138151.86,2025-04-01
139466126,52025,,315000.0,2025-04-01
139452484,12026,,107969.81,2025-04-01
139441545,42025,,314000.0,2025-04-01
139455374,102025,,319960.62,2025-04-01
139453822,32025,,660000.0,2025-04-01
139439475,32025,,364000.0,2025-04-01
139450616,72025,,152000.0,2025-04-01
139465573,22025,,359000.0,2025-04-01
139469744,22025,,549000.0,2025-04-01
139450277,62025,,543000.0,2025-04-01
139464027,32025,,97000.0,2025-04-01
139459798,42025,,238000.0,2025-04-01
139468298,62025,,572000.0,2025-04-01
139441258,92025,,409573.15,2025-04-01
139451895,32026,,414621.82,2025-04-01
139451969,42025,,149000.0,2025-04-01
139448828,32025,,304000.0,2025-04-01
139455241,112025,,196952.26,2025-04-01
139464622,102025,,232344.59,2025-04-01
139453230,52025,,70000.0,2025-04-01
139441298,22025,,187000.0,2025-04-01
139458192,22025,,331000.0,2025-04-01
139453823,112025,,323846.47,2025-04-01
139465515,82025,,199000.0,2025-04-01
139460507,82025,,186000.0,2025-04-01
139456626,122025,,271841.79,2025-04-01
139460119,32026,,180228.9,2025-04-01
139462502,32026,,507259.41,2025-04-01
139467525,12026,,0.0,2025-04-01
139452615,12025,,322000.0,2025-04-01
139458731,42025,,169000.0,2025-04-01
139454902,22025,,289000.0,2025-04-01
139436160,102025,,783353.82,2025-04-01
139437941,82025,,174000.0,2025-04-01
139447778,72025,,249000.0,2025-04-01
139455153,52025,,197000.0,2025-04-01
139460324,12025,,170000.0,2025-04-01
139445015,72025,,105000.0,2025-04-01
139442119,12026,,177542.87,2025-04-01
139437209,102025,,669600.06,2025-04-01
139449463,52025,,278000.0,2025-04-01
139437888,42025,,109000.0,2025-04-01
139451146,42025,,297000.0,2025-04-01
139454064,32025,,268000.0,2025-04-01
139456603,12025,,258000.0,2025-04-01
139455931,102025,,193939.89,2025-04-01
139467174,112025,,466073.75,2025-04-01
139466771,112025,,317035.58,2025-04-01
139455980,92025,,755169.7,2025-04-01
139440374,12025,,166000.0,2025-04-01
139451161,32025,,464000.0,2025-04-01
139469071,32026,,140279.01,2025-04-01
139435921,72025,,286000.0,2025-04-01
139437669,112025,,142633.96,2025-04-01
139445935,92025,,651133.77,2025-04-01
139443927,22025,,749000.0,2025-04-01
139443996,32026,,128334.71,2025-04-01
139453379,22025,,288000.0,2025-04-01
139452929,52025,,292000.0,2025-04-01
139437885,92025,,76191.12,2025-04-01
139447703,12025,,283000.0,2025-04-01
139460788,122025,,257039.13,2025-04-01
139462318,102025,,355093.74,2025-04-01
139437988,12025,,450000.0,2025-04-01
139467913,32026,,342309.81,2025-04-01
139468289,42025,,295000.0,2025-04-01
139461365,52025,,99000.0,2025-04-01
139444127,82025,,106682.25,2025-04-01
139461168,32025,,455000.0,2025-04-01
139457032,42025,,768000.0,2025-04-01
139462650,12025,,250000.0,2025-04-01
139461290,112025,,187943.06,2025-04-01
139464245,62025,,389000.0,2025-04-01
139436145,22025,,355000.0,2025-04-01
139440453,112025,,770151.55,2025-04-01
139467904,112025,,417243.94,2025-04-01
139467575,52025,,771000.0,2025-04-01
139453851,32026,,49389.42,2025-04-01
139461195,22026,,114551.14,2025-04-01
139450811,12025,,125000.0,2025-04-01
139468754,122025,,324401.69,2025-04-01
139455033,12026,,177285.43,2025-04-01
139438405,112025,,687823.68,2025-04-01
139440208,102025,,692143.75,2025-04-01
139449798,12026,,211169.63,2025-04-01
139440481,12026,,0.0,2025-04-01
139466644,22025,,294000.0,2025-04-01
139469289,112025,,155398.58,2025-04-01
139466864,22025,,55000.0,2025-04-01
139467542,22025,,674000.0,2025-04-01
139448517,32026,,304727.11,2025-04-01
139443027,112025,,457263.48,2025-04-01
139450509,72025,,842000.0,2025-04-01
139467836,92025,,132019.62,2025-04-01
139447147,122025,,510298.99,2025-04-01
139446563,22026,,433231.27,2025-04-01
139450165,62025,,336074.85,2025-04-01
139461091,82025,,291361.38,2025-04-01
139441569,92025,,131338.76,2025-04-01
139455851,62025,,404000.0,2025-04-01
139446107,112025,,0.0,2025-04-01
139439153,122025,,642145.26,2025-04-01
139442769,12026,,513615.21,2025-04-01
139453958,22025,,284000.0,2025-04-01
139469815,22025,,120000.0,2025-04-01
139445352,102025,,144765.55,2025-04-01
139462870,62025,,90000.0,2025-04-01
139450402,32025,,110000.0,2025-04-01
139457170,32026,,342099.35,2025-04-01
139446902,92025,,327854.83,2025-04-01
139462529,72025,,259000.0,2025-04-01
139442969,32026,,65216.18,2025-04-01
139435976,122025,,177454.26,2025-04-01
139439072,102025,,211228.73,2025-04-01
139463250,72025,,330000.0,2025-04-01
139436401,32025,,221000.0,2025-04-01
139451874,52025,,71000.0,2025-04-01
139469538,82025,,288000.0,2025-04-01
139462625,42025,,574000.0,2025-04-01
139435946,72025,,259648.67,2025-04-01
139441110,102025,,192882.06,2025-04-01
139438337,92025,,205153.52,2025-04-01
139457484,72025,,108000.0,2025-04-01
139458805,52025,,197000.0,2025-04-01
139465647,22025,,185000.0,2025-04-01
139448317,122025,,214482.08,2025-04-01
139435840,22025,,381000.0,2025-04-01
139452947,72025,,162000.0,2025-04-01
139445382,72025,,296035.86,2025-04-01
139437495,92025,,767944.52,2025-04-01
139462105,102025,,402516.48,2025-04-01
139468426,12025,,754000.0,2025-04-01
139443091,22025,,210000.0,2025-04-01
139468346,112025,,229738.26,2025-04-01
139462936,62025,,334000.0,2025-04-01
139444374,102025,,155903.9,2025-04-01
139441450,82025,,94305.54,2025-04-01
139463699,12025,,263000.0,2025-04-01
139457996,62025,,294000.0,2025-04-01
139451727,22025,,643000.0,2025-04-01
139450890,52025,,348000.0,2025-04-01
139443306,82025,,241399.24,2025-04-01
139445113,122025,,267638.56,2025-04-01
139444857,22026,,557876.34,2025-04-01
139450115,42025,,276000.0,2025-04-01
139450832,72025,,230000.0,2025-04-01
139454382,112025,,102512.09,2025-04-01
139453705,42025,,285000.0,2025-04-01
139457394,112025,,466153.2,2025-04-01
139459592,22025,,124000.0,2025-04-01
139446338,22026,,175547.01,2025-04-01
139459366,32026,,161225.14,2025-04-01
139446476,122025,,311712.24,2025-04-01
139459242,32025,,90000.0,2025-04-01
139437411,22026,,84084.69,2025-04-01
139440947,122025,,713472.96,2025-04-01
139469014,52025,,909000.0,2025-04-01
139454228,42025,,553000.0,2025-04-01
139453030,32026,,266703.37,2025-04-01
139457074,12026,,281044.89,2025-04-01
139464302,72025,,97000.0,2025-04-01
139444099,32026,,391944.95,2025-04-01
139445852,62025,,270000.0,2025-04-01
139468531,72025,,221000.0,2025-04-01
139458360,92025,,695313.98,2025-04-01
139453451,22026,,304257.03,2025-04-01
139451999,42025,,488000.0,2025-04-01
139447875,92025,,218432.27,2025-04-01
139438045,122025,,95847.74,2025-04-01
139447114,82025,,385000.0,2025-04-01
139465372,102025,,345469.64,2025-04-01
139456642,92025,,331875.22,2025-04-01
139455568,92025,,76982.14,2025-04-01
139440391,12025,,279000.0,2025-04-01
139457551,72025,,239000.0,2025-04-01
139441860,12025,,300000.0,2025-04-01
139468438,112025,,154696.01,2025-04-01
139454367,32026,,183037.36,2025-04-01
139445019,42025,,352000.0,2025-04-01
139448260,72025,,554000.0,2025-04-01
139436871,92025,,574137.7,2025-04-01
139438826,82025,,94637.04,2025-04-01
139457370,112025,,272745.49,2025-04-01
139451755,82025,,312053.78,2025-04-01
139446130,22025,,321000.0,2025-04-01
139443492,52025,,592000.0,2025-04-01
139453910,22025,,73000.0,2025-04-01
139466051,82025,,97955.17,2025-04-01
139435820,22026,,419909.9,2025-04-01
139466118,102025,,190745.85,2025-04-01
139435797,102025,,168436.67,2025-04-01
139465727,12025,,790000.0,2025-04-01
139438381,122025,,535156.72,2025-04-01
139443144,22025,,369000.0,2025-04-01
139467163,22025,,97000.0,2025-04-01
139461752,32025,,221000.0,2025-04-01
139455071,112025,,225383.69,2025-04-01
139448127,102025,,417405.57,2025-04-01
139466717,22026,,103931.39,2025-04-01
139455276,22026,,95082.81,2025-04-01
139436875,12026,,141289.95,2025-04-01
139441955,12025,,206000.0,2025-04-01
139469797,52025,,188000.0,2025-04-01
139466314,92025,,278071.96,2025-04-01
139468797,92025,,158834.62,2025-04-01
139436908,32026,,117406.14,2025-04-01
139452253,52025,,184000.0,2025-04-01
139457357,22025,,160000.0,2025-04-01
139449214,12026,,190733.77,2025-04-01
139453966,32026,,218892.18,2025-04-01
139440840,112025,,186509.7,2025-04-01
139460236,12026,,314816.9,2025-04-01
139449434,82025,,357777.16,2025-04-01
139456765,122025,,481883.32,2025-04-01
139464498,22025,,561000.0,2025-04-01
139457630,102025,,641351.31,2025-04-01
139469286,22025,,318000.0,2025-04-01
139456029,22025,,503000.0,2025-04-01
139469192,122025,,94064.99,2025-04-01
139457583,42025,,85000.0,2025-04-01
139451778,22026,,313058.34,2025-04-01
139469525,32026,,147938.49,2025-04-01
139463170,52025,,390000.0,2025-04-01
139463431,82025,,500373.14,2025-04-01
139450018,62025,,275000.0,2025-04-01
139449931,62025,,773000.0,2025-04-01
139460963,42025,,408000.0,2025-04-01
139443576,12025,,195000.0,2025-04-01
139443820,72025,,227000.0,2025-04-01
139468282,72025,,161000.0,2025-04-01
139439382,92025,,376526.17,2025-04-01
139461698,52025,,622000.0,2025-04-01
139448136,72025,,697000.0,2025-04-01
139437793,42025,,679000.0,2025-04-01
139457017,32025,,251000.0,2025-04-01
139439714,72025,,502000.0,2025-04-01
139463977,42025,,289000.0,2025-04-01
139450534,112025,,446810.1,2025-04-01
139452781,122025,,386485.41,2025-04-01
139456089,102025,,773364.6,2025-04-01
139468026,12025,,351000.0,2025-04-01
139441626,112025,,358957.84,2025-04-01
139461893,122025,,305247.94,2025-04-01
139435989,12026,,294001.17,2025-04-01
139457981,102025,,474414.07,2025-04-01
139463414,22025,,216000.0,2025-04-01
139452559,22026,,197517.96,2025-04-01
139465412,102025,,419361.01,2025-04-01
139443882,32026,,126965.2,2025-04-01
139452415,32025,,363000.0,2025-04-01
139440230,12026,,309997.69,2025-04-01
139457584,122025,,389748.95,2025-04-01
139463171,102025,,216221.6,2025-04-01
139439485,112025,,290940.87,2025-04-01
139446561,82025,,66638.73,2025-04-01
139467596,52025,,195000.0,2025-04-01
139452036,82025,,713000.0,2025-04-01
139442646,42025,,768000.0,2025-04-01
139453819,102025,,297043.11,2025-04-01
139458730,72025,,338000.0,2025-04-01
139460634,12025,,246000.0,2025-04-01
139443227,12025,,336000.0,2025-04-01
139443368,52025,,0.0,2025-04-01
139460921,12025,,350000.0,2025-04-01
139467905,102025,,277934.55,2025-04-01
139464000,12025,,288000.0,2025-04-01
139458000,122025,,186015.74,2025-04-01
139461327,22025,,442000.0,2025-04-01
139437911,82025,,233000.0,2025-04-01
139459754,32026,,249187.71,2025-04-01
139458457,12026,,155753.25,2025-04-01
139457465,22025,,473000.0,2025-04-01
139463837,52025,,227000.0,2025-04-01
139465592,102025,,285102.38,2025-04-01
139438880,32025,,222000.0,2025-04-01
139458419,32025,,393000.0,2025-04-01
139453628,62025,,275000.0,2025-04-01
139452191,62025,,65000.0,2025-04-01
139449159,22026,,146496.64,2025-04-01
139448269,32025,,300000.0,2025-04-01
139459706,62025,,295000.0,2025-04-01
139462871,82025,,335059.54,2025-04-01
139439779,42025,,429000.0,2025-04-01
139456169,52025,,298000.0,2025-04-01
139460573,92025,,342966.54,2025-04-01
139452531,22025,,378000.0,2025-04-01
139436367,42025,,387000.0,2025-04-01
139444044,42025,,258000.0,2025-04-01
139443618,102025,,719977.13,2025-04-01
139466504,82025,,96682.12,2025-04-01
139440396,42025,,342000.0,2025-04-01
139436163,22026,,355054.49,2025-04-01
139466314,112025,,277503.43,2025-04-01
139451298,12026,,524917.15,2025-04-01
139461432,22026,,293496.68,2025-04-01
139441106,42025,,477000.0,2025-04-01
139464186,32025,,100000.0,2025-04-01
139442569,72025,,287000.0,2025-04-01
139439593,32026,,114614.53,2025-04-01
139456412,12026,,289028.14,2025-04-01
139451785,42025,,297000.0,2025-04-01
139450322,12025,,374000.0,2025-04-01
139441819,12026,,467365.6,2025-04-01
139446961,32026,,213362.6,2025-04-01
139452255,102025,,116003.71,2025-04-01
139455920,32026,,356246.77,2025-04-01
139457532,12025,,76000.0,2025-04-01
139441498,32026,,64167.27,2025-04-01
139464739,32025,,300000.0,2025-04-01
139438763,62025,,790000.0,2025-04-01
139445318,112025,,87344.54,2025-04-01
139450221,12026,,187367.24,2025-04-01
139448731,92025,,495494.49,2025-04-01
139455189,72025,,231000.0,2025-04-01
139439756,112025,,785474.98,2025-04-01
139454379,12025,,63000.0,2025-04-01
139448670,62025,,172000.0,2025-04-01
139468739,122025,,334611.68,2025-04-01
139457225,32026,,256662.79,2025-04-01
139440049,32025,,117000.0,2025-04-01
139442610,122025,,666240.39,2025-04-01
139443232,12026,,470057.51,2025-04-01
139445213,42025,,179000.0,2025-04-01
139468223,82025,,214551.53,2025-04-01
139458504,32026,,106910.83,2025-04-01
139455928,92025,,873920.41,2025-04-01
139463397,112025,,73348.84,2025-04-01
139460190,32026,,345927.65,2025-04-01
139454845,82025,,498189.37,2025-04-01
139453341,12025,,204000.0,2025-04-01
139446566,12025,,337000.0,2025-04-01
139464462,82025,,220616.83,2025-04-01
139462307,52025,,316000.0,2025-04-01
139464830,42025,,195000.0,2025-04-01
139456580,62025,,252000.0,2025-04-01
139436101,52025,,337000.0,2025-04-01
139446630,42025,,208000.0,2025-04-01
139444575,92025,,188011.02,2025-04-01
139444146,22026,,128647.29,2025-04-01
139465840,32026,,201060.45,2025-04-01
139452141,122025,,196243.24,2025-04-01
139458029,62025,,378000.0,2025-04-01
139459097,102025,,143259.13,2025-04-01
139457061,102025,,431708.59,2025-04-01
139462934,92025,,227328.49,2025-04-01
139446904,112025,,207775.61,2025-04-01
139450005,42025,,674000.0,2025-04-01
139456874,42025,,441000.0,2025-04-01
139439882,52025,,333000.0,2025-04-01
139459917,82025,,75000.0,2025-04-01
139455146,12026,,77890.42,2025-04-01
139468979,92025,,538007.29,2025-04-01
139455015,32026,,241785.56,2025-04-01
139446837,82025,,198986.48,2025-04-01
139452810,102025,,226275.58,2025-04-01
139459265,92025,,262379.9,2025-04-01
139457053,22025,,368000.0,2025-04-01
139454701,52025,,226000.0,2025-04-01
139452533,32025,,458000.0,2025-04-01
139458173,62025,,123000.0,2025-04-01
139451132,112025,,180481.1,2025-04-01
139439081,92025,,174733.47,2025-04-01
139451464,82025,,206273.07,2025-04-01
139437203,52025,,443000.0,2025-04-01
139457483,62025,,711000.0,2025-04-01
139454090,52025,,382000.0,2025-04-01
139444676,72025,,249000.0,2025-04-01
139470043,32026,,103032.68,2025-04-01
139457609,12026,,70206.4,2025-04-01
139437221,32025,,598000.0,2025-04-01
139460203,42025,,269000.0,2025-04-01
139439044,122025,,230045.69,2025-04-01
139462277,62025,,274000.0,2025-04-01
139450704,102025,,705351.06,2025-04-01
139442877,112025,,293677.04,2025-04-01
139453637,112025,,276429.61,2025-04-01
139449498,82025,,193740.57,2025-04-01
139463476,32025,,449000.0,2025-04-01
139462401,62025,,642000.0,2025-04-01
139437583,122025,,646728.5,2025-04-01
139452240,22025,,299000.0,2025-04-01
139468036,22025,,225000.0,2025-04-01
139437406,32025,,362000.0,2025-04-01
139452979,32026,,70731.46,2025-04-01
139436489,72025,,299000.0,2025-04-01
139449412,32026,,210650.49,2025-04-01
139438494,42025,,375000.0,2025-04-01
139439650,122025,,480304.56,2025-04-01
139451667,12026,,145923.5,2025-04-01
139446379,92025,,109286.71,2025-04-01
139439800,72025,,169000.0,2025-04-01
139452336,32026,,519432.11,2025-04-01
139446327,12025,,205000.0,2025-04-01
139462234,12025,,200000.0,2025-04-01
139463000,82025,,467572.92,2025-04-01
139462753,82025,,292650.76,2025-04-01
139447931,72025,,421000.0,2025-04-01
139448539,42025,,505000.0,2025-04-01
139467863,22025,,309000.0,2025-04-01
139437826,22025,,135000.0,2025-04-01
139468048,112025,,285394.95,2025-04-01
139459341,102025,,0.0,2025-04-01
139454350,32026,,435464.95,2025-04-01
139458516,12026,,126602.88,2025-04-01
139465400,92025,,285605.34,2025-04-01
139444036,42025,,323000.0,2025-04-01
139460497,62025,,348000.0,2025-04-01
139469119,92025,,139208.09,2025-04-01
139440275,72025,,179000.0,2025-04-01
139450832,22026,,228603.34,2025-04-01
139436811,12025,,105000.0,2025-04-01
139467247,32026,,655477.31,2025-04-01
139436208,22025,,149000.0,2025-04-01
139439342,112025,,138634.28,2025-04-01
139460170,62025,,348000.0,2025-04-01
139462072,122025,,212520.55,2025-04-01
139468486,82025,,802000.0,2025-04-01
139440688,122025,,145992.89,2025-04-01
139469564,62025,,110000.0,2025-04-01
139453787,12025,,332000.0,2025-04-01
139463626,92025,,416593.87,2025-04-01
139445286,102025,,137926.88,2025-04-01
139447280,92025,,230409.15,2025-04-01
139436403,22026,,246215.37,2025-04-01
139452939,52025,,255000.0,2025-04-01
139451379,82025,,280497.24,2025-04-01
139446709,112025,,515356.3,2025-04-01
139461947,122025,,791826.73,2025-04-01
139442961,42025,,505000.0,2025-04-01
139464038,92025,,123684.65,2025-04-01
139449853,72025,,161000.0,2025-04-01
139443138,12025,,153000.0,2025-04-01
139446683,102025,,335442.6,2025-04-01
139442892,12026,,638494.75,2025-04-01
139435700,52025,,454000.0,2025-04-01
139466326,12026,,296403.93,2025-04-01
139442254,32025,,121000.0,2025-04-01
139467704,32026,,315704.3,2025-04-01
139458828,72025,,661000.0,2025-04-01
139451443,82025,,461243.85,2025-04-01
139440395,102025,,683861.69,2025-04-01
139450023,72025,,557000.0,2025-04-01
139453044,62025,,521000.0,2025-04-01
139464742,22025,,541000.0,2025-04-01
139461623,12025,,364000.0,2025-04-01
139439980,92025,,484236.72,2025-04-01
139436541,62025,,187501.01,2025-04-01
139440597,32026,,516221.51,2025-04-01
139464077,82025,,721473.12,2025-04-01
139445891,32025,,417000.0,2025-04-01
139469318,62025,,474000.0,2025-04-01
139469323,42025,,98000.0,2025-04-01
139456917,122025,,239890.05,2025-04-01
139437342,32026,,219418.05,2025-04-01
139443652,72025,,269570.99,2025-04-01
139450974,52025,,301484.45,2025-04-01
139453169,102025,,93813.07,2025-04-01
139439273,82025,,83000.0,2025-04-01
139457488,62025,,253647.51,2025-04-01
139458732,82025,,139000.0,2025-04-01
139437196,82025,,989251.36,2025-04-01
139457966,102025,,112868.83,2025-04-01
139468789,12025,,405000.0,2025-04-01
139443112,82025,,284040.9,2025-04-01
139442350,22025,,286000.0,2025-04-01
139465703,122025,,376338.88,2025-04-01
139455874,92025,,208137.35,2025-04-01
139449179,12025,,180000.0,2025-04-01
139451908,32025,,750000.0,2025-04-01
139456767,52025,,356000.0,2025-04-01
139456868,62025,,169000.0,2025-04-01
139437883,22026,,326804.9,2025-04-01
139465923,12025,,507000.0,2025-04-01
139443931,112025,,49527.67,2025-04-01
139451775,112025,,172800.37,2025-04-01
139449554,12025,,324000.0,2025-04-01
139439996,112025,,92155.62,2025-04-01
139441738,32026,,56013.99,2025-04-01
139454027,32026,,63408.74,2025-04-01
139454898,22025,,115000.0,2025-04-01
139437774,12026,,472978.03,2025-04-01
139460972,82025,,439076.34,2025-04-01
139438910,42025,,168000.0,2025-04-01
139451131,52025,,171000.0,2025-04-01
139450387,32026,,482931.26,2025-04-01
139448654,22025,,181000.0,2025-04-01
139470174,122025,,244435.78,2025-04-01
139453410,22025,,387000.0,2025-04-01
139444325,32026,,0.0,2025-04-01
139440700,112025,,391669.49,2025-04-01
139437137,12025,,208000.0,2025-04-01
139440537,122025,,754961.13,2025-04-01
139444262,112025,,0.0,2025-04-01
139469696,12025,,293000.0,2025-04-01
139445697,72025,,707000.0,2025-04-01
139446248,82025,,139120.89,2025-04-01
139449757,52025,,603000.0,2025-04-01
139462988,92025,,521607.3,2025-04-01
139454387,122025,,353007.84,2025-04-01
139468858,12026,,156668.7,2025-04-01
139435946,12025,,261000.0,2025-04-01
139463069,82025,,141593.49,2025-04-01
139465030,122025,,369544.69,2025-04-01
139468112,42025,,213000.0,2025-04-01
139467150,72025,,76429.11,2025-04-01
139460538,22025,,345000.0,2025-04-01
139456471,112025,,103846.56,2025-04-01
139469761,12025,,580000.0,2025-04-01
139462966,12026,,187161.49,2025-04-01
139461072,42025,,452000.0,2025-04-01
139466735,102025,,118888.38,2025-04-01
139460196,102025,,765151.39,2025-04-01
139450173,42025,,551000.0,2025-04-01
139462517,32025,,494000.0,2025-04-01
139467405,82025,,441044.89,2025-04-01
139442143,12025,,149000.0,2025-04-01
139445911,12026,,227268.42,2025-04-01
139441365,52025,,359000.0,2025-04-01
139456928,32026,,128319.28,2025-04-01
139442221,122025,,375928.89,2025-04-01
139455406,22025,,235000.0,2025-04-01
139460407,92025,,142758.52,2025-04-01
139451055,12026,,355247.24,2025-04-01
139454682,32026,,384082.81,2025-04-01
139460654,72025,,242000.0,2025-04-01
139436039,42025,,331000.0,2025-04-01
139461921,112025,,154596.88,2025-04-01
139440272,82025,,689000.0,2025-04-01
139435568,92025,,335926.72,2025-04-01
139445413,62025,,149000.0,2025-04-01
139466601,32026,,110784.52,2025-04-01
139447165,22025,,255000.0,2025-04-01
139439682,12026,,190002.25,2025-04-01
139461233,122025,,357040.33,2025-04-01
139435661,102025,,131475.66,2025-04-01
139458308,32025,,283000.0,2025-04-01
139462899,22025,,286000.0,2025-04-01
139450505,82025,,835442.47,2025-04-01
139467798,42025,,140000.0,2025-04-01
139436122,112025,,96715.02,2025-04-01
139445432,72025,,193000.0,2025-04-01
139461094,112025,,109276.39,2025-04-01
139464010,22025,,678000.0,2025-04-01
139436168,92025,,551374.71,2025-04-01
139454253,92025,,212837.77,2025-04-01
139443727,12026,,267469.07,2025-04-01
139456453,12026,,706498.25,2025-04-01
139442194,42025,,748000.0,2025-04-01
139441094,92025,,332019.14,2025-04-01
139439340,82025,,92553.49,2025-04-01
139440676,62025,,301000.0,2025-04-01
139460473,92025,,550571.16,2025-04-01
139454279,92025,,235497.18,2025-04-01
139446834,122025,,136220.11,2025-04-01
139438608,122025,,143935.18,2025-04-01
139450649,122025,,479592.94,2025-04-01
139456431,92025,,758963.58,2025-04-01
139463386,122025,,389411.22,2025-04-01
139451301,32026,,149858.74,2025-04-01
139457451,22025,,178000.0,2025-04-01
139468658,102025,,323970.79,2025-04-01
139469562,72025,,115000.0,2025-04-01
139440574,12026,,197543.55,2025-04-01
139437895,122025,,594272.43,2025-04-01
139466299,62025,,83000.0,2025-04-01
139454110,112025,,254536.76,2025-04-01
139448732,12025,,391000.0,2025-04-01
139450604,102025,,145762.65,2025-04-01
139462429,62025,,47000.0,2025-04-01
139464142,42025,,538000.0,2025-04-01
139437607,12025,,149000.0,2025-04-01
139438951,52025,,296000.0,2025-04-01
139448672,112025,,93724.53,2025-04-01
139462871,62025,,336000.0,2025-04-01
139457615,32025,,154000.0,2025-04-01
139443635,12025,,150000.0,2025-04-01
139444753,102025,,139049.67,2025-04-01
139438050,72025,,164000.0,2025-04-01
139439310,82025,,0.0,2025-04-01
139444891,32026,,98756.81,2025-04-01
139448480,72025,,423000.0,2025-04-01
139470078,22026,,148045.53,2025-04-01
139443919,22025,,340000.0,2025-04-01
139468065,122025,,115349.13,2025-04-01
139438332,52025,,186000.0,2025-04-01
139451675,22025,,320000.0,2025-04-01
139443870,92025,,327024.55,2025-04-01
139465223,22026,,171407.93,2025-04-01
139450960,72025,,274000.0,2025-04-01
139458178,32026,,340145.59,2025-04-01
139465256,22025,,256000.0,2025-04-01
139463681,72025,,169000.0,2025-04-01
139468657,42025,,209000.0,2025-04-01
139435975,52025,,95000.0,2025-04-01
139444195,22026,,244763.09,2025-04-01
139435745,122025,,344160.09,2025-04-01
139453008,22026,,90637.15,2025-04-01
139453072,32025,,228000.0,2025-04-01
139451389,42025,,94000.0,2025-04-01
139446593,12025,,224000.0,2025-04-01
139453492,32026,,472457.07,2025-04-01
139454919,32026,,153654.32,2025-04-01
139446120,92025,,196143.57,2025-04-01
139462178,112025,,178316.9,2025-04-01
139452363,12026,,185096.78,2025-04-01
139458414,22026,,98560.09,2025-04-01
139436358,22026,,286089.42,2025-04-01
139453864,12025,,370000.0,2025-04-01
139461435,22026,,289317.94,2025-04-01
139456953,92025,,370721.74,2025-04-01
139439793,12026,,182163.8,2025-04-01
139461594,12025,,271000.0,2025-04-01
139439187,32026,,66841.25,2025-04-01
139452175,52025,,585000.0,2025-04-01
139435503,72025,,280000.0,2025-04-01
139442921,32025,,435000.0,2025-04-01
139466102,112025,,217529.75,2025-04-01
139466452,112025,,248899.2,2025-04-01
139449290,102025,,459519.1,2025-04-01
139468308,122025,,332841.85,2025-04-01
139438293,122025,,560824.93,2025-04-01
139441288,32026,,177749.15,2025-04-01
139456980,52025,,126000.0,2025-04-01
139449040,82025,,663804.35,2025-04-01
139462903,42025,,378000.0,2025-04-01
139438916,12026,,158335.1,2025-04-01
139442948,122025,,146523.23,2025-04-01
139446000,82025,,80500.0,2025-04-01
139447536,122025,,437248.37,2025-04-01
139438433,12026,,52400.88,2025-04-01
139444846,112025,,102122.91,2025-04-01
139448782,102025,,481689.03,2025-04-01
139453124,92025,,98582.53,2025-04-01
139438467,22025,,390000.0,2025-04-01
139462699,112025,,634285.94,2025-04-01
139466473,82025,,102895.78,2025-04-01
139457591,112025,,611634.97,2025-04-01
139458837,122025,,295933.9,2025-04-01
139442045,12026,,584379.22,2025-04-01
139448322,72025,,421867.44,2025-04-01
139442369,122025,,214149.69,2025-04-01
139436574,122025,,330823.49,2025-04-01
139448928,112025,,693342.56,2025-04-01
139443671,42025,,529000.0,2025-04-01
139437359,92025,,198044.66,2025-04-01
139453412,32026,,182214.14,2025-04-01
139440287,32025,,158000.0,2025-04-01
139467219,22026,,315830.61,2025-04-01
139464316,72025,,502000.0,2025-04-01
139465090,62025,,74517.54,2025-04-01
139456851,62025,,462000.0,2025-04-01
139440627,82025,,149205.92,2025-04-01
139456348,12025,,214000.0,2025-04-01
139460895,102025,,101190.05,2025-04-01
139461767,12025,,486000.0,2025-04-01
139458171,32025,,175000.0,2025-04-01
139445281,92025,,143302.24,2025-04-01
139467524,52025,,574000.0,2025-04-01
139459482,112025,,277639.06,2025-04-01
139451038,92025,,271618.35,2025-04-01
139457598,32025,,159000.0,2025-04-01
139463523,22026,,179150.3,2025-04-01
139444740,22026,,555453.33,2025-04-01
139442130,42025,,794000.0,2025-04-01
139467688,52025,,110000.0,2025-04-01
139464936,42025,,173024.0,2025-04-01
139464056,32025,,615000.0,2025-04-01
139445802,122025,,682260.57,2025-04-01
139468344,112025,,800260.36,2025-04-01
139449588,12025,,200000.0,2025-04-01
139446006,12025,,337000.0,2025-04-01
139436386,32025,,438000.0,2025-04-01
139445369,102025,,365046.71,2025-04-01
139442058,52025,,179000.0,2025-04-01
139457475,82025,,382448.12,2025-04-01
139438208,22026,,308683.18,2025-04-01
139453384,112025,,171284.82,2025-04-01
139435703,112025,,119407.13,2025-04-01
139453663,12025,,477000.0,2025-04-01
139444688,82025,,177000.0,2025-04-01
139441463,92025,,417119.95,2025-04-01
139469672,52025,,50000.0,2025-04-01
139466780,42025,,130000.0,2025-04-01
139453376,72025,,347519.42,2025-04-01
139444171,92025,,197658.86,2025-04-01
139445185,22025,,180000.0,2025-04-01
139446769,32025,,514000.0,2025-04-01
139450442,102025,,193253.26,2025-04-01
139453665,82025,,357000.0,2025-04-01
139469038,12025,,372000.0,2025-04-01
139461406,32025,,177000.0,2025-04-01
139462092,12026,,297006.8,2025-04-01
139449784,92025,,399922.23,2025-04-01
139464508,122025,,73243.62,2025-04-01
139452516,42025,,303000.0,2025-04-01
139447746,72025,,283000.0,2025-04-01
139461754,72025,,202719.09,2025-04-01
139435674,52025,,560000.0,2025-04-01
139441753,12026,,475645.67,2025-04-01
139466166,12026,,158919.58,2025-04-01
139441326,72025,,528000.0,2025-04-01
139439732,72025,,183000.0,2025-04-01
139469290,82025,,377195.07,2025-04-01
139457664,12026,,114120.33,2025-04-01
139445444,22025,,134000.0,2025-04-01
139454772,102025,,271459.56,2025-04-01
139464426,32025,,389000.0,2025-04-01
139467289,92025,,508832.35,2025-04-01
139459548,32025,,128000.0,2025-04-01
139441198,62025,,452276.12,2025-04-01
139445147,12025,,526000.0,2025-04-01
139467554,52025,,475000.0,2025-04-01
139439151,12026,,185341.87,2025-04-01
139457161,42025,,120000.0,2025-04-01
139436846,122025,,345878.82,2025-04-01
139461581,42025,,550000.0,2025-04-01
139467438,62025,,200000.0,2025-04-01
139463153,12025,,354000.0,2025-04-01
139436690,82025,,343000.0,2025-04-01
139467710,52025,,397000.0,2025-04-01
139457650,42025,,195000.0,2025-04-01
139440380,82025,,316739.11,2025-04-01
139470002,82025,,233000.0,2025-04-01
139457923,22025,,412000.0,2025-04-01
139466382,42025,,137000.0,2025-04-01
139445826,12026,,424654.25,2025-04-01
139452740,32026,,181769.77,2025-04-01
139444345,102025,,519489.39,2025-04-01
139453799,12026,,656818.44,2025-04-01
139458953,102025,,131366.77,2025-04-01
139438438,72025,,174158.48,2025-04-01
139437833,52025,,100000.0,2025-04-01
139437684,12026,,607818.25,2025-04-01
139450802,92025,,179715.53,2025-04-01
139442726,22025,,266000.0,2025-04-01
139454801,12026,,131349.48,2025-04-01
139438980,32026,,91988.88,2025-04-01
139463618,12025,,504000.0,2025-04-01
139446804,92025,,222128.45,2025-04-01
139462183,62025,,254000.0,2025-04-01
139466278,22026,,162506.53,2025-04-01
139460672,12026,,0.0,2025-04-01
139450617,52025,,197000.0,2025-04-01
139463085,42025,,258000.0,2025-04-01
139437249,62025,,287000.0,2025-04-01
139454476,12025,,421000.0,2025-04-01
139453570,32026,,365148.74,2025-04-01
139466977,12025,,671000.0,2025-04-01
139447683,32025,,150000.0,2025-04-01
139455853,12025,,103000.0,2025-04-01
139435861,52025,,207000.0,2025-04-01
139445026,122025,,158445.76,2025-04-01
139463754,32026,,785058.97,2025-04-01
139451258,52025,,224000.0,2025-04-01
139466579,102025,,154010.04,2025-04-01
139453347,72025,,244000.0,2025-04-01
139447165,52025,,254000.0,2025-04-01
139449966,92025,,274856.97,2025-04-01
139448878,72025,,223000.0,2025-04-01
139447556,32026,,403840.2,2025-04-01
139446483,12025,,216000.0,2025-04-01
139469796,22026,,352609.27,2025-04-01
139465572,42025,,156000.0,2025-04-01
139469217,32026,,627430.09,2025-04-01
139445279,22025,,470000.0,2025-04-01
139441362,102025,,374712.76,2025-04-01
139461177,22025,,137000.0,2025-04-01
139439608,32025,,171000.0,2025-04-01
139466569,12026,,331114.24,2025-04-01
139456148,22025,,92000.0,2025-04-01
139457054,72025,,50000.0,2025-04-01
139465146,32026,,271829.09,2025-04-01
139446010,32026,,288280.32,2025-04-01
139445695,32026,,77146.54,2025-04-01
139435670,82025,,455690.4,2025-04-01
139446197,32025,,194000.0,2025-04-01
139452915,102025,,519296.58,2025-04-01
139449934,22026,,66163.73,2025-04-01
139462483,12026,,521880.63,2025-04-01
139447334,32025,,285000.0,2025-04-01
139469587,112025,,792358.12,2025-04-01
139463238,12025,,311000.0,2025-04-01
139459207,42025,,119000.0,2025-04-01
139468482,42025,,535000.0,2025-04-01
139443306,32025,,243000.0,2025-04-01
139447051,52025,,525000.0,2025-04-01
139448271,92025,,752019.18,2025-04-01
139452414,112025,,97276.32,2025-04-01
139447992,62025,,60000.0,2025-04-01
139440297,112025,,316810.07,2025-04-01
139470075,42025,,96000.0,2025-04-01
139435725,62025,,783000.0,2025-04-01
139447487,32025,,463000.0,2025-04-01
139444049,112025,,289354.41,2025-04-01
139439233,72025,,318000.0,2025-04-01
139437170,102025,,225366.44,2025-04-01
139453835,122025,,505149.53,2025-04-01
139438843,62025,,348285.92,2025-04-01
139440886,32026,,766834.4,2025-04-01
139445966,112025,,280148.29,2025-04-01
139447006,102025,,135315.94,2025-04-01
139446746,72025,,411000.0,2025-04-01
139460423,42025,,325000.0,2025-04-01
139448402,32025,,630000.0,2025-04-01
139454947,112025,,182213.09,2025-04-01
139456087,62025,,479000.0,2025-04-01
139453228,12025,,95000.0,2025-04-01
139436536,112025,,123761.96,2025-04-01
139468263,112025,,193954.9,2025-04-01
139456587,12025,,419000.0,2025-04-01
139463006,22025,,416000.0,2025-04-01
139436379,62025,,304000.0,2025-04-01
139447114,12026,,383242.12,2025-04-01
139465898,82025,,462194.87,2025-04-01
139440254,102025,,48469.23,2025-04-01
139448432,32025,,319000.0,2025-04-01
139455680,42025,,269000.0,2025-04-01
139442621,62025,,749000.0,2025-04-01
139467330,12026,,646975.56,2025-04-01
139437791,22026,,564069.06,2025-04-01
139459721,62025,,213000.0,2025-04-01
139437098,102025,,465893.73,2025-04-01
139466094,122025,,357040.44,2025-04-01
139469582,52025,,203000.0,2025-04-01
139436671,82025,,317504.29,2025-04-01
139447369,52025,,208000.0,2025-04-01
139450196,102025,,404917.84,2025-04-01
139458025,112025,,782272.34,2025-04-01
139463837,122025,,224722.87,2025-04-01
139441588,92025,,306811.3,2025-04-01
139453296,122025,,736150.4,2025-04-01
139464776,92025,,600250.7,2025-04-01
139459639,32026,,271220.72,2025-04-01
139464513,12025,,215000.0,2025-04-01
139443799,82025,,286000.0,2025-04-01
139466834,52025,,122693.29,2025-04-01
139441763,112025,,190381.12,2025-04-01
139468678,52025,,389000.0,2025-04-01
139459791,32026,,394496.86,2025-04-01
139445975,72025,,510715.56,2025-04-01
139456087,12026,,460673.69,2025-04-01
139442771,42025,,777000.0,2025-04-01
139449988,72025,,142014.87,2025-04-01
139459298,62025,,386000.0,2025-04-01
139439555,22026,,488142.44,2025-04-01
139468694,112025,,759210.07,2025-04-01
139448433,12026,,574360.71,2025-04-01
139454585,82025,,452143.0,2025-04-01
139458952,32026,,553013.3,2025-04-01
139461208,22026,,351758.15,2025-04-01
139451596,92025,,138148.0,2025-04-01
139450070,12025,,388000.0,2025-04-01
139448857,22026,,407666.91,2025-04-01
139453670,72025,,481000.0,2025-04-01
139465011,122025,,508111.35,2025-04-01
139439783,92025,,151014.05,2025-04-01
139455923,32025,,250000.0,2025-04-01
139447257,42025,,385000.0,2025-04-01
139439674,22026,,699008.99,2025-04-01
139468870,22026,,183508.03,2025-04-01
139467034,72025,,179000.0,2025-04-01
139443382,32025,,275000.0,2025-04-01
139451410,102025,,560290.47,2025-04-01
139465024,12025,,70000.0,2025-04-01
139446319,52025,,349000.0,2025-04-01
139461302,92025,,618890.7,2025-04-01
139446875,32025,,566000.0,2025-04-01
139446700,62025,,167000.0,2025-04-01
139442350,72025,,284000.0,2025-04-01
139437412,42025,,404000.0,2025-04-01
139436037,72025,,305000.0,2025-04-01
139469793,82025,,357012.87,2025-04-01
139461013,102025,,331709.34,2025-04-01
139435702,62025,,530000.0,2025-04-01
139466978,32025,,287000.0,2025-04-01
139445033,12026,,296682.55,2025-04-01
139453794,72025,,297000.0,2025-04-01
139455520,22025,,175000.0,2025-04-01
139463704,112025,,111369.02,2025-04-01
139439287,12026,,424930.73,2025-04-01
139437711,12026,,210926.57,2025-04-01
139451917,62025,,478000.0,2025-04-01
139461917,82025,,317052.36,2025-04-01
139439475,52025,,364000.0,2025-04-01
139453576,72025,,614000.0,2025-04-01
139448764,112025,,151614.01,2025-04-01
139445676,12026,,757539.89,2025-04-01
139445584,122025,,269800.97,2025-04-01
139448979,52025,,73000.0,2025-04-01
139463064,22026,,508956.42,2025-04-01
139466594,22025,,748000.0,2025-04-01
139462513,12026,,304200.04,2025-04-01
139442950,92025,,283281.25,2025-04-01
139454688,22026,,89492.24,2025-04-01
139442161,122025,,252925.62,2025-04-01
139451405,42025,,207000.0,2025-04-01
139466761,102025,,0.0,2025-04-01
139459798,72025,,237000.0,2025-04-01
139465690,22025,,113000.0,2025-04-01
139444682,12025,,300000.0,2025-04-01
139437970,42025,,346000.0,2025-04-01
139450174,82025,,781000.0,2025-04-01
139449178,12026,,244539.79,2025-04-01
139437122,12025,,325000.0,2025-04-01
139469683,92025,,197582.42,2025-04-01
139447453,12026,,261118.51,2025-04-01
139447434,42025,,211000.0,2025-04-01
139453102,32026,,764659.43,2025-04-01
139467732,22025,,313000.0,2025-04-01
139445268,22026,,203379.39,2025-04-01
139457359,122025,,226735.91,2025-04-01
139453824,12025,,407000.0,2025-04-01
139468995,72025,,345000.0,2025-04-01
139461429,122025,,296403.93,2025-04-01
139447542,52025,,420000.0,2025-04-01
139466064,32026,,137123.68,2025-04-01
139454289,112025,,421570.57,2025-04-01
139455369,112025,,469975.24,2025-04-01
139461331,32025,,282000.0,2025-04-01
139445141,82025,,189434.82,2025-04-01
139441197,12025,,61000.0,2025-04-01
139469240,102025,,235702.97,2025-04-01
139441682,22025,,200000.0,2025-04-01
139451104,102025,,73880.77,2025-04-01
139436942,42025,,365000.0,2025-04-01
139436651,62025,,99000.0,2025-04-01
139443540,122025,,405714.37,2025-04-01
139443412,22025,,100000.0,2025-04-01
139444291,42025,,716000.0,2025-04-01
139454157,52025,,517000.0,2025-04-01
139451916,22026,,127356.94,2025-04-01
139466050,32026,,292213.03,2025-04-01
139441698,32025,,384000.0,2025-04-01
139462409,22026,,195102.03,2025-04-01
139467967,52025,,224000.0,2025-04-01
139448582,12025,,186000.0,2025-04-01
139440322,112025,,94735.64,2025-04-01
139452268,12025,,130000.0,2025-04-01
139461043,52025,,190000.0,2025-04-01
139457921,112025,,72441.92,2025-04-01
139464587,72025,,382229.47,2025-04-01
139455438,22025,,256000.0,2025-04-01
139438006,32025,,489000.0,2025-04-01
139437515,62025,,542000.0,2025-04-01
139461903,92025,,222456.86,2025-04-01
139455520,32025,,175000.0,2025-04-01
139460946,112025,,386308.53,2025-04-01
139459974,122025,,209524.25,2025-04-01
139461923,32025,,225000.0,2025-04-01
139463492,62025,,105000.0,2025-04-01
139442066,12025,,445000.0,2025-04-01
139446398,72025,,203000.0,2025-04-01
139441605,92025,,420648.31,2025-04-01
139436349,32025,,337000.0,2025-04-01
139451022,42025,,248000.0,2025-04-01
139441250,82025,,233748.0,2025-04-01
139453873,12026,,294021.29,2025-04-01
139442779,42025,,406000.0,2025-04-01
139451541,12026,,174634.16,2025-04-01
139439868,32026,,468714.72,2025-04-01
139441846,52025,,252000.0,2025-04-01
139436861,12026,,324625.38,2025-04-01
139456755,112025,,310482.5,2025-04-01
139443904,32026,,270136.09,2025-04-01
139467119,12026,,250274.62,2025-04-01
139464628,22026,,403516.16,2025-04-01
139439272,12026,,478686.58,2025-04-01
139439352,22025,,247000.0,2025-04-01
139470086,102025,,242107.65,2025-04-01
139456817,102025,,142693.57,2025-04-01
139469182,92025,,390440.1,2025-04-01
139455392,22026,,352902.49,2025-04-01
139456342,22026,,224934.98,2025-04-01
139455468,42025,,324000.0,2025-04-01
139443077,122025,,237279.52,2025-04-01
139439945,22025,,256000.0,2025-04-01
139453504,112025,,213055.27,2025-04-01
139450299,42025,,564000.0,2025-04-01
139451936,32025,,220000.0,2025-04-01
139462552,122025,,539443.71,2025-04-01
139458389,22025,,335000.0,2025-04-01
139441453,112025,,336850.35,2025-04-01
139442965,52025,,459000.0,2025-04-01
139457720,72025,,285000.0,2025-04-01
139451282,72025,,389000.0,2025-04-01
139449710,32025,,558354.0,2025-04-01
139456164,92025,,259900.49,2025-04-01
139440369,62025,,535000.0,2025-04-01
139469327,22026,,251886.46,2025-04-01
139468697,52025,,358000.0,2025-04-01
139465564,102025,,289847.79,2025-04-01
139437799,122025,,569768.69,2025-04-01
139468101,52025,,728000.0,2025-04-01
139463435,62025,,762000.0,2025-04-01
139461482,42025,,260000.0,2025-04-01
139465804,32025,,284000.0,2025-04-01
139444767,92025,,395078.39,2025-04-01
139464639,102025,,129612.33,2025-04-01
139450458,102025,,178005.89,2025-04-01
139448211,72025,,512000.0,2025-04-01
139442746,12026,,504942.96,2025-04-01
139436644,82025,,251620.46,2025-04-01
139439335,92025,,641322.55,2025-04-01
139441412,82025,,821639.38,2025-04-01
139458892,62025,,656000.0,2025-04-01
139464359,22026,,519523.07,2025-04-01
139451987,62025,,66000.0,2025-04-01
139466322,52025,,131000.0,2025-04-01
139466018,82025,,214769.12,2025-04-01
139469390,102025,,144442.34,2025-04-01
139442501,52025,,279000.0,2025-04-01
139457260,12025,,95000.0,2025-04-01
139451171,12026,,375852.4,2025-04-01
139452541,42025,,279000.0,2025-04-01
139441710,92025,,541610.16,2025-04-01
139454022,12025,,61000.0,2025-04-01
139438673,62025,,732000.0,2025-04-01
139442577,82025,,194500.61,2025-04-01
139456768,42025,,100000.0,2025-04-01
139438450,42025,,139000.0,2025-04-01
139461507,32026,,128721.91,2025-04-01
139462215,102025,,147466.66,2025-04-01
139458338,22025,,160000.0,2025-04-01
139463340,102025,,293599.27,2025-04-01
139462682,32025,,405000.0,2025-04-01
139439230,52025,,276000.0,2025-04-01
139439520,62025,,290000.0,2025-04-01
139459887,52025,,545000.0,2025-04-01
139469277,22025,,142000.0,2025-04-01
139466857,32026,,170356.41,2025-04-01
139450961,42025,,497000.0,2025-04-01
139450433,52025,,396000.0,2025-04-01
139460826,12026,,193397.85,2025-04-01
139443597,112025,,430714.38,2025-04-01
139465497,32025,,156000.0,2025-04-01
139451898,22025,,374000.0,2025-04-01
139451738,62025,,686000.0,2025-04-01
139448131,102025,,187890.33,2025-04-01
139456630,72025,,287000.0,2025-04-01
139455323,12026,,0.0,2025-04-01
139457448,112025,,387600.47,2025-04-01
139448065,22025,,400000.0,2025-04-01
139466150,82025,,203645.76,2025-04-01
139441706,112025,,195750.92,2025-04-01
139437305,62025,,73000.0,2025-04-01
139467254,62025,,754000.0,2025-04-01
139440853,52025,,226000.0,2025-04-01
139461994,22025,,683000.0,2025-04-01
139459525,112025,,198316.96,2025-04-01
139468119,122025,,264576.95,2025-04-01
139457545,102025,,359699.89,2025-04-01
139454496,82025,,306230.3,2025-04-01
139466860,22025,,187000.0,2025-04-01
139436531,112025,,444777.55,2025-04-01
139468360,32026,,128264.2,2025-04-01
139468517,12025,,150000.0,2025-04-01
139451487,92025,,178673.3,2025-04-01
139459210,22026,,164297.95,2025-04-01
139455877,72025,,410000.0,2025-04-01
139449223,12026,,482545.53,2025-04-01
139454097,12026,,133661.36,2025-04-01
139464633,32025,,235000.0,2025-04-01
139448983,32026,,430081.83,2025-04-01
139470002,32026,,231354.67,2025-04-01
139448472,42025,,565000.0,2025-04-01
139441611,32026,,197097.36,2025-04-01
139456841,82025,,396374.91,2025-04-01
139467129,92025,,300882.22,2025-04-01
139464641,122025,,448480.2,2025-04-01
139457144,32026,,420195.62,2025-04-01
139465351,82025,,671000.0,2025-04-01
139464094,32025,,327000.0,2025-04-01
139448377,82025,,26657.4,2025-04-01
139447393,52025,,448000.0,2025-04-01
139448068,12026,,79126.82,2025-04-01
139448061,52025,,233000.0,2025-04-01
139465317,22025,,263000.0,2025-04-01
139455295,72025,,64000.0,2025-04-01
139465548,52025,,170000.0,2025-04-01
139440378,12026,,793194.81,2025-04-01
139438802,22026,,268034.51,2025-04-01
139458453,12026,,639986.8,2025-04-01
139439201,32025,,448000.0,2025-04-01
139438530,52025,,377000.0,2025-04-01
139451777,112025,,399882.12,2025-04-01
139464390,112025,,405437.76,2025-04-01
139442936,42025,,157000.0,2025-04-01
139442497,52025,,389000.0,2025-04-01
139447336,32026,,157586.82,2025-04-01
139463222,92025,,296214.27,2025-04-01
139464250,112025,,197762.77,2025-04-01
139437241,102025,,201354.7,2025-04-01
139452459,52025,,270000.0,2025-04-01
139457046,32026,,186291.52,2025-04-01
139468735,72025,,357000.0,2025-04-01
139442443,12026,,286041.73,2025-04-01
139449216,22025,,240000.0,2025-04-01
139465713,92025,,575228.64,2025-04-01
139446441,82025,,396884.84,2025-04-01
139450069,52025,,264000.0,2025-04-01
139463836,82025,,358000.0,2025-04-01
139468743,92025,,201820.5,2025-04-01
139462900,52025,,647000.0,2025-04-01
139469697,102025,,440171.54,2025-04-01
139439853,42025,,75000.0,2025-04-01
139437534,72025,,253000.0,2025-04-01
139450070,102025,,384733.32,2025-04-01
139461162,112025,,719848.7,2025-04-01
139463948,32026,,182630.02,2025-04-01
139460814,32026,,169891.54,2025-04-01
139458052,102025,,46460.21,2025-04-01
139461269,92025,,378755.55,2025-04-01
139465928,62025,,188000.0,2025-04-01
139444722,12025,,399000.0,2025-04-01
139445238,102025,,391623.05,2025-04-01
139463110,22026,,791965.61,2025-04-01
139436430,122025,,454730.26,2025-04-01
139448904,112025,,329137.82,2025-04-01
139439558,102025,,346756.21,2025-04-01
139456714,62025,,118000.0,2025-04-01
139467634,22025,,324000.0,2025-04-01
139450518,12026,,114336.96,2025-04-01
139454158,12026,,346094.79,2025-04-01
139454838,32026,,782877.39,2025-04-01
139460038,22025,,92000.0,2025-04-01
139463875,112025,,284272.78,2025-04-01
139443737,22025,,801000.0,2025-04-01
139453243,102025,,84276.2,2025-04-01
139452805,22026,,155284.51,2025-04-01
139446294,32026,,190316.16,2025-04-01
139454882,42025,,635000.0,2025-04-01
139457571,12025,,192000.0,2025-04-01
139464506,52025,,418000.0,2025-04-01
139454001,82025,,138304.05,2025-04-01
139467942,122025,,0.0,2025-04-01
139442147,112025,,290236.98,2025-04-01
139468310,22025,,707000.0,2025-04-01
139454144,12025,,152000.0,2025-04-01
139454624,22025,,684000.0,2025-04-01
139459753,22026,,265467.62,2025-04-01
139443534,42025,,445000.0,2025-04-01
139468616,72025,,794937.9,2025-04-01
139444107,82025,,480432.57,2025-04-01
139459552,32025,,299000.0,2025-04-01
139452153,22026,,72838.86,2025-04-01
139468662,72025,,247946.0,2025-04-01
139449993,122025,,184517.99,2025-04-01
139438310,62025,,565000.0,2025-04-01
139454608,82025,,74000.0,2025-04-01
139444945,22025,,357000.0,2025-04-01
139440415,92025,,163595.5,2025-04-01
139441048,72025,,368000.0,2025-04-01
139446872,22026,,0.0,2025-04-01
139448346,62025,,405000.0,2025-04-01
139459383,82025,,224345.52,2025-04-01
139444209,122025,,370649.54,2025-04-01
139440977,102025,,750225.49,2025-04-01
139437496,12025,,240000.0,2025-04-01
139452799,42025,,275000.0,2025-04-01
139470199,12026,,373674.49,2025-04-01
139460523,22026,,405389.22,2025-04-01
139461460,42025,,431000.0,2025-04-01
139451592,12026,,816570.25,2025-04-01
139454315,72025,,713054.04,2025-04-01
139464996,12025,,82000.0,2025-04-01
139462828,82025,,491879.15,2025-04-01
139437067,12025,,654000.0,2025-04-01
139452888,102025,,519500.46,2025-04-01
139466435,42025,,499000.0,2025-04-01
139439410,12025,,588000.0,2025-04-01
139461951,62025,,214000.0,2025-04-01
139443732,112025,,475758.32,2025-04-01
139456547,102025,,335075.92,2025-04-01
139446336,32026,,291007.36,2025-04-01
139438969,12026,,562337.72,2025-04-01
139449114,122025,,139293.41,2025-04-01
139462581,112025,,713707.9,2025-04-01
139454130,102025,,211895.53,2025-04-01
139444928,82025,,446603.07,2025-04-01
139439335,52025,,644000.0,2025-04-01
139446628,12026,,496900.7,2025-04-01
139445720,92025,,247604.4,2025-04-01
139449420,32025,,516000.0,2025-04-01
139450741,62025,,396000.0,2025-04-01
139467825,92025,,686340.86,2025-04-01
139462861,32026,,168598.09,2025-04-01
139466941,12026,,375758.46,2025-04-01
139457007,52025,,292000.0,2025-04-01
139447061,92025,,113273.33,2025-04-01
139461856,112025,,67152.61,2025-04-01
139442558,12026,,236660.12,2025-04-01
139439212,42025,,758000.0,2025-04-01
139460656,42025,,194000.0,2025-04-01
139459830,32026,,262845.91,2025-04-01
139451510,32025,,289000.0,2025-04-01
139454517,112025,,313275.67,2025-04-01
139449741,42025,,292000.0,2025-04-01
139467664,72025,,368000.0,2025-04-01
139441080,32025,,242000.0,2025-04-01
139446308,12026,,268230.53,2025-04-01
139443357,122025,,229843.59,2025-04-01
139450475,22026,,217885.39,2025-04-01
139468259,82025,,397317.64,2025-04-01
139452787,92025,,254085.6,2025-04-01
139463722,32025,,203000.0,2025-04-01
139444603,42025,,530000.0,2025-04-01
139435817,22026,,472347.77,2025-04-01
139452723,42025,,276000.0,2025-04-01
139456831,12025,,1049000.0,2025-04-01
139445850,22025,,192000.0,2025-04-01
139465915,32025,,314000.0,2025-04-01
139454595,32026,,57270.66,2025-04-01
139462956,92025,,170231.14,2025-04-01
139458662,22026,,385123.27,2025-04-01
139441521,32025,,340000.0,2025-04-01
139444321,102025,,356264.41,2025-04-01
139437023,72025,,152495.43,2025-04-01
139447944,12025,,543000.0,2025-04-01
139444971,82025,,432459.62,2025-04-01
139449762,32026,,236296.37,2025-04-01
139467622,62025,,802000.0,2025-04-01
139464744,62025,,299000.0,2025-04-01
139454219,122025,,57410.78,2025-04-01
139462455,52025,,281000.0,2025-04-01
139438912,12025,,200000.0,2025-04-01
139437914,72025,,241000.0,2025-04-01
139438276,22026,,217981.2,2025-04-01
139469743,102025,,253973.58,2025-04-01
139443151,82025,,130768.76,2025-04-01
139447733,22026,,235617.89,2025-04-01
139444607,32026,,207180.88,2025-04-01
139462226,102025,,135211.45,2025-04-01
139468538,42025,,463000.0,2025-04-01
139466117,32026,,251851.56,2025-04-01
139454998,92025,,193246.88,2025-04-01
139442491,22025,,532000.0,2025-04-01
139438270,12026,,516995.63,2025-04-01
139438168,122025,,174061.44,2025-04-01
139454661,12025,,713000.0,2025-04-01
139457805,102025,,235986.1,2025-04-01
139451461,102025,,138658.91,2025-04-01
139440323,52025,,892000.0,2025-04-01
139442361,32026,,368698.31,2025-04-01
139463248,112025,,214883.96,2025-04-01
139461694,42025,,261000.0,2025-04-01
139447141,62025,,212000.0,2025-04-01
139436027,62025,,174000.0,2025-04-01
139447099,12026,,142959.14,2025-04-01
139451127,62025,,337537.53,2025-04-01
139446206,122025,,764297.42,2025-04-01
139468007,102025,,616914.91,2025-04-01
139468511,42025,,275000.0,2025-04-01
139459917,102025,,74486.36,2025-04-01
139468448,32025,,299000.0,2025-04-01
139468271,72025,,430000.0,2025-04-01
139439646,32025,,585000.0,2025-04-01
139454974,102025,,354996.51,2025-04-01
139444708,62025,,102000.0,2025-04-01
139469791,92025,,380790.96,2025-04-01
139451364,22025,,270000.0,2025-04-01
139453839,32026,,84661.05,2025-04-01
139468556,92025,,103329.78,2025-04-01
139445025,112025,,502922.15,2025-04-01
139454639,122025,,328032.55,2025-04-01
139447752,102025,,544420.43,2025-04-01
139457635,12026,,363963.28,2025-04-01
139461125,62025,,85000.0,2025-04-01
139467012,82025,,561603.71,2025-04-01
139453347,62025,,245000.0,2025-04-01
139463641,22025,,164000.0,2025-04-01
139446988,112025,,133493.51,2025-04-01
139450006,32025,,155000.0,2025-04-01
139437511,52025,,148000.0,2025-04-01
139441730,72025,,224622.45,2025-04-01
139466014,82025,,193246.35,2025-04-01
139440059,32026,,204794.85,2025-04-01
139435571,22025,,254000.0,2025-04-01
139464983,92025,,587513.61,2025-04-01
139469379,32025,,145000.0,2025-04-01
139435733,82025,,447000.0,2025-04-01
139466778,102025,,139152.72,2025-04-01
139442214,122025,,541591.11,2025-04-01
139452614,22025,,143000.0,2025-04-01
139460487,122025,,355932.81,2025-04-01
139437595,22026,,302660.09,2025-04-01
139452175,32026,,574991.33,2025-04-01
139459832,32025,,195000.0,2025-04-01
139456015,12026,,697061.12,2025-04-01
139447971,102025,,292605.13,2025-04-01
139465338,12026,,250117.89,2025-04-01
139443153,22026,,242128.08,2025-04-01
139448136,22025,,700000.0,2025-04-01
139449622,52025,,492000.0,2025-04-01
139441336,12025,,129000.0,2025-04-01
139439148,112025,,377851.75,2025-04-01
139465433,82025,,271433.08,2025-04-01
139446953,112025,,275888.0,2025-04-01
139463244,22025,,757000.0,2025-04-01
139442871,122025,,105033.97,2025-04-01
139437418,12026,,291774.62,2025-04-01
139435927,102025,,191983.38,2025-04-01
139443806,122025,,257737.65,2025-04-01
139467218,22025,,276000.0,2025-04-01
139464649,32025,,47000.0,2025-04-01
139452008,22026,,214402.5,2025-04-01
139446559,92025,,202844.49,2025-04-01
139449164,32026,,644947.99,2025-04-01
139463666,92025,,247715.8,2025-04-01
139442792,112025,,266914.45,2025-04-01
139452518,12026,,702860.68,2025-04-01
139436094,102025,,208310.97,2025-04-01
139458329,22026,,131201.25,2025-04-01
139443478,12025,,362000.0,2025-04-01
139468572,122025,,407452.28,2025-04-01
139455764,12025,,200000.0,2025-04-01
139453974,12025,,146000.0,2025-04-01
139442180,92025,,427237.15,2025-04-01
139458111,52025,,199000.0,2025-04-01
139468433,32026,,165140.0,2025-04-01
139445415,72025,,147000.0,2025-04-01
139460555,122025,,549315.35,2025-04-01
139443036,32026,,326666.96,2025-04-01
139450028,12025,,125000.0,2025-04-01
139461008,102025,,132364.97,2025-04-01
139456692,102025,,221278.41,2025-04-01
139437027,62025,,173000.0,2025-04-01
139450852,22026,,399293.77,2025-04-01
139447538,92025,,212656.23,2025-04-01
139462004,12025,,158000.0,2025-04-01
139444687,122025,,72964.06,2025-04-01
139457358,22026,,383262.62,2025-04-01
139460914,82025,,559067.33,2025-04-01
139447746,112025,,282017.99,2025-04-01
139456655,32026,,364673.93,2025-04-01
139444294,32026,,158046.34,2025-04-01
139460886,42025,,658000.0,2025-04-01
139451121,12026,,136581.62,2025-04-01
139448118,122025,,152998.2,2025-04-01
139436828,102025,,536479.93,2025-04-01
139435573,92025,,176995.61,2025-04-01
139464353,92025,,318981.76,2025-04-01
139452565,72025,,803000.0,2025-04-01
139465254,62025,,405000.0,2025-04-01
139453593,102025,,62392.05,2025-04-01
139462366,92025,,221375.28,2025-04-01
139457759,102025,,431158.53,2025-04-01
139457208,32026,,181770.56,2025-04-01
139436861,72025,,326000.0,2025-04-01
139447241,12025,,182000.0,2025-04-01
139458358,22025,,135000.0,2025-04-01
139440594,22026,,338039.8,2025-04-01
139462345,82025,,253165.01,2025-04-01
139436898,62025,,740000.0,2025-04-01
139448191,112025,,284888.74,2025-04-01
139437369,122025,,80706.01,2025-04-01
139455753,122025,,363725.59,2025-04-01
139452585,122025,,182922.35,2025-04-01
139456774,72025,,256000.0,2025-04-01
139444487,32026,,242454.48,2025-04-01
139468522,32026,,303264.15,2025-04-01
139451344,32025,,352000.0,2025-04-01
139445489,92025,,282532.33,2025-04-01
139439642,12026,,124589.4,2025-04-01
139436835,42025,,316000.0,2025-04-01
139467134,42025,,315000.0,2025-04-01
139440983,12026,,187926.2,2025-04-01
139460408,62025,,279000.0,2025-04-01
139462959,102025,,412551.01,2025-04-01
139466870,32025,,499000.0,2025-04-01
139468815,52025,,327000.0,2025-04-01
139469471,12025,,268000.0,2025-04-01
139449629,72025,,430755.8,2025-04-01
139466445,72025,,113000.0,2025-04-01
139444204,82025,,0.0,2025-04-01
139436174,102025,,198349.8,2025-04-01
139458696,102025,,520938.2,2025-04-01
139469355,42025,,252000.0,2025-04-01
139454421,32026,,53051.0,2025-04-01
139438150,12026,,433575.14,2025-04-01
139458534,12026,,312071.49,2025-04-01
139450820,32025,,798000.0,2025-04-01
139439250,22025,,479000.0,2025-04-01
139465007,22025,,367000.0,2025-04-01
139438810,22026,,445471.76,2025-04-01
139461781,12025,,283000.0,2025-04-01
139439830,92025,,421751.05,2025-04-01
139440371,62025,,221000.0,2025-04-01
139441244,42025,,141000.0,2025-04-01
139461086,52025,,236000.0,2025-04-01
139467316,12026,,799050.89,2025-04-01
139453453,82025,,63254.07,2025-04-01
139448917,42025,,358000.0,2025-04-01
139467484,12026,,67567.6,2025-04-01
139443699,72025,,423000.0,2025-04-01
139458896,82025,,618000.0,2025-04-01
139465222,32026,,171470.55,2025-04-01
139464886,112025,,205369.74,2025-04-01
139443678,32026,,162783.03,2025-04-01
139453052,32025,,181000.0,2025-04-01
139435808,52025,,470000.0,2025-04-01
139455714,72025,,509000.0,2025-04-01
139468318,62025,,462000.0,2025-04-01
139450384,32026,,663535.34,2025-04-01
139440830,32026,,789935.58,2025-04-01
139462376,52025,,576000.0,2025-04-01
139457641,92025,,253997.5,2025-04-01
139435758,32026,,248995.34,2025-04-01
139465733,52025,,195000.0,2025-04-01
139448617,12025,,485000.0,2025-04-01
139458255,82025,,181304.86,2025-04-01
139439379,22026,,371269.62,2025-04-01
139442556,22026,,107884.11,2025-04-01
139454461,122025,,426103.17,2025-04-01
139467248,82025,,106707.76,2025-04-01
139444906,42025,,520000.0,2025-04-01
139451067,122025,,297025.18,2025-04-01
139436705,112025,,281981.9,2025-04-01
139441058,52025,,304000.0,2025-04-01
139466200,52025,,653000.0,2025-04-01
139437724,12026,,148283.35,2025-04-01
139457161,22025,,120000.0,2025-04-01
139448287,42025,,449000.0,2025-04-01
139463650,112025,,606194.26,2025-04-01
139455817,92025,,234383.59,2025-04-01
139453377,12026,,451340.64,2025-04-01
139457095,102025,,622655.03,2025-04-01
139467947,12025,,238000.0,2025-04-01
139439099,122025,,612065.69,2025-04-01
139440348,112025,,123882.59,2025-04-01
139459599,122025,,459715.36,2025-04-01
139438075,12026,,784801.94,2025-04-01
139463655,32026,,153773.04,2025-04-01
139443932,82025,,140813.18,2025-04-01
139460185,72025,,199000.0,2025-04-01
139442939,92025,,212478.64,2025-04-01
139440159,12026,,405664.52,2025-04-01
139448251,42025,,279000.0,2025-04-01
139460198,22025,,444000.0,2025-04-01
139468609,62025,,414000.0,2025-04-01
139440699,52025,,146000.0,2025-04-01
139443830,112025,,322888.69,2025-04-01
139456393,102025,,313001.83,2025-04-01
139439299,82025,,126000.0,2025-04-01
139463205,12026,,514707.61,2025-04-01
139449832,112025,,441404.49,2025-04-01
139448971,52025,,211000.0,2025-04-01
139452280,12026,,489096.42,2025-04-01
139442959,62025,,230000.0,2025-04-01
139449853,62025,,162000.0,2025-04-01
139469584,122025,,777341.44,2025-04-01
139444106,32025,,383000.0,2025-04-01
139452868,112025,,346041.35,2025-04-01
139463461,32026,,271053.11,2025-04-01
139455879,52025,,214000.0,2025-04-01
139464596,122025,,84131.46,2025-04-01
139442240,92025,,664046.98,2025-04-01
139464105,82025,,336903.92,2025-04-01
139449510,122025,,203324.99,2025-04-01
139445373,72025,,509000.0,2025-04-01
139435689,42025,,155000.0,2025-04-01
139458523,12025,,317000.0,2025-04-01
139454517,82025,,314109.38,2025-04-01
139462006,112025,,276423.16,2025-04-01
139456073,42025,,120000.0,2025-04-01
139467983,102025,,264219.49,2025-04-01
139450952,92025,,422085.63,2025-04-01
139456759,112025,,434498.61,2025-04-01
139442348,22025,,102000.0,2025-04-01
139435920,12025,,550000.0,2025-04-01
139436556,32025,,256000.0,2025-04-01
139437563,12026,,399399.8,2025-04-01
139435726,122025,,621692.29,2025-04-01
139450628,122025,,264932.64,2025-04-01
139441926,92025,,284611.29,2025-04-01
139444642,22026,,205693.54,2025-04-01
139469740,22025,,105000.0,2025-04-01
139449012,82025,,346000.0,2025-04-01
139461920,122025,,157491.67,2025-04-01
139458166,52025,,170000.0,2025-04-01
139436354,42025,,781000.0,2025-04-01
139449176,82025,,180489.83,2025-04-01
139453375,102025,,162531.28,2025-04-01
139444937,122025,,113180.11,2025-04-01
139446769,22025,,514000.0,2025-04-01
139439159,112025,,821362.33,2025-04-01
139467037,32025,,75000.0,2025-04-01
139458271,12026,,148154.55,2025-04-01
139447286,32026,,276630.1,2025-04-01
139458260,82025,,213762.4,2025-04-01
139468816,32026,,372890.76,2025-04-01
139456394,102025,,286961.09,2025-04-01
139443865,42025,,298000.0,2025-04-01
139468722,32026,,413141.1,2025-04-01
139445626,32025,,323000.0,2025-04-01
139451765,32026,,192856.01,2025-04-01
139447270,42025,,84000.0,2025-04-01
139450598,22026,,331519.39,2025-04-01
139458922,52025,,155000.0,2025-04-01
139445029,62025,,195000.0,2025-04-01
139440343,122025,,278029.32,2025-04-01
139438595,92025,,93516.58,2025-04-01
139469882,22026,,338068.23,2025-04-01
139468182,112025,,287439.03,2025-04-01
139468523,22026,,167672.41,2025-04-01
139438737,102025,,583560.4,2025-04-01
139444385,22026,,155654.46,2025-04-01
139448008,82025,,608272.44,2025-04-01
139438769,22025,,351000.0,2025-04-01
139458164,122025,,173871.84,2025-04-01
139456663,32025,,58000.0,2025-04-01
139465909,22025,,797000.0,2025-04-01
139454182,22025,,495000.0,2025-04-01
139446891,102025,,225359.65,2025-04-01
139461341,32025,,240000.0,2025-04-01
139464170,72025,,162000.0,2025-04-01
139468208,32026,,252915.8,2025-04-01
139458528,12026,,244649.73,2025-04-01
139440594,32025,,341000.0,2025-04-01
139465435,102025,,349484.9,2025-04-01
139456370,22025,,789000.0,2025-04-01
139446147,82025,,298070.47,2025-04-01
139454507,32026,,231003.59,2025-04-01
139468322,92025,,452752.3,2025-04-01
139443656,32025,,399000.0,2025-04-01
139450801,32026,,791477.76,2025-04-01
139452316,12025,,376000.0,2025-04-01
139439356,122025,,288672.6,2025-04-01
139444474,42025,,110000.0,2025-04-01
139461116,62025,,211539.39,2025-04-01
139457652,12026,,211492.35,2025-04-01
139457534,12025,,260000.0,2025-04-01
139467399,12026,,196872.55,2025-04-01
139451876,112025,,460225.24,2025-04-01
139444087,52025,,103714.32,2025-04-01
139452724,52025,,259000.0,2025-04-01
139450545,22025,,472000.0,2025-04-01
139463271,72025,,583000.0,2025-04-01
139441840,62025,,147000.0,2025-04-01
139462515,42025,,318000.0,2025-04-01
139460374,62025,,204000.0,2025-04-01
139454118,62025,,196000.0,2025-04-01
139451080,22025,,180000.0,2025-04-01
139447135,52025,,188000.0,2025-04-01
139439235,82025,,250000.0,2025-04-01
139470067,122025,,393476.02,2025-04-01
139437451,32025,,145000.0,2025-04-01
139447293,12025,,99000.0,2025-04-01
139460839,52025,,807000.0,2025-04-01
139436938,82025,,75683.7,2025-04-01
139458508,92025,,174501.57,2025-04-01
139442907,52025,,218000.0,2025-04-01
139442965,92025,,456933.77,2025-04-01
139445661,42025,,566000.0,2025-04-01
139469820,62025,,84000.0,2025-04-01
139461077,62025,,79000.0,2025-04-01
139439257,92025,,88890.5,2025-04-01
139460785,42025,,419000.0,2025-04-01
139456787,112025,,262980.91,2025-04-01
139460464,82025,,59099.16,2025-04-01
139445788,12026,,239072.08,2025-04-01
139454353,122025,,201550.11,2025-04-01
139455102,32026,,201235.31,2025-04-01
139437937,102025,,494005.79,2025-04-01
139463304,22025,,439000.0,2025-04-01
139442151,12026,,174411.58,2025-04-01
139446782,12025,,490000.0,2025-04-01
139462276,32025,,222000.0,2025-04-01
139461525,82025,,535643.93,2025-04-01
139448771,62025,,74232.08,2025-04-01
139445909,12025,,500000.0,2025-04-01
139468521,52025,,407000.0,2025-04-01
139470053,102025,,264884.69,2025-04-01
139463115,12025,,585000.0,2025-04-01
139453094,52025,,279000.0,2025-04-01
139440615,32025,,304000.0,2025-04-01
139469938,32025,,163000.0,2025-04-01
139442395,112025,,459441.21,2025-04-01
139446082,122025,,605324.72,2025-04-01
139460684,32025,,156000.0,2025-04-01
139438761,42025,,104000.0,2025-04-01
139453218,112025,,435569.64,2025-04-01
139439414,52025,,231000.0,2025-04-01
139467500,42025,,155000.0,2025-04-01
139445534,72025,,533000.0,2025-04-01
139456995,122025,,158403.57,2025-04-01
139452668,92025,,743205.61,2025-04-01
139441384,42025,,325000.0,2025-04-01
139454769,32026,,320544.54,2025-04-01
139447965,82025,,132000.0,2025-04-01
139453476,42025,,707000.0,2025-04-01
139466607,42025,,472000.0,2025-04-01
139446399,42025,,399000.0,2025-04-01
139468178,32026,,393149.22,2025-04-01
139460622,32026,,102692.63,2025-04-01
139459284,112025,,327646.07,2025-04-01
139440169,82025,,375000.0,2025-04-01
139439056,62025,,265000.0,2025-04-01
139469753,92025,,247969.78,2025-04-01
139458302,32026,,63804.86,2025-04-01
139443645,22026,,182749.51,2025-04-01
139449447,22025,,309000.0,2025-04-01
139451748,52025,,393000.0,2025-04-01
139443960,72025,,501000.0,2025-04-01
139462279,102025,,271390.31,2025-04-01
139464398,32026,,481110.56,2025-04-01
139460421,122025,,346966.64,2025-04-01
139464333,32025,,84000.0,2025-04-01
139469473,32025,,196000.0,2025-04-01
139453152,92025,,447399.63,2025-04-01
139440426,32026,,109504.35,2025-04-01
139454622,42025,,340000.0,2025-04-01
139461428,112025,,198057.26,2025-04-01
139448031,92025,,125002.45,2025-04-01
139438976,52025,,212000.0,2025-04-01
139460151,72025,,193000.0,2025-04-01
139453571,102025,,185466.53,2025-04-01
139464049,82025,,133009.23,2025-04-01
139458661,72025,,180031.17,2025-04-01
139457003,32025,,554000.0,2025-04-01
139452619,22025,,345000.0,2025-04-01
139455315,12025,,297000.0,2025-04-01
139455582,82025,,569842.78,2025-04-01
139460186,92025,,748077.76,2025-04-01
139439733,102025,,799952.7,2025-04-01
139460645,112025,,179985.89,2025-04-01
139448825,82025,,153111.72,2025-04-01
139438828,32026,,189177.92,2025-04-01
139466273,22026,,485053.14,2025-04-01
139455968,122025,,223884.1,2025-04-01
139469589,52025,,140000.0,2025-04-01
139464685,72025,,113000.0,2025-04-01
139436186,22026,,333900.58,2025-04-01
139459222,22025,,292000.0,2025-04-01
139454719,122025,,152683.73,2025-04-01
139463799,32025,,134000.0,2025-04-01
139460650,22025,,300000.0,2025-04-01
139438093,122025,,176494.11,2025-04-01
139443535,52025,,307000.0,2025-04-01
139435546,122025,,230469.37,2025-04-01
139440250,122025,,392820.21,2025-04-01
139452235,62025,,118000.0,2025-04-01
139441642,52025,,300000.0,2025-04-01
139468477,102025,,287269.38,2025-04-01
139449861,32025,,425000.0,2025-04-01
139438070,82025,,188220.02,2025-04-01
139453959,52025,,520000.0,2025-04-01
139470013,32025,,280000.0,2025-04-01
139439266,22026,,276679.96,2025-04-01
139439936,42025,,535000.0,2025-04-01
139449290,112025,,459056.19,2025-04-01
139467243,62025,,127000.0,2025-04-01
139440219,32025,,146000.0,2025-04-01
139447887,82025,,227000.0,2025-04-01
139450588,32026,,441503.83,2025-04-01
139447205,122025,,120593.88,2025-04-01
139438294,82025,,375326.76,2025-04-01
139464336,62025,,149000.0,2025-04-01
139457174,122025,,57447.69,2025-04-01
139449208,12025,,415000.0,2025-04-01
139463142,12026,,796559.88,2025-04-01
139465225,112025,,304649.98,2025-04-01
139462911,92025,,593409.61,2025-04-01
139460695,112025,,215653.05,2025-04-01
139440643,72025,,692000.0,2025-04-01
139468222,82025,,528817.12,2025-04-01
139437366,72025,,398000.0,2025-04-01
139470207,122025,,323524.65,2025-04-01
139452215,62025,,209000.0,2025-04-01
139459281,112025,,150065.5,2025-04-01
139469927,112025,,585968.8,2025-04-01
139444428,22025,,212000.0,2025-04-01
139436173,42025,,202000.0,2025-04-01
139461164,72025,,613000.0,2025-04-01
139448898,42025,,423000.0,2025-04-01
139448479,102025,,264200.79,2025-04-01
139447304,32025,,307000.0,2025-04-01
139446882,102025,,140280.14,2025-04-01
139441199,102025,,347150.12,2025-04-01
139457222,82025,,192569.84,2025-04-01
139436225,52025,,222000.0,2025-04-01
139460592,32026,,221343.94,2025-04-01
139460688,22025,,272000.0,2025-04-01
139469932,112025,,458976.83,2025-04-01
139454227,92025,,258524.01,2025-04-01
139436411,32026,,412519.41,2025-04-01
139467244,102025,,189239.97,2025-04-01
139441199,112025,,346789.32,2025-04-01
139436009,32025,,73000.0,2025-04-01
139442416,22025,,394000.0,2025-04-01
139463120,42025,,464000.0,2025-04-01
139445528,32025,,165000.0,2025-04-01
139466540,92025,,201737.76,2025-04-01
139439265,72025,,237000.0,2025-04-01
139442263,42025,,474000.0,2025-04-01
139438317,12025,,473000.0,2025-04-01
139463410,32025,,390000.0,2025-04-01
139465162,122025,,228874.83,2025-04-01
139466501,42025,,79000.0,2025-04-01
139449563,12026,,385484.32,2025-04-01
139467582,42025,,234000.0,2025-04-01
139468075,22026,,246810.26,2025-04-01
139461534,22025,,435000.0,2025-04-01
139466479,102025,,124977.12,2025-04-01
139462311,32025,,349000.0,2025-04-01
139438754,102025,,745575.88,2025-04-01
139462485,32025,,223000.0,2025-04-01
139454269,112025,,329174.07,2025-04-01
139454000,82025,,255000.0,2025-04-01
139444166,32025,,248000.0,2025-04-01
139462106,22026,,492207.86,2025-04-01
139446611,32025,,608000.0,2025-04-01
139455812,112025,,169373.66,2025-04-01
139446396,112025,,187096.95,2025-04-01
139468522,22026,,303576.29,2025-04-01
139461660,42025,,407000.0,2025-04-01
139462541,52025,,251000.0,2025-04-01
139439956,32026,,123197.24,2025-04-01
139458265,92025,,1142495.65,2025-04-01
139449153,82025,,195555.87,2025-04-01
139448720,112025,,215824.89,2025-04-01
139456232,32026,,300126.8,2025-04-01
139442230,22026,,180800.32,2025-04-01
139456727,102025,,296820.81,2025-04-01
139440753,22026,,304321.29,2025-04-01
139447408,82025,,148955.51,2025-04-01
139444140,82025,,786000.0,2025-04-01
139458162,42025,,672000.0,2025-04-01
139435616,22025,,660000.0,2025-04-01
139460036,112025,,197292.29,2025-04-01
139438174,112025,,380954.31,2025-04-01
139461240,112025,,198256.11,2025-04-01
139442793,72025,,221000.0,2025-04-01
139468754,42025,,327000.0,2025-04-01
139465484,52025,,247000.0,2025-04-01
139459641,32025,,339000.0,2025-04-01
139450059,52025,,269000.0,2025-04-01
139451780,22025,,170000.0,2025-04-01
139452581,22025,,215000.0,2025-04-01
139438429,32026,,306617.32,2025-04-01
139449082,82025,,280900.17,2025-04-01
139443797,62025,,293000.0,2025-04-01
139466013,92025,,739811.41,2025-04-01
139461711,72025,,435000.0,2025-04-01
139465244,72025,,69320.04,2025-04-01
139441544,32025,,298000.0,2025-04-01
139444032,22026,,358141.87,2025-04-01
139437156,82025,,244755.5,2025-04-01
139467884,112025,,431273.76,2025-04-01
139445028,72025,,782427.64,2025-04-01
139465280,72025,,124000.0,2025-04-01
139459359,52025,,170000.0,2025-04-01
139455136,12025,,104000.0,2025-04-01
139442093,82025,,603240.23,2025-04-01
139463267,82025,,209282.56,2025-04-01
139445036,32025,,261000.0,2025-04-01
139448534,52025,,299000.0,2025-04-01
139436600,62025,,393000.0,2025-04-01
139437592,12026,,300882.32,2025-04-01
139439539,42025,,158000.0,2025-04-01
139453326,32026,,388448.06,2025-04-01
139449249,92025,,532708.67,2025-04-01
139467897,82025,,293869.97,2025-04-01
139466359,112025,,581847.6,2025-04-01
139449789,52025,,109000.0,2025-04-01
139456615,42025,,461000.0,2025-04-01
139447774,72025,,164000.0,2025-04-01
139464742,102025,,537104.07,2025-04-01
139443677,122025,,244910.34,2025-04-01
139456974,12025,,172000.0,2025-04-01
139435746,22026,,177654.68,2025-04-01
139468855,82025,,268498.6,2025-04-01
139460398,22025,,461000.0,2025-04-01
139466655,82025,,797954.01,2025-04-01
139466138,22025,,150000.0,2025-04-01
139456063,62025,,448000.0,2025-04-01
139464906,32026,,288498.39,2025-04-01
139436631,32025,,100000.0,2025-04-01
139438248,112025,,799617.22,2025-04-01
139445477,42025,,313000.0,2025-04-01
139466915,12026,,117494.57,2025-04-01
139443533,42025,,784000.0,2025-04-01
139440677,72025,,233759.25,2025-04-01
139438746,22025,,325000.0,2025-04-01
139455454,22026,,288344.62,2025-04-01
139455047,22025,,310000.0,2025-04-01
139468172,72025,,441343.61,2025-04-01
139465415,62025,,360000.0,2025-04-01
139435903,92025,,182470.07,2025-04-01
139467965,22026,,294413.26,2025-04-01
139460911,122025,,86845.41,2025-04-01
139462027,12025,,217000.0,2025-04-01
139463534,32025,,353000.0,2025-04-01
139437863,12026,,391936.87,2025-04-01
139438550,122025,,293194.36,2025-04-01
139458587,32026,,337515.9,2025-04-01
139456316,92025,,315579.79,2025-04-01
139464819,12025,,674000.0,2025-04-01
139435524,32025,,765000.0,2025-04-01
139455871,102025,,128287.94,2025-04-01
139453942,62025,,179000.0,2025-04-01
139438776,42025,,238000.0,2025-04-01
139452042,12026,,72602.58,2025-04-01
139463047,112025,,157847.24,2025-04-01
139449687,32026,,214434.09,2025-04-01
139460700,12026,,309932.32,2025-04-01
139463002,32025,,616000.0,2025-04-01
139457455,112025,,348170.68,2025-04-01
139451090,22025,,191000.0,2025-04-01
139462084,112025,,346417.22,2025-04-01
139436411,12025,,418000.0,2025-04-01
139469050,92025,,75602.68,2025-04-01
139468403,122025,,188835.56,2025-04-01
139461873,122025,,394576.67,2025-04-01
139442770,52025,,115000.0,2025-04-01
139462330,122025,,414822.88,2025-04-01
139444088,42025,,224000.0,2025-04-01
139453880,82025,,415132.97,2025-04-01
139436770,112025,,348365.97,2025-04-01
139467992,32025,,201000.0,2025-04-01
139464878,42025,,223000.0,2025-04-01
139464681,42025,,417000.0,2025-04-01
139438421,92025,,300533.13,2025-04-01
139457938,122025,,118560.34,2025-04-01
139455957,102025,,70810.83,2025-04-01
139463219,82025,,407605.92,2025-04-01
139442139,12025,,165000.0,2025-04-01
139456114,112025,,242279.69,2025-04-01
139443586,22025,,225000.0,2025-04-01
139445975,62025,,511000.0,2025-04-01
139455580,42025,,166000.0,2025-04-01
139449700,122025,,315222.59,2025-04-01
139467651,22026,,182551.28,2025-04-01
139443679,42025,,774000.0,2025-04-01
139459063,42025,,698000.0,2025-04-01
139461379,12026,,128476.71,2025-04-01
139438951,42025,,296000.0,2025-04-01
139466562,62025,,274000.0,2025-04-01
139459386,22025,,83000.0,2025-04-01
139438065,32026,,355966.21,2025-04-01
139463853,82025,,413362.57,2025-04-01
139440957,12026,,347506.68,2025-04-01
139466485,52025,,374000.0,2025-04-01
139453157,112025,,224946.6,2025-04-01
139449698,32025,,499000.0,2025-04-01
139460025,122025,,169265.49,2025-04-01
139437973,102025,,620846.64,2025-04-01
139465196,122025,,577470.4,2025-04-01
139452536,82025,,337228.2,2025-04-01
139455774,62025,,799000.0,2025-04-01
139445322,22025,,109000.0,2025-04-01
139436301,12026,,358941.73,2025-04-01
139453447,92025,,123593.87,2025-04-01
139456633,112025,,107175.48,2025-04-01
139456198,32026,,310217.14,2025-04-01
139466092,32025,,175000.0,2025-04-01
139445671,12025,,312000.0,2025-04-01
139437243,42025,,678000.0,2025-04-01
139449759,42025,,764000.0,2025-04-01
139435572,22025,,346000.0,2025-04-01
139463603,22026,,793952.91,2025-04-01
139450054,52025,,696000.0,2025-04-01
139441850,52025,,278000.0,2025-04-01
139457755,12026,,514990.75,2025-04-01
139452399,12025,,280000.0,2025-04-01
139442367,122025,,338668.28,2025-04-01
139457708,12025,,590000.0,2025-04-01
139466641,82025,,436958.31,2025-04-01
139437081,42025,,314000.0,2025-04-01
139446886,42025,,376000.0,2025-04-01
139452584,32026,,184059.18,2025-04-01
139458413,102025,,589621.84,2025-04-01
139448301,62025,,703000.0,2025-04-01
139440318,52025,,398000.0,2025-04-01
139456566,22026,,99020.82,2025-04-01
139466880,12025,,620000.0,2025-04-01
139441066,72025,,613000.0,2025-04-01
139448325,82025,,243038.15,2025-04-01
139459120,12026,,335599.63,2025-04-01
139455754,22026,,400073.29,2025-04-01
139449228,92025,,791827.54,2025-04-01
139445778,32026,,327357.23,2025-04-01
139465057,112025,,172924.75,2025-04-01
139464879,52025,,80000.0,2025-04-01
139461060,12025,,348000.0,2025-04-01
139436488,22025,,125000.0,2025-04-01
139464412,112025,,754846.99,2025-04-01
139451325,52025,,203000.0,2025-04-01
139437017,52025,,662000.0,2025-04-01
139458277,32025,,462000.0,2025-04-01
139449312,32025,,160000.0,2025-04-01
139447664,72025,,566000.0,2025-04-01
139437857,12026,,627080.04,2025-04-01
139439035,82025,,99341.24,2025-04-01
139453821,12025,,291000.0,2025-04-01
139441468,62025,,279000.0,2025-04-01
139467742,112025,,202552.85,2025-04-01
139451950,22025,,165000.0,2025-04-01
139447255,12025,,575000.0,2025-04-01
139465992,112025,,426553.04,2025-04-01
139451072,22025,,554000.0,2025-04-01
139441847,82025,,0.0,2025-04-01
139447570,12025,,204000.0,2025-04-01
139468334,42025,,135000.0,2025-04-01
139457570,32025,,533000.0,2025-04-01
139441366,102025,,234381.7,2025-04-01
139436523,22026,,638158.74,2025-04-01
139444481,12026,,603821.59,2025-04-01
139465795,32025,,355000.0,2025-04-01
139465407,102025,,240231.94,2025-04-01
139457361,102025,,303744.56,2025-04-01
139458110,122025,,254571.05,2025-04-01
139461502,32026,,222438.56,2025-04-01
139449515,32026,,309534.57,2025-04-01
139452562,42025,,88000.0,2025-04-01
139459093,32026,,176048.45,2025-04-01
139463189,62025,,349000.0,2025-04-01
139443633,92025,,90345.61,2025-04-01
139462109,112025,,98947.71,2025-04-01
139442421,52025,,153000.0,2025-04-01
139445059,12026,,116714.12,2025-04-01
139448663,122025,,81287.3,2025-04-01
139442753,82025,,168716.7,2025-04-01
139459534,22025,,67000.0,2025-04-01
139464650,122025,,220535.69,2025-04-01
139467531,52025,,512000.0,2025-04-01
139444114,82025,,96497.92,2025-04-01
139464896,32026,,154747.89,2025-04-01
139465644,22025,,154000.0,2025-04-01
139437774,42025,,478000.0,2025-04-01
139465512,42025,,247000.0,2025-04-01
139441605,12026,,417438.75,2025-04-01
139438942,72025,,418000.0,2025-04-01
139469322,12025,,120000.0,2025-04-01
139452509,72025,,93000.0,2025-04-01
139468092,12025,,560000.0,2025-04-01
139465190,112025,,250023.01,2025-04-01
139468240,72025,,395000.0,2025-04-01
139458190,102025,,0.0,2025-04-01
139454422,32025,,173000.0,2025-04-01
139442420,22025,,191000.0,2025-04-01
139463862,82025,,158616.85,2025-04-01
139441348,122025,,164435.64,2025-04-01
139438774,42025,,153000.0,2025-04-01
139467989,12026,,288111.87,2025-04-01
139461405,12025,,180000.0,2025-04-01
139453849,22026,,274045.8,2025-04-01
139460622,62025,,112000.0,2025-04-01
139457282,42025,,300000.0,2025-04-01
139438359,52025,,158000.0,2025-04-01
139455695,122025,,617926.29,2025-04-01
139455427,62025,,302000.0,2025-04-01
139446713,12026,,79019.04,2025-04-01
139461381,102025,,158052.89,2025-04-01
139446676,32025,,377000.0,2025-04-01
139444621,42025,,431000.0,2025-04-01
139464564,42025,,263000.0,2025-04-01
139455969,22026,,187449.32,2025-04-01
139440923,32025,,144000.0,2025-04-01
139469293,62025,,159181.82,2025-04-01
139444256,12026,,296952.53,2025-04-01
139466138,12025,,150000.0,2025-04-01
139443720,32026,,208606.73,2025-04-01
139456055,42025,,279000.0,2025-04-01
139468717,12026,,189725.66,2025-04-01
139444193,112025,,238363.01,2025-04-01
139449616,112025,,192292.72,2025-04-01
139468495,22025,,647000.0,2025-04-01
139466626,22025,,76000.0,2025-04-01
139441876,52025,,255000.0,2025-04-01
139464951,32025,,786000.0,2025-04-01
139442359,12025,,60000.0,2025-04-01
139466873,82025,,388686.47,2025-04-01
139438847,42025,,74000.0,2025-04-01
139446634,22026,,156853.26,2025-04-01
139462704,122025,,260774.83,2025-04-01
139458889,32025,,297000.0,2025-04-01
139457821,112025,,91681.64,2025-04-01
139439108,22026,,209428.28,2025-04-01
139469787,102025,,229751.23,2025-04-01
139457275,12025,,169000.0,2025-04-01
139454061,52025,,617000.0,2025-04-01
139452897,22025,,319000.0,2025-04-01
139460611,32025,,598000.0,2025-04-01
139452986,92025,,233548.59,2025-04-01
139439438,82025,,227181.08,2025-04-01
139446699,62025,,497000.0,2025-04-01
139451361,112025,,166579.41,2025-04-01
139468013,112025,,130624.15,2025-04-01
139469126,12025,,184000.0,2025-04-01
139447680,52025,,287000.0,2025-04-01
139459225,62025,,199000.0,2025-04-01
139455610,62025,,361485.28,2025-04-01
139453070,12026,,219897.32,2025-04-01
139447552,82025,,594387.34,2025-04-01
139435657,112025,,360258.71,2025-04-01
139462145,72025,,305000.0,2025-04-01
139452706,32026,,214470.09,2025-04-01
139443911,72025,,218504.9,2025-04-01
139457621,62025,,211000.0,2025-04-01
139459463,32026,,189656.12,2025-04-01
139459442,42025,,100000.0,2025-04-01
139446251,102025,,0.0,2025-04-01
139461712,12026,,681230.93,2025-04-01
139467313,52025,,383000.0,2025-04-01
139443597,72025,,433000.0,2025-04-01
139437230,32026,,741218.34,2025-04-01
139441941,32026,,593017.16,2025-04-01
139439421,112025,,147932.56,2025-04-01
139469631,72025,,186000.0,2025-04-01
139453023,52025,,569000.0,2025-04-01
139461855,102025,,209539.97,2025-04-01
139460190,52025,,350000.0,2025-04-01
139466334,82025,,332000.0,2025-04-01
139446672,12025,,132000.0,2025-04-01
139446892,52025,,235000.0,2025-04-01
139469652,102025,,514008.59,2025-04-01
139458513,12026,,714359.87,2025-04-01
139439538,82025,,149930.91,2025-04-01
139443047,62025,,128000.0,2025-04-01
139454724,112025,,655061.47,2025-04-01
139437776,12026,,299062.71,2025-04-01
139448351,72025,,472000.0,2025-04-01
139458214,32026,,234386.03,2025-04-01
139436813,122025,,274723.28,2025-04-01
139467658,82025,,156471.99,2025-04-01
139440855,92025,,174055.62,2025-04-01
139468934,22026,,480688.42,2025-04-01
139436977,52025,,378000.0,2025-04-01
139437387,12025,,174000.0,2025-04-01
139458007,112025,,499271.23,2025-04-01
139440898,82025,,282436.31,2025-04-01
139450117,12026,,173295.18,2025-04-01
139457732,112025,,419583.17,2025-04-01
139461615,52025,,377000.0,2025-04-01
139458186,102025,,99207.44,2025-04-01
139440851,112025,,240879.63,2025-04-01
139453410,32026,,381310.1,2025-04-01
139460088,112025,,371181.77,2025-04-01
139450527,92025,,341872.03,2025-04-01
139441073,12025,,126000.0,2025-04-01
139443509,72025,,216000.0,2025-04-01
139439425,82025,,783718.82,2025-04-01
139456150,42025,,177000.0,2025-04-01
139460067,32026,,88913.31,2025-04-01
139440075,52025,,193000.0,2025-04-01
139466276,92025,,304841.41,2025-04-01
139448629,122025,,313058.7,2025-04-01
139452915,32025,,523000.0,2025-04-01
139458722,92025,,505316.5,2025-04-01
139442209,42025,,416000.0,2025-04-01
139458337,12026,,247398.71,2025-04-01
139435738,92025,,436757.01,2025-04-01
139448015,112025,,465459.81,2025-04-01
139437387,52025,,174000.0,2025-04-01
139452771,32025,,285000.0,2025-04-01
139461027,12026,,365023.93,2025-04-01
139437454,12026,,272441.86,2025-04-01
139450309,12025,,257000.0,2025-04-01
139454102,72025,,372000.0,2025-04-01
139449040,42025,,666000.0,2025-04-01
139462728,32025,,340000.0,2025-04-01
139464069,12025,,361000.0,2025-04-01
139449670,22026,,138671.41,2025-04-01
139462758,22025,,439000.0,2025-04-01
139457287,32026,,303555.27,2025-04-01
139459624,32026,,165560.25,2025-04-01
139448771,72025,,74124.3,2025-04-01
139435669,42025,,96000.0,2025-04-01
139448806,42025,,223000.0,2025-04-01
139453823,52025,,325000.0,2025-04-01
139439294,12025,,170000.0,2025-04-01
139451275,72025,,388000.0,2025-04-01
139468955,22026,,441630.42,2025-04-01
139444477,102025,,297445.45,2025-04-01
139468333,52025,,667000.0,2025-04-01
139451622,22025,,136000.0,2025-04-01
139452366,102025,,356980.98,2025-04-01
139466685,82025,,492229.69,2025-04-01
139464413,62025,,355000.0,2025-04-01
139451194,32025,,422000.0,2025-04-01
139466856,122025,,243956.96,2025-04-01
139469004,72025,,144000.0,2025-04-01
139443287,52025,,427000.0,2025-04-01
139449052,12026,,286677.87,2025-04-01
139457588,112025,,211515.45,2025-04-01
139445726,22025,,489000.0,2025-04-01
139466677,12026,,471097.33,2025-04-01
139458571,72025,,529229.55,2025-04-01
139445339,112025,,70465.17,2025-04-01
139453850,62025,,99000.0,2025-04-01
139436551,102025,,282820.12,2025-04-01
139442770,22025,,115000.0,2025-04-01
139451322,112025,,272820.53,2025-04-01
139454326,12026,,217137.21,2025-04-01
139453289,102025,,119804.21,2025-04-01
139470098,102025,,127169.04,2025-04-01
139461310,82025,,218572.28,2025-04-01
139436737,62025,,652000.0,2025-04-01
139453251,82025,,208537.13,2025-04-01
139441100,102025,,353773.15,2025-04-01
139466427,62025,,152000.0,2025-04-01
139460470,82025,,214562.6,2025-04-01
139435565,32025,,152000.0,2025-04-01
139437438,92025,,138028.65,2025-04-01
139460615,32026,,261051.7,2025-04-01
139444714,22025,,330000.0,2025-04-01
139453718,32025,,160000.0,2025-04-01
139465184,102025,,83474.72,2025-04-01
139468631,112025,,289890.33,2025-04-01
139452058,102025,,120446.39,2025-04-01
139466214,102025,,385000.0,2025-04-01
139459783,92025,,326902.85,2025-04-01
139446060,82025,,263092.65,2025-04-01
139464931,92025,,94910.8,2025-04-01
139455966,52025,,776000.0,2025-04-01
139452968,32025,,479000.0,2025-04-01
139464512,12026,,222268.15,2025-04-01
139436438,32026,,213100.35,2025-04-01
139456039,22026,,486022.19,2025-04-01
139440634,92025,,155726.14,2025-04-01
139437385,32025,,670000.0,2025-04-01
139446854,62025,,622000.0,2025-04-01
139438541,112025,,515329.48,2025-04-01
139445298,112025,,202653.7,2025-04-01
139438029,122025,,42069.61,2025-04-01
139464699,92025,,200146.91,2025-04-01
139457815,52025,,692000.0,2025-04-01
139453224,62025,,396000.0,2025-04-01
139457932,52025,,142000.0,2025-04-01
139451932,92025,,140670.29,2025-04-01
139437037,112025,,284009.44,2025-04-01
139459407,122025,,394605.14,2025-04-01
139438876,12026,,76941.96,2025-04-01
139440392,82025,,617100.65,2025-04-01
139438568,32026,,318597.66,2025-04-01
139458933,62025,,299000.0,2025-04-01
139441887,72025,,477000.0,2025-04-01
139453700,92025,,840061.89,2025-04-01
139451041,22026,,436983.15,2025-04-01
139462656,12025,,375000.0,2025-04-01
139452479,32025,,166000.0,2025-04-01
139455258,52025,,632000.0,2025-04-01
139469412,62025,,135000.0,2025-04-01
139454233,42025,,779000.0,2025-04-01
139446964,112025,,589744.85,2025-04-01
139445441,52025,,483000.0,2025-04-01
139439470,82025,,162761.96,2025-04-01
139449464,122025,,111953.88,2025-04-01
139454323,102025,,314370.74,2025-04-01
139468021,32025,,531000.0,2025-04-01
139465429,32026,,182352.78,2025-04-01
139448848,102025,,485071.11,2025-04-01
139467044,82025,,332802.12,2025-04-01
139446092,22025,,375000.0,2025-04-01
139440688,22025,,147000.0,2025-04-01
139440480,42025,,77000.0,2025-04-01
139462799,102025,,326989.54,2025-04-01
139468540,62025,,219000.0,2025-04-01
139439907,92025,,231928.45,2025-04-01
139468115,42025,,482000.0,2025-04-01
139454286,112025,,98261.08,2025-04-01
139451807,112025,,441554.34,2025-04-01
139455829,82025,,197039.67,2025-04-01
139436515,42025,,305000.0,2025-04-01
139449127,62025,,431000.0,2025-04-01
139449211,62025,,179000.0,2025-04-01
139464020,102025,,230744.21,2025-04-01
139448135,22026,,236274.55,2025-04-01
139469450,102025,,116211.19,2025-04-01
139463470,22026,,332144.15,2025-04-01
139459513,62025,,622000.0,2025-04-01
139466338,22026,,295633.12,2025-04-01
139438040,72025,,216000.0,2025-04-01
139459390,112025,,508201.17,2025-04-01
139438932,72025,,304000.0,2025-04-01
139456432,62025,,289000.0,2025-04-01
139463482,102025,,687445.55,2025-04-01
139441207,112025,,424399.33,2025-04-01
139464348,52025,,212000.0,2025-04-01
139445395,102025,,205483.3,2025-04-01
139466007,122025,,240701.11,2025-04-01
139437855,122025,,153340.26,2025-04-01
139459651,82025,,741094.44,2025-04-01
139456382,52025,,304000.0,2025-04-01
139446018,122025,,168044.32,2025-04-01
139443585,52025,,234000.0,2025-04-01
139456585,12026,,118006.51,2025-04-01
139440281,42025,,190000.0,2025-04-01
139456785,62025,,119000.0,2025-04-01
139467018,22026,,266759.97,2025-04-01
139463758,12025,,140000.0,2025-04-01
139452908,12025,,581000.0,2025-04-01
139457145,72025,,266000.0,2025-04-01
139451985,102025,,401031.89,2025-04-01
139456612,42025,,339000.0,2025-04-01
139447546,22025,,72000.0,2025-04-01
139456852,12026,,309883.98,2025-04-01
139441979,32026,,110894.24,2025-04-01
139463613,122025,,409042.28,2025-04-01
139446427,102025,,88396.49,2025-04-01
139455194,22025,,179000.0,2025-04-01
139447737,92025,,297734.46,2025-04-01
139437511,42025,,148000.0,2025-04-01
139469094,32025,,255000.0,2025-04-01
139454246,92025,,301175.31,2025-04-01
139459293,52025,,347000.0,2025-04-01
139459359,42025,,170000.0,2025-04-01
139450270,72025,,140000.0,2025-04-01
139447795,92025,,260830.1,2025-04-01
139459859,62025,,173655.62,2025-04-01
139469134,62025,,240000.0,2025-04-01
139464085,112025,,533116.88,2025-04-01
139442287,62025,,1000.0,2025-04-01
139443794,82025,,287029.33,2025-04-01
139447354,92025,,575075.84,2025-04-01
139456834,42025,,203000.0,2025-04-01
139438459,62025,,132000.0,2025-04-01
139439531,92025,,99226.92,2025-04-01
139466379,62025,,426952.49,2025-04-01
139456207,52025,,112000.0,2025-04-01
139469495,92025,,348913.23,2025-04-01
139455709,102025,,263830.56,2025-04-01
139441762,32025,,230000.0,2025-04-01
139453343,62025,,236000.0,2025-04-01
139464281,82025,,564328.36,2025-04-01
139465210,112025,,320395.13,2025-04-01
139468879,82025,,251449.26,2025-04-01
139464842,42025,,399000.0,2025-04-01
139455453,32025,,457000.0,2025-04-01
139466125,112025,,115646.21,2025-04-01
139461140,92025,,139171.12,2025-04-01
139443035,32026,,487609.28,2025-04-01
139446555,22025,,537000.0,2025-04-01
139464444,112025,,283667.53,2025-04-01
139437289,42025,,69000.0,2025-04-01
139440591,22025,,150000.0,2025-04-01
139439442,82025,,250313.37,2025-04-01
139469338,52025,,213000.0,2025-04-01
139467674,82025,,317697.2,2025-04-01
139441232,42025,,142000.0,2025-04-01
139463627,22026,,72628.45,2025-04-01
139453279,102025,,145754.41,2025-04-01
139457469,12025,,238000.0,2025-04-01
139460910,72025,,189000.0,2025-04-01
139466905,32026,,143248.6,2025-04-01
139460047,62025,,157000.0,2025-04-01
139466451,52025,,119000.0,2025-04-01
139438326,12026,,130948.09,2025-04-01
139465811,112025,,141181.48,2025-04-01
139445347,32026,,270836.93,2025-04-01
139444341,12026,,430362.9,2025-04-01
139465908,12025,,432000.0,2025-04-01
139463715,62025,,361000.0,2025-04-01
139459656,12025,,542000.0,2025-04-01
139460800,112025,,499205.7,2025-04-01
139437778,42025,,167000.0,2025-04-01
139455850,72025,,258000.0,2025-04-01
139445331,12026,,310684.35,2025-04-01
139443937,72025,,604000.0,2025-04-01
139445975,122025,,507488.16,2025-04-01
139439242,102025,,319338.25,2025-04-01
139443436,92025,,343682.47,2025-04-01
139438840,92025,,283176.8,2025-04-01
139465876,22025,,641000.0,2025-04-01
139437047,92025,,108869.52,2025-04-01
139449764,102025,,206058.35,2025-04-01
139461534,62025,,434000.0,2025-04-01
139466021,12026,,0.0,2025-04-01
139463629,122025,,340833.21,2025-04-01
139458267,122025,,499186.15,2025-04-01
139459320,32026,,458910.06,2025-04-01
139464361,62025,,230319.73,2025-04-01
139465831,42025,,140000.0,2025-04-01
139447296,32025,,245000.0,2025-04-01
139445388,122025,,886070.24,2025-04-01
139466065,12026,,90537.54,2025-04-01
139453220,72025,,648000.0,2025-04-01
139466375,32025,,346000.0,2025-04-01
139463616,22026,,513745.93,2025-04-01
139465333,72025,,190000.0,2025-04-01
139442833,32026,,329229.51,2025-04-01
139442585,122025,,86222.47,2025-04-01
139446044,92025,,797954.01,2025-04-01
139437793,72025,,677000.0,2025-04-01
139456514,12025,,232000.0,2025-04-01
139462295,12025,,100000.0,2025-04-01
139443103,72025,,179000.0,2025-04-01
139463710,22026,,253861.44,2025-04-01
139457064,82025,,793136.06,2025-04-01
139443332,72025,,99000.0,2025-04-01
139464658,22025,,157000.0,2025-04-01
139453868,12026,,281239.19,2025-04-01
139456960,12025,,235000.0,2025-04-01
139457765,42025,,644000.0,2025-04-01
139436378,112025,,588395.98,2025-04-01
139449740,72025,,150000.0,2025-04-01
139459662,102025,,152864.91,2025-04-01
139443007,72025,,297000.0,2025-04-01
139437801,102025,,249505.37,2025-04-01
139446521,52025,,475000.0,2025-04-01
139436523,42025,,644000.0,2025-04-01
139442747,32026,,363365.61,2025-04-01
139446204,112025,,130495.26,2025-04-01
139454353,72025,,202719.25,2025-04-01
139444706,22025,,718000.0,2025-04-01
139467738,92025,,335860.9,2025-04-01
139448246,122025,,374729.28,2025-04-01
139446577,82025,,308186.9,2025-04-01
139459240,102025,,290722.21,2025-04-01
139457055,52025,,257000.0,2025-04-01
139456707,22026,,731524.15,2025-04-01
139448575,62025,,478000.0,2025-04-01
139442524,32026,,446069.75,2025-04-01
139448402,82025,,626994.02,2025-04-01
139436803,102025,,532122.56,2025-04-01
139445839,32026,,265132.46,2025-04-01
139453991,102025,,312788.44,2025-04-01
139460882,82025,,59690.14,2025-04-01
139453364,72025,,137000.0,2025-04-01
139445420,72025,,591000.0,2025-04-01
139445423,52025,,492000.0,2025-04-01
139459044,92025,,389173.83,2025-04-01
139463561,112025,,211842.85,2025-04-01
139454681,52025,,210000.0,2025-04-01
139448340,82025,,283000.0,2025-04-01
139447612,52025,,120000.0,2025-04-01
139467064,12026,,287252.97,2025-04-01
139439956,12026,,123445.96,2025-04-01
139464213,32025,,199000.0,2025-04-01
139441501,82025,,189727.68,2025-04-01
139467245,32026,,349262.9,2025-04-01
139469682,42025,,341000.0,2025-04-01
139456981,92025,,317079.47,2025-04-01
139468952,32026,,351900.2,2025-04-01
139468572,112025,,407784.77,2025-04-01
139467253,12025,,148000.0,2025-04-01
139447123,82025,,446329.16,2025-04-01
139440306,32026,,264647.93,2025-04-01
139447035,22026,,316709.82,2025-04-01
139452672,62025,,416000.0,2025-04-01
139437686,102025,,227436.42,2025-04-01
139461398,72025,,74000.0,2025-04-01
139448829,72025,,590000.0,2025-04-01
139456995,62025,,159000.0,2025-04-01
139451139,22025,,117000.0,2025-04-01
139442486,82025,,139893.52,2025-04-01
139441966,12026,,163218.25,2025-04-01
139464906,32025,,290000.0,2025-04-01
139456570,42025,,412000.0,2025-04-01
139460413,32025,,519000.0,2025-04-01
139450229,112025,,363207.88,2025-04-01
139446678,12026,,253296.65,2025-04-01
139457457,82025,,287240.29,2025-04-01
139449783,82025,,548849.1,2025-04-01
139450352,22025,,85000.0,2025-04-01
139468654,42025,,421000.0,2025-04-01
139463095,112025,,175874.79,2025-04-01
139458958,52025,,251000.0,2025-04-01
139441168,82025,,198409.99,2025-04-01
139462412,92025,,103337.03,2025-04-01
139463669,72025,,669000.0,2025-04-01
139462698,72025,,369000.0,2025-04-01
139436683,42025,,339000.0,2025-04-01
139468570,32025,,147000.0,2025-04-01
139459143,32026,,137203.05,2025-04-01
139442038,92025,,223757.62,2025-04-01
139439615,22025,,246000.0,2025-04-01
139463780,22025,,75000.0,2025-04-01
139461673,92025,,188632.75,2025-04-01
139460838,42025,,647000.0,2025-04-01
139469989,32026,,628458.72,2025-04-01
139459524,122025,,358498.52,2025-04-01
139455476,92025,,274187.79,2025-04-01
139459286,122025,,305436.9,2025-04-01
139452113,72025,,454000.0,2025-04-01
139463570,122025,,263381.23,2025-04-01
139460164,112025,,121852.7,2025-04-01
139456533,82025,,490385.48,2025-04-01
139448044,32026,,346934.64,2025-04-01
139445425,22025,,359000.0,2025-04-01
139441346,12025,,556000.0,2025-04-01
139449176,72025,,180681.84,2025-04-01
139463633,122025,,241576.15,2025-04-01
139444485,92025,,245046.79,2025-04-01
139443444,32025,,41000.0,2025-04-01
139439071,82025,,213000.0,2025-04-01
139469452,22025,,120000.0,2025-04-01
139447726,52025,,274000.0,2025-04-01
139453007,42025,,415000.0,2025-04-01
139461898,122025,,440077.89,2025-04-01
139443301,32025,,237000.0,2025-04-01
139445270,72025,,400000.0,2025-04-01
139440618,62025,,431000.0,2025-04-01
139464036,12025,,294000.0,2025-04-01
139440121,102025,,224586.38,2025-04-01
139456832,92025,,97881.53,2025-04-01
139467664,22026,,366079.72,2025-04-01
139447105,12026,,449046.74,2025-04-01
139450405,22026,,306324.14,2025-04-01
139443704,32025,,792000.0,2025-04-01
139450218,62025,,293000.0,2025-04-01
139465562,32025,,268000.0,2025-04-01
139436707,32026,,145260.25,2025-04-01
139449327,122025,,655892.77,2025-04-01
139437529,32025,,125000.0,2025-04-01
139455170,12025,,801000.0,2025-04-01
139435874,92025,,535735.66,2025-04-01
139467043,22025,,242000.0,2025-04-01
139446019,32025,,92000.0,2025-04-01
139439992,62025,,346000.0,2025-04-01
139458477,32026,,234365.15,2025-04-01
139460476,32025,,198000.0,2025-04-01
139454962,52025,,771000.0,2025-04-01
139443967,12025,,300000.0,2025-04-01
139439826,82025,,424890.69,2025-04-01
139438009,102025,,478532.01,2025-04-01
139443295,122025,,289448.91,2025-04-01
139458673,22025,,380000.0,2025-04-01
139464094,12025,,328000.0,2025-04-01
139464172,72025,,367000.0,2025-04-01
139445447,92025,,277164.99,2025-04-01
139468314,22026,,513941.47,2025-04-01
139465668,102025,,191730.37,2025-04-01
139444781,122025,,616830.98,2025-04-01
139437028,42025,,453000.0,2025-04-01
139446841,112025,,507201.33,2025-04-01
139451120,12025,,807000.0,2025-04-01
139445057,12026,,287823.85,2025-04-01
139462562,82025,,335152.36,2025-04-01
139461939,92025,,414268.03,2025-04-01
139457548,12025,,540000.0,2025-04-01
139442519,22026,,368392.48,2025-04-01
139458458,22026,,123342.93,2025-04-01
139457556,112025,,382607.42,2025-04-01
139453038,112025,,453617.37,2025-04-01
139463752,82025,,491076.89,2025-04-01
139448304,82025,,195610.4,2025-04-01
139452895,52025,,168000.0,2025-04-01
139454428,32026,,394010.66,2025-04-01
139440569,122025,,554970.3,2025-04-01
139442238,42025,,310000.0,2025-04-01
139444882,102025,,424838.11,2025-04-01
139444951,22025,,201000.0,2025-04-01
139453073,22025,,0.0,2025-04-01
139441324,62025,,699875.16,2025-04-01
139453446,102025,,534827.46,2025-04-01
139449708,102025,,84627.92,2025-04-01
139458448,72025,,283000.0,2025-04-01
139450676,22025,,190000.0,2025-04-01
139457960,82025,,141409.23,2025-04-01
139443732,22025,,510000.0,2025-04-01
139442337,12026,,553549.49,2025-04-01
139453841,102025,,626233.5,2025-04-01
139445185,62025,,179000.0,2025-04-01
139450060,102025,,280759.06,2025-04-01
139452985,22025,,237000.0,2025-04-01
139446881,122025,,556538.58,2025-04-01
139466999,62025,,263000.0,2025-04-01
139445970,32026,,98394.7,2025-04-01
139468612,42025,,115000.0,2025-04-01
139449405,102025,,100314.3,2025-04-01
139454607,72025,,548000.0,2025-04-01
139442940,82025,,258871.0,2025-04-01
139437618,32026,,212389.45,2025-04-01
139459642,72025,,132000.0,2025-04-01
139440713,112025,,536123.63,2025-04-01
139459681,32025,,247000.0,2025-04-01
139453110,22026,,530639.6,2025-04-01
139462572,52025,,261000.0,2025-04-01
139468775,112025,,201730.26,2025-04-01
139439267,82025,,742981.79,2025-04-01
139457703,32026,,167055.82,2025-04-01
139442405,32025,,223000.0,2025-04-01
139466771,92025,,317641.34,2025-04-01
139463678,52025,,218000.0,2025-04-01
139453433,32025,,764000.0,2025-04-01
139453011,42025,,549000.0,2025-04-01
139467379,32026,,434104.4,2025-04-01
139451601,32025,,611000.0,2025-04-01
139442051,112025,,351193.63,2025-04-01
139453220,32026,,643392.17,2025-04-01
139441507,72025,,133853.35,2025-04-01
139446364,62025,,252000.0,2025-04-01
139459354,122025,,323737.35,2025-04-01
139460804,32026,,456932.92,2025-04-01
139443373,32025,,801000.0,2025-04-01
139445664,32025,,124000.0,2025-04-01
139446887,12025,,400000.0,2025-04-01
139464357,102025,,344431.01,2025-04-01
139439822,22025,,255000.0,2025-04-01
139454881,82025,,750297.77,2025-04-01
139458442,42025,,87000.0,2025-04-01
139449938,52025,,705000.0,2025-04-01
139454228,72025,,552000.0,2025-04-01
139440336,52025,,370000.0,2025-04-01
139449080,42025,,299000.0,2025-04-01
139451554,102025,,694452.1,2025-04-01
139449926,62025,,199000.0,2025-04-01
139437289,32025,,75000.0,2025-04-01
139440801,12026,,602306.0,2025-04-01
139451396,92025,,296078.31,2025-04-01
139448854,42025,,119000.0,2025-04-01
139442444,112025,,305860.91,2025-04-01
139445404,32026,,242059.87,2025-04-01
139465614,122025,,746911.49,2025-04-01
139465154,102025,,303255.91,2025-04-01
139443558,92025,,97575.46,2025-04-01
139459624,22025,,168000.0,2025-04-01
139443998,122025,,182932.15,2025-04-01
139467033,92025,,366781.46,2025-04-01
139461927,122025,,62652.05,2025-04-01
139449411,62025,,204000.0,2025-04-01
139459486,72025,,390000.0,2025-04-01
139442752,62025,,290000.0,2025-04-01
139447248,92025,,262766.04,2025-04-01
139459152,12026,,46970.24,2025-04-01
139449952,12025,,110000.0,2025-04-01
139465616,22025,,264000.0,2025-04-01
139445147,32026,,520979.02,2025-04-01
139461177,62025,,135000.0,2025-04-01
139441366,32026,,233332.04,2025-04-01
139437893,102025,,68420.1,2025-04-01
139440133,32026,,164932.67,2025-04-01
139449799,122025,,267153.43,2025-04-01
139455456,42025,,199000.0,2025-04-01
139437394,32026,,584767.3,2025-04-01
139444714,112025,,327503.11,2025-04-01
139463607,112025,,186807.5,2025-04-01
139451314,62025,,286191.58,2025-04-01
139465848,12026,,364080.86,2025-04-01
139441758,32025,,323000.0,2025-04-01
139458425,32026,,181192.66,2025-04-01
139454491,32025,,258000.0,2025-04-01
139455161,32025,,270000.0,2025-04-01
139469638,42025,,126000.0,2025-04-01
139446979,62025,,403000.0,2025-04-01
139470204,52025,,295000.0,2025-04-01
139463935,62025,,267000.0,2025-04-01
139450898,62025,,69043.66,2025-04-01
139468599,42025,,379000.0,2025-04-01
139443129,32026,,553095.42,2025-04-01
139458639,72025,,116919.28,2025-04-01
139468280,52025,,267000.0,2025-04-01
139463361,12026,,393613.94,2025-04-01
139447316,62025,,260000.0,2025-04-01
139442889,32026,,238897.99,2025-04-01
139462332,32026,,144437.12,2025-04-01
139464348,62025,,212000.0,2025-04-01
139440287,32026,,155682.66,2025-04-01
139462163,32025,,222000.0,2025-04-01
139448162,62025,,99000.0,2025-04-01
139445032,82025,,755894.11,2025-04-01
139464882,42025,,202000.0,2025-04-01
139441201,102025,,260065.14,2025-04-01
139442009,112025,,252282.0,2025-04-01
139464413,52025,,355000.0,2025-04-01
139465935,32025,,152000.0,2025-04-01
139464470,122025,,494934.34,2025-04-01
139448264,22025,,160000.0,2025-04-01
139463255,62025,,642000.0,2025-04-01
139459804,82025,,704828.61,2025-04-01
139443884,42025,,499000.0,2025-04-01
139451130,12025,,459000.0,2025-04-01
139446594,32025,,205000.0,2025-04-01
139442486,32025,,144000.0,2025-04-01
139464144,22026,,222658.81,2025-04-01
139459222,52025,,292000.0,2025-04-01
139459951,42025,,271000.0,2025-04-01
139442299,22026,,338826.95,2025-04-01
139462871,112025,,333937.24,2025-04-01
139449264,22026,,0.0,2025-04-01
139464244,42025,,782000.0,2025-04-01
139440001,12026,,306149.26,2025-04-01
139463100,22026,,252111.83,2025-04-01
139439387,42025,,269000.0,2025-04-01
139449595,12026,,234006.88,2025-04-01
139449099,12025,,205000.0,2025-04-01
139463423,122025,,157587.0,2025-04-01
139465692,42025,,234000.0,2025-04-01
139447090,12025,,75000.0,2025-04-01
139460149,72025,,154000.0,2025-04-01
139435586,72025,,417000.0,2025-04-01
139468788,62025,,426000.0,2025-04-01
139450359,72025,,71469.31,2025-04-01
139465087,82025,,389641.87,2025-04-01
139448783,72025,,141347.39,2025-04-01
139463429,22025,,313000.0,2025-04-01
139468196,12026,,242045.61,2025-04-01
139452795,32025,,317000.0,2025-04-01
139464935,42025,,435000.0,2025-04-01
139453074,122025,,197286.71,2025-04-01
139462488,42025,,419000.0,2025-04-01
139469631,12025,,188000.0,2025-04-01
139466046,72025,,159000.0,2025-04-01
139464953,82025,,201969.88,2025-04-01
139450428,12025,,156000.0,2025-04-01
139467739,32025,,374000.0,2025-04-01
139438816,22025,,299000.0,2025-04-01
139453302,42025,,259000.0,2025-04-01
139446097,22025,,169000.0,2025-04-01
139436029,92025,,301173.64,2025-04-01
139447924,102025,,416903.71,2025-04-01
139451587,102025,,240375.68,2025-04-01
139459012,12026,,211303.67,2025-04-01
139440049,42025,,116000.0,2025-04-01
139468922,52025,,228000.0,2025-04-01
139462295,122025,,95926.48,2025-04-01
139459523,12025,,383000.0,2025-04-01
139462349,122025,,736160.78,2025-04-01
139446794,32026,,204349.42,2025-04-01
139442412,12026,,246441.35,2025-04-01
139436378,22025,,597000.0,2025-04-01
139436812,12026,,208673.96,2025-04-01
139470225,12026,,398789.13,2025-04-01
139435630,12026,,714936.78,2025-04-01
139466687,92025,,275668.83,2025-04-01
139463428,22025,,405000.0,2025-04-01
139453040,82025,,366003.4,2025-04-01
139462121,82025,,113209.8,2025-04-01
139439630,82025,,427045.77,2025-04-01
139435720,122025,,171357.28,2025-04-01
139455031,92025,,193527.94,2025-04-01
139446659,62025,,228000.0,2025-04-01
139459279,32025,,314000.0,2025-04-01
139457648,22026,,704616.46,2025-04-01
139448029,52025,,445000.0,2025-04-01
139456673,32026,,212582.54,2025-04-01
139443431,62025,,298000.0,2025-04-01
139453589,12025,,205000.0,2025-04-01
139444347,32025,,1065000.0,2025-04-01
139440621,122025,,142470.39,2025-04-01
139449031,32025,,177000.0,2025-04-01
139452853,22026,,177279.89,2025-04-01
139458614,12026,,210817.21,2025-04-01
139450878,122025,,163874.0,2025-04-01
139462315,22025,,547000.0,2025-04-01
139463480,82025,,633846.68,2025-04-01
139461252,82025,,168932.52,2025-04-01
139469464,22026,,246147.55,2025-04-01
139460505,42025,,274000.0,2025-04-01
139450861,92025,,791594.14,2025-04-01
139469272,92025,,496363.59,2025-04-01
139453488,22026,,348175.29,2025-04-01
139448769,22026,,71432.76,2025-04-01
139442408,22026,,360249.92,2025-04-01
139451567,62025,,234000.0,2025-04-01
139453775,102025,,212658.44,2025-04-01
139447948,32025,,196000.0,2025-04-01
139458858,72025,,543000.0,2025-04-01
139443279,52025,,149000.0,2025-04-01
139460558,92025,,178367.15,2025-04-01
139469569,52025,,212000.0,2025-04-01
139461280,112025,,30613.41,2025-04-01
139448137,82025,,110000.0,2025-04-01
139462559,22025,,270000.0,2025-04-01
139460276,22025,,202000.0,2025-04-01
139454185,122025,,291698.81,2025-04-01
139444289,12026,,342627.04,2025-04-01
139469673,112025,,444304.98,2025-04-01
139445901,12025,,732000.0,2025-04-01
139466118,22025,,192000.0,2025-04-01
139458767,32025,,425000.0,2025-04-01
139441560,32025,,396000.0,2025-04-01
139464270,62025,,436000.0,2025-04-01
139445795,22026,,290636.08,2025-04-01
139463656,122025,,420656.49,2025-04-01
139459140,22025,,318000.0,2025-04-01
139438450,112025,,136478.02,2025-04-01
139466562,12025,,275000.0,2025-04-01
139457558,42025,,176000.0,2025-04-01
139443321,102025,,881723.03,2025-04-01
139459712,12026,,352365.08,2025-04-01
139449296,12026,,790261.56,2025-04-01
139465178,72025,,108000.0,2025-04-01
139464061,32026,,128291.29,2025-04-01
139447536,52025,,440000.0,2025-04-01
139457616,82025,,566334.11,2025-04-01
139450468,22026,,475623.69,2025-04-01
139467616,32025,,184000.0,2025-04-01
139456103,102025,,118321.46,2025-04-01
139462690,122025,,177740.14,2025-04-01
139436884,62025,,471000.0,2025-04-01
139454101,92025,,228344.85,2025-04-01
139464560,32026,,59993.69,2025-04-01
139440852,112025,,74794.13,2025-04-01
139460861,122025,,165211.79,2025-04-01
139441506,112025,,222663.06,2025-04-01
139462438,32025,,225000.0,2025-04-01
139451309,32026,,163227.08,2025-04-01
139462945,32025,,110000.0,2025-04-01
139454923,22025,,402000.0,2025-04-01
139438572,12026,,144970.65,2025-04-01
139466509,22025,,1180000.0,2025-04-01
139469924,82025,,819583.55,2025-04-01
139449126,62025,,73000.0,2025-04-01
139449456,22025,,762000.0,2025-04-01
139450888,22025,,150000.0,2025-04-01
139438335,42025,,383000.0,2025-04-01
139456094,112025,,433315.29,2025-04-01
139463073,32026,,360909.41,2025-04-01
139449699,22025,,355000.0,2025-04-01
139450376,122025,,462155.12,2025-04-01
139441990,82025,,156870.3,2025-04-01
139448731,32026,,492760.18,2025-04-01
139465804,92025,,282750.51,2025-04-01
139436495,72025,,79000.0,2025-04-01
139458647,72025,,401000.0,2025-04-01
139467454,12026,,184999.14,2025-04-01
139461106,12025,,749000.0,2025-04-01
139446745,92025,,687767.54,2025-04-01
139438072,72025,,192000.0,2025-04-01
139447811,72025,,264000.0,2025-04-01
139468539,72025,,118000.0,2025-04-01
139460533,52025,,174000.0,2025-04-01
139456551,82025,,289383.26,2025-04-01
139440225,52025,,362000.0,2025-04-01
139436634,102025,,99262.86,2025-04-01
139440199,32025,,205000.0,2025-04-01
139448753,32026,,236926.72,2025-04-01
139441625,102025,,327241.92,2025-04-01
139444675,122025,,0.0,2025-04-01
139435524,22026,,757340.43,2025-04-01
139436534,22025,,411000.0,2025-04-01
139441979,32025,,112000.0,2025-04-01
139461624,102025,,154434.83,2025-04-01
139448811,102025,,0.0,2025-04-01
139456453,22025,,713000.0,2025-04-01
139436041,22025,,113000.0,2025-04-01
139468014,22025,,180000.0,2025-04-01
139449520,122025,,456289.58,2025-04-01
139470161,102025,,250285.72,2025-04-01
139441274,22026,,147840.04,2025-04-01
139467786,92025,,234053.07,2025-04-01
139458129,102025,,408022.67,2025-04-01
139437392,102025,,213777.46,2025-04-01
139439982,52025,,230000.0,2025-04-01
139469743,52025,,255000.0,2025-04-01
139470150,42025,,154000.0,2025-04-01
139467011,12025,,215000.0,2025-04-01
139467967,72025,,222903.96,2025-04-01
139438728,22026,,361281.59,2025-04-01
139440899,92025,,147518.89,2025-04-01
139440323,82025,,889155.12,2025-04-01
139454810,42025,,749000.0,2025-04-01
139447759,12026,,287822.58,2025-04-01
139452723,62025,,275000.0,2025-04-01
139465188,102025,,635011.88,2025-04-01
139456744,22025,,499000.0,2025-04-01
139443271,32025,,463000.0,2025-04-01
139454950,92025,,76461.01,2025-04-01
139456689,122025,,200991.76,2025-04-01
139463108,122025,,0.0,2025-04-01
139455962,92025,,506230.67,2025-04-01
139439811,22026,,215665.68,2025-04-01
139456931,72025,,254000.0,2025-04-01
139465595,32025,,122000.0,2025-04-01
139451029,22026,,284424.14,2025-04-01
139460800,72025,,500983.67,2025-04-01
139462830,32025,,802000.0,2025-04-01
139442384,62025,,804000.0,2025-04-01
139452163,92025,,150200.71,2025-04-01
139452412,112025,,329338.47,2025-04-01
139459226,92025,,140300.01,2025-04-01
139458261,22026,,756617.02,2025-04-01
139452226,22025,,222000.0,2025-04-01
139452343,52025,,311000.0,2025-04-01
139465844,32026,,294821.43,2025-04-01
139451835,12026,,247384.29,2025-04-01
139464547,92025,,104378.36,2025-04-01
139463067,82025,,201300.19,2025-04-01
139457592,82025,,138253.41,2025-04-01
139441476,22026,,796937.03,2025-04-01
139436943,12026,,191344.3,2025-04-01
139451268,92025,,872273.22,2025-04-01
139457490,22025,,391000.0,2025-04-01
139455928,122025,,871247.81,2025-04-01
139453646,72025,,386000.0,2025-04-01
139442452,72025,,685000.0,2025-04-01
139445072,102025,,237846.07,2025-04-01
139463249,42025,,150000.0,2025-04-01
139469872,62025,,164000.0,2025-04-01
139461904,12026,,339915.72,2025-04-01
139436226,32025,,340000.0,2025-04-01
139459727,82025,,258367.41,2025-04-01
139460497,112025,,346259.82,2025-04-01
139446170,102025,,579045.03,2025-04-01
139439461,92025,,235135.4,2025-04-01
139436540,22026,,105083.24,2025-04-01
139466472,62025,,174000.0,2025-04-01
139443219,122025,,364941.34,2025-04-01
139438521,52025,,197000.0,2025-04-01
139444819,112025,,217747.83,2025-04-01
139442669,52025,,430000.0,2025-04-01
139448592,52025,,196000.0,2025-04-01
139443430,62025,,154000.0,2025-04-01
139451246,122025,,223932.28,2025-04-01
139451161,22025,,464000.0,2025-04-01
139467569,42025,,469000.0,2025-04-01
139447632,72025,,114000.0,2025-04-01
139469737,22026,,493755.3,2025-04-01
139461341,22026,,234313.84,2025-04-01
139464093,72025,,369000.0,2025-04-01
139436176,42025,,197000.0,2025-04-01
139462460,32026,,0.0,2025-04-01
139459767,72025,,447000.0,2025-04-01
139456912,32025,,118000.0,2025-04-01
139467952,122025,,570521.87,2025-04-01
139438170,32025,,183000.0,2025-04-01
139447245,32026,,277075.05,2025-04-01
139442594,12026,,237230.5,2025-04-01
139450145,82025,,720947.74,2025-04-01
139435987,32026,,132354.02,2025-04-01
139463077,42025,,165000.0,2025-04-01
139443125,82025,,476227.71,2025-04-01
139436324,72025,,182000.0,2025-04-01
139442737,22026,,59881.92,2025-04-01
139437692,32026,,150100.81,2025-04-01
139456128,32026,,292805.53,2025-04-01
139450409,102025,,197649.55,2025-04-01
139463820,72025,,375000.0,2025-04-01
139467095,112025,,176678.98,2025-04-01
139454238,32026,,167677.35,2025-04-01
139443187,12025,,294000.0,2025-04-01
139459523,112025,,378562.1,2025-04-01
139444604,62025,,507000.0,2025-04-01
139453690,102025,,417187.82,2025-04-01
139446035,52025,,254000.0,2025-04-01
139464335,12025,,371000.0,2025-04-01
139440726,12026,,93976.47,2025-04-01
139445926,32026,,229741.97,2025-04-01
139461746,22025,,1099000.0,2025-04-01
139453963,12025,,370000.0,2025-04-01
139443148,62025,,222000.0,2025-04-01
139448843,122025,,499860.19,2025-04-01
139450230,122025,,674058.31,2025-04-01
139468166,22025,,409000.0,2025-04-01
139464930,82025,,560557.64,2025-04-01
139462918,32026,,602134.76,2025-04-01
139449966,42025,,276000.0,2025-04-01
139468322,32026,,450369.29,2025-04-01
139467460,22025,,279000.0,2025-04-01
139442107,52025,,304000.0,2025-04-01
139448787,22025,,165000.0,2025-04-01
139455293,112025,,263964.89,2025-04-01
139467517,82025,,228393.39,2025-04-01
139443465,112025,,153401.88,2025-04-01
139457117,22026,,89933.7,2025-04-01
139436492,92025,,319204.83,2025-04-01
139469031,22025,,517000.0,2025-04-01
139444924,52025,,445000.0,2025-04-01
139470245,92025,,313498.16,2025-04-01
139450213,42025,,681000.0,2025-04-01
139468797,52025,,159000.0,2025-04-01
139449830,32025,,422000.0,2025-04-01
139440032,42025,,374000.0,2025-04-01
139467542,122025,,668074.83,2025-04-01
139437006,92025,,779437.38,2025-04-01
139458316,22025,,140000.0,2025-04-01
139470202,22026,,289384.28,2025-04-01
139463200,102025,,297858.67,2025-04-01
139445045,62025,,372000.0,2025-04-01
139443213,52025,,199000.0,2025-04-01
139441344,42025,,579000.0,2025-04-01
139451981,12025,,112000.0,2025-04-01
139448411,122025,,323119.47,2025-04-01
139446331,22025,,354000.0,2025-04-01
139446247,22025,,798000.0,2025-04-01
139459916,52025,,234000.0,2025-04-01
139468351,22025,,527000.0,2025-04-01
139439418,72025,,151293.09,2025-04-01
139443963,72025,,505000.0,2025-04-01
139453229,112025,,136870.36,2025-04-01
139437260,112025,,340729.12,2025-04-01
139444374,92025,,156323.99,2025-04-01
139469944,32026,,77099.48,2025-04-01
139462051,72025,,676000.0,2025-04-01
139466924,112025,,277176.09,2025-04-01
139464058,62025,,110000.0,2025-04-01
139446449,12026,,106693.47,2025-04-01
139459865,82025,,290713.06,2025-04-01
139453468,22025,,256000.0,2025-04-01
139449495,12026,,256502.97,2025-04-01
139453689,12025,,394000.0,2025-04-01
139460091,82025,,35370.22,2025-04-01
139465188,32025,,639000.0,2025-04-01
139441150,102025,,421713.41,2025-04-01
139459319,52025,,284000.0,2025-04-01
139444899,12026,,138929.54,2025-04-01
139458547,62025,,175000.0,2025-04-01
139443831,62025,,397103.01,2025-04-01
139461928,72025,,169000.0,2025-04-01
139446738,92025,,177629.76,2025-04-01
139443868,22025,,140000.0,2025-04-01
139467758,42025,,201000.0,2025-04-01
139455563,22026,,279910.68,2025-04-01
139463220,12025,,87000.0,2025-04-01
139452996,42025,,325551.75,2025-04-01
139440405,12026,,186907.18,2025-04-01
139446517,22025,,471000.0,2025-04-01
139455527,52025,,701000.0,2025-04-01
139449593,122025,,648722.33,2025-04-01
139451224,42025,,548000.0,2025-04-01
139455731,12025,,428000.0,2025-04-01
139437477,52025,,691000.0,2025-04-01
139446090,42025,,352968.59,2025-04-01
139456871,22025,,459000.0,2025-04-01
139439545,72025,,516000.0,2025-04-01
139446711,12026,,59720.06,2025-04-01
139448785,52025,,530000.0,2025-04-01
139436203,112025,,497527.6,2025-04-01
139442886,52025,,567000.0,2025-04-01
139448923,92025,,158011.83,2025-04-01
139439633,52025,,609000.0,2025-04-01
139437727,112025,,651442.43,2025-04-01
139462778,12025,,145000.0,2025-04-01
139457658,32025,,655000.0,2025-04-01
139436224,52025,,490000.0,2025-04-01
139444504,52025,,408000.0,2025-04-01
139439457,12025,,345000.0,2025-04-01
139437177,42025,,593000.0,2025-04-01
139455035,42025,,354000.0,2025-04-01
139449786,12025,,245000.0,2025-04-01
139449278,22026,,522635.52,2025-04-01
139456572,52025,,159000.0,2025-04-01
139451965,82025,,89293.48,2025-04-01
139440517,12025,,370000.0,2025-04-01
139436165,122025,,548937.07,2025-04-01
139447532,12026,,768994.46,2025-04-01
139456230,22026,,277934.35,2025-04-01
139441841,92025,,553192.26,2025-04-01
139456503,62025,,371000.0,2025-04-01
139459864,82025,,171279.77,2025-04-01
139437105,102025,,282677.03,2025-04-01
139462403,92025,,613466.48,2025-04-01
139445539,22025,,400000.0,2025-04-01
139438036,62025,,298000.0,2025-04-01
139458883,12025,,393000.0,2025-04-01
139467241,82025,,464012.37,2025-04-01
139455044,52025,,350000.0,2025-04-01
139437533,42025,,221000.0,2025-04-01
139458844,52025,,358000.0,2025-04-01
139446580,92025,,675222.46,2025-04-01
139450196,52025,,407000.0,2025-04-01
139468523,22025,,170000.0,2025-04-01
139455955,62025,,93000.0,2025-04-01
139470069,52025,,513000.0,2025-04-01
139435655,62025,,392000.0,2025-04-01
139442891,22026,,215025.96,2025-04-01
139467762,42025,,129000.0,2025-04-01
139463029,32026,,301283.86,2025-04-01
139454343,62025,,340000.0,2025-04-01
139449329,12026,,408207.86,2025-04-01
139439369,82025,,600961.7,2025-04-01
139466568,62025,,573000.0,2025-04-01
139449145,12026,,375851.6,2025-04-01
139454616,72025,,485000.0,2025-04-01
139448429,12025,,555000.0,2025-04-01
139460113,62025,,178000.0,2025-04-01
139467258,82025,,239464.04,2025-04-01
139450458,22025,,804000.0,2025-04-01
139439130,122025,,256931.96,2025-04-01
139451128,22026,,742644.97,2025-04-01
139444168,32026,,374380.27,2025-04-01
139468616,82025,,794082.21,2025-04-01
139464286,32025,,203000.0,2025-04-01
139464489,92025,,476525.43,2025-04-01
139439100,72025,,174000.0,2025-04-01
139460299,112025,,487697.83,2025-04-01
139459805,32026,,443420.58,2025-04-01
139440908,32025,,799000.0,2025-04-01
139467071,42025,,235000.0,2025-04-01
139456705,72025,,209000.0,2025-04-01
139460438,52025,,486000.0,2025-04-01
139447020,32025,,946000.0,2025-04-01
139456994,112025,,128003.02,2025-04-01
139435718,62025,,428000.0,2025-04-01
139449560,72025,,769642.84,2025-04-01
139442775,92025,,788714.19,2025-04-01
139457222,92025,,192386.69,2025-04-01
139465915,42025,,314000.0,2025-04-01
139455136,42025,,104000.0,2025-04-01
139457337,32025,,384000.0,2025-04-01
139436596,62025,,384000.0,2025-04-01
139469182,22025,,394000.0,2025-04-01
139442252,52025,,294000.0,2025-04-01
139445843,72025,,157716.34,2025-04-01
139462111,92025,,545856.73,2025-04-01
139447627,22026,,134045.4,2025-04-01
139447692,12025,,142000.0,2025-04-01
139457342,72025,,463000.0,2025-04-01
139441314,42025,,463000.0,2025-04-01
139461592,52025,,218000.0,2025-04-01
139446627,62025,,293102.61,2025-04-01
139465130,12026,,233879.87,2025-04-01
139458503,62025,,85000.0,2025-04-01
139465189,112025,,212857.23,2025-04-01
139445921,42025,,103000.0,2025-04-01
139466799,62025,,348000.0,2025-04-01
139468722,32025,,418000.0,2025-04-01
139451802,82025,,52988.75,2025-04-01
139443211,12025,,400000.0,2025-04-01
139462226,112025,,135068.24,2025-04-01
139462989,12025,,217000.0,2025-04-01
139448182,52025,,102000.0,2025-04-01
139452425,112025,,336531.56,2025-04-01
139461368,42025,,263000.0,2025-04-01
139447391,92025,,537190.87,2025-04-01
139470232,122025,,266593.51,2025-04-01
139458337,62025,,249000.0,2025-04-01
139460003,72025,,353000.0,2025-04-01
139460761,22025,,629000.0,2025-04-01
139449113,52025,,165000.0,2025-04-01
139464622,22025,,239000.0,2025-04-01
139446269,42025,,319000.0,2025-04-01
139461276,32026,,146405.42,2025-04-01
139454835,52025,,434000.0,2025-04-01
139455118,42025,,648000.0,2025-04-01
139440198,32025,,199000.0,2025-04-01
139446578,122025,,382239.69,2025-04-01
139464599,22025,,306000.0,2025-04-01
139441267,122025,,327418.16,2025-04-01
139468949,72025,,84000.0,2025-04-01
139447796,12025,,389000.0,2025-04-01
139438217,12025,,755000.0,2025-04-01
139436397,42025,,175000.0,2025-04-01
139468995,92025,,344424.67,2025-04-01
139443098,102025,,301379.91,2025-04-01
139449268,22026,,229973.46,2025-04-01
139441471,102025,,268304.76,2025-04-01
139459456,122025,,371154.16,2025-04-01
139463661,12025,,775000.0,2025-04-01
139444486,32025,,199000.0,2025-04-01
139442494,22026,,256741.23,2025-04-01
139465215,62025,,236000.0,2025-04-01
139465260,102025,,172532.31,2025-04-01
139458897,122025,,457206.61,2025-04-01
139462922,62025,,373000.0,2025-04-01
139441123,12026,,518543.24,2025-04-01
139451398,82025,,310478.36,2025-04-01
139450823,22025,,175000.0,2025-04-01
139444745,72025,,99000.0,2025-04-01
139436020,32026,,260476.04,2025-04-01
139468944,12026,,153733.94,2025-04-01
139440535,22025,,849000.0,2025-04-01
139442665,62025,,159412.11,2025-04-01
139436612,52025,,150000.0,2025-04-01
139469161,92025,,992558.49,2025-04-01
139437640,22025,,800000.0,2025-04-01
139451914,122025,,233645.38,2025-04-01
139464587,112025,,381158.66,2025-04-01
139458127,22026,,94551.01,2025-04-01
139436958,112025,,579699.65,2025-04-01
139458695,12026,,282717.25,2025-04-01
139439218,12025,,387000.0,2025-04-01
139440048,22025,,422000.0,2025-04-01
139438399,22026,,354477.85,2025-04-01
139446849,12025,,145000.0,2025-04-01
139443970,122025,,10427.69,2025-04-01
139463606,72025,,568000.0,2025-04-01
139451336,32025,,699000.0,2025-04-01
139450889,42025,,199000.0,2025-04-01
139451323,32025,,764000.0,2025-04-01
139439281,52025,,341000.0,2025-04-01
139459719,122025,,212803.1,2025-04-01
139462482,22026,,364456.72,2025-04-01
139460437,82025,,151943.02,2025-04-01
139446798,42025,,94000.0,2025-04-01
139440899,32026,,146525.13,2025-04-01
139463400,122025,,349973.13,2025-04-01
139468315,12026,,564341.73,2025-04-01
139439790,32026,,138322.83,2025-04-01
139457137,82025,,283400.81,2025-04-01
139468847,32025,,351000.0,2025-04-01
139438150,112025,,434434.13,2025-04-01
139467731,52025,,252000.0,2025-04-01
139453175,102025,,166248.34,2025-04-01
139445239,52025,,249000.0,2025-04-01
139449847,42025,,228000.0,2025-04-01
139436623,32026,,361702.71,2025-04-01
139457172,92025,,297146.37,2025-04-01
139462529,52025,,260000.0,2025-04-01
139461170,92025,,297942.78,2025-04-01
139466929,82025,,280775.85,2025-04-01
139454063,32026,,370925.48,2025-04-01
139470151,102025,,119093.8,2025-04-01
139444352,12026,,603898.07,2025-04-01
139441324,22025,,703000.0,2025-04-01
139451754,22026,,492095.3,2025-04-01
139438585,12025,,205000.0,2025-04-01
139467173,52025,,115000.0,2025-04-01
139441493,42025,,492000.0,2025-04-01
139453683,62025,,264000.0,2025-04-01
139445169,32025,,132000.0,2025-04-01
139437799,112025,,570393.51,2025-04-01
139456032,12025,,88000.0,2025-04-01
139454446,32026,,882298.65,2025-04-01
139457370,32026,,271844.79,2025-04-01
139442263,122025,,469860.3,2025-04-01
139457388,72025,,113000.0,2025-04-01
139442380,122025,,466899.57,2025-04-01
139450570,112025,,736759.94,2025-04-01
139451894,82025,,540486.66,2025-04-01
139454689,122025,,156248.22,2025-04-01
139437328,92025,,546082.17,2025-04-01
139439841,12025,,130000.0,2025-04-01
139444507,122025,,580072.28,2025-04-01
139461701,92025,,802178.11,2025-04-01
139452976,52025,,170000.0,2025-04-01
139463751,122025,,257643.77,2025-04-01
139449834,32026,,242023.62,2025-04-01
139445553,32025,,234000.0,2025-04-01
139449482,22025,,273000.0,2025-04-01
139450339,42025,,592000.0,2025-04-01
139453489,32026,,385258.81,2025-04-01
139467517,92025,,228171.82,2025-04-01
139454268,12025,,611000.0,2025-04-01
139436526,62025,,267000.0,2025-04-01
139453426,12025,,632000.0,2025-04-01
139459415,102025,,194726.46,2025-04-01
139450970,72025,,357000.0,2025-04-01
139442323,22025,,353000.0,2025-04-01
139448299,32026,,310983.51,2025-04-01
139440002,32026,,271073.7,2025-04-01
139463091,32026,,92946.77,2025-04-01
139466054,12025,,368000.0,2025-04-01
139468177,42025,,100000.0,2025-04-01
139457919,102025,,598510.2,2025-04-01
139462446,32026,,278211.71,2025-04-01
139464930,22026,,553863.65,2025-04-01
139454973,32025,,262000.0,2025-04-01
139456291,72025,,198000.0,2025-04-01
139438766,52025,,622000.0,2025-04-01
139450792,12026,,205385.54,2025-04-01
139440820,42025,,709000.0,2025-04-01
139467018,22025,,270000.0,2025-04-01
139436812,72025,,210001.03,2025-04-01
139454862,92025,,144304.88,2025-04-01
139448300,22025,,37000.0,2025-04-01
139452783,112025,,256105.57,2025-04-01
139447191,52025,,418000.0,2025-04-01
139453303,42025,,220000.0,2025-04-01
139466099,12025,,119000.0,2025-04-01
139445124,92025,,198713.59,2025-04-01
139445703,82025,,474000.0,2025-04-01
139469163,32026,,225798.17,2025-04-01
139436582,112025,,459145.69,2025-04-01
139468941,32025,,509000.0,2025-04-01
139446647,12025,,435000.0,2025-04-01
139464875,102025,,446120.49,2025-04-01
139467494,82025,,655855.75,2025-04-01
139455866,22026,,165398.49,2025-04-01
139436945,72025,,74000.0,2025-04-01
139462438,22026,,221832.14,2025-04-01
139441135,102025,,496314.79,2025-04-01
139437423,52025,,370000.0,2025-04-01
139437611,12026,,793774.07,2025-04-01
139454432,92025,,283495.39,2025-04-01
139441528,12026,,399888.2,2025-04-01
139464281,32026,,560793.14,2025-04-01
139440589,122025,,144181.43,2025-04-01
139440541,32026,,130315.82,2025-04-01
139437667,52025,,97000.0,2025-04-01
139435740,42025,,768000.0,2025-04-01
139467530,42025,,749000.0,2025-04-01
139466528,62025,,136000.0,2025-04-01
139448565,22025,,131000.0,2025-04-01
139469542,12025,,798000.0,2025-04-01
139458126,122025,,260435.65,2025-04-01
139444876,32025,,800000.0,2025-04-01
139440805,12026,,306019.08,2025-04-01
139466933,82025,,157981.09,2025-04-01
139451039,122025,,489942.12,2025-04-01
139467465,22025,,420000.0,2025-04-01
139466798,32025,,170000.0,2025-04-01
139439961,12025,,340000.0,2025-04-01
139465553,102025,,73066.34,2025-04-01
139467233,22026,,140657.63,2025-04-01
139437173,42025,,163000.0,2025-04-01
139467415,32025,,724000.0,2025-04-01
139437449,32025,,801000.0,2025-04-01
139445413,82025,,149089.71,2025-04-01
139449867,82025,,164665.1,2025-04-01
139466154,122025,,216033.11,2025-04-01
139466362,72025,,300000.0,2025-04-01
139452053,32025,,279000.0,2025-04-01
139458969,112025,,201305.43,2025-04-01
139436476,12026,,625325.34,2025-04-01
139450127,52025,,242000.0,2025-04-01
139437919,52025,,479000.0,2025-04-01
139457541,92025,,240945.23,2025-04-01
139444640,122025,,321699.57,2025-04-01
139440330,112025,,491550.58,2025-04-01
139447390,122025,,122820.71,2025-04-01
139446985,102025,,146968.67,2025-04-01
139450505,22025,,839000.0,2025-04-01
139454522,32026,,89779.58,2025-04-01
139464851,12026,,543358.15,2025-04-01
139448125,22025,,527000.0,2025-04-01
139443988,52025,,350000.0,2025-04-01
139444421,12026,,503893.15,2025-04-01
139442443,62025,,288000.0,2025-04-01
139459210,82025,,165529.69,2025-04-01
139450640,12026,,297410.34,2025-04-01
139452295,112025,,79350.56,2025-04-01
139469524,92025,,77577.71,2025-04-01
139464319,72025,,54000.0,2025-04-01
139468756,122025,,378471.83,2025-04-01
139439725,12026,,170122.71,2025-04-01
139448880,112025,,312426.56,2025-04-01
139453072,52025,,228000.0,2025-04-01
139440000,12025,,318000.0,2025-04-01
139451063,32026,,256828.24,2025-04-01
139467092,22026,,338394.02,2025-04-01
139441420,62025,,597000.0,2025-04-01
139461192,92025,,378191.75,2025-04-01
139443329,42025,,231000.0,2025-04-01
139466938,42025,,401000.0,2025-04-01
139450197,12025,,694000.0,2025-04-01
139467805,22026,,158634.91,2025-04-01
139469567,32026,,236697.65,2025-04-01
139439076,122025,,501718.18,2025-04-01
139467752,22025,,95000.0,2025-04-01
139464683,102025,,314913.9,2025-04-01
139456778,112025,,257045.72,2025-04-01
139460836,102025,,423503.42,2025-04-01
139470105,22026,,468135.19,2025-04-01
139456902,122025,,309445.71,2025-04-01
139461979,12025,,191000.0,2025-04-01
139445101,122025,,196679.59,2025-04-01
139441162,72025,,256000.0,2025-04-01
139460614,22025,,351000.0,2025-04-01
139453745,122025,,654850.82,2025-04-01
139458963,82025,,287653.68,2025-04-01
139454424,52025,,78000.0,2025-04-01
139444284,32026,,225591.84,2025-04-01
139436699,32026,,294077.58,2025-04-01
139447491,42025,,265000.0,2025-04-01
139466267,32026,,132547.56,2025-04-01
139445968,112025,,249891.32,2025-04-01
139439694,32025,,361000.0,2025-04-01
139439968,102025,,352012.55,2025-04-01
139454640,32026,,315358.53,2025-04-01
139440495,102025,,792626.87,2025-04-01
139462224,122025,,288907.91,2025-04-01
139461450,62025,,199000.0,2025-04-01
139446554,12025,,250000.0,2025-04-01
139469301,32026,,537952.01,2025-04-01
139451736,92025,,603181.27,2025-04-01
139451873,122025,,272256.16,2025-04-01
139437001,82025,,198000.0,2025-04-01
139453001,62025,,124000.0,2025-04-01
139460456,112025,,376646.32,2025-04-01
139437729,122025,,100925.39,2025-04-01
139446350,32026,,145301.09,2025-04-01
139450784,72025,,219000.0,2025-04-01
139451904,22025,,599000.0,2025-04-01
139463072,32025,,327000.0,2025-04-01
139450144,12026,,240625.72,2025-04-01
139469498,112025,,158717.65,2025-04-01
139449109,32026,,259656.86,2025-04-01
139453916,92025,,768515.95,2025-04-01
139464037,82025,,203681.46,2025-04-01
139459512,122025,,77862.32,2025-04-01
139437435,122025,,151528.3,2025-04-01
139445034,52025,,0.0,2025-04-01
139457677,12026,,135029.78,2025-04-01
139441729,82025,,323166.45,2025-04-01
139453670,82025,,480428.91,2025-04-01
139447699,12025,,279000.0,2025-04-01
139464376,52025,,297000.0,2025-04-01
139470210,22026,,104420.0,2025-04-01
139458287,122025,,277410.99,2025-04-01
139454157,12026,,514451.94,2025-04-01
139442710,12026,,200617.97,2025-04-01
139442666,22025,,154000.0,2025-04-01
139458588,42025,,107000.0,2025-04-01
139465700,12025,,168000.0,2025-04-01
139462876,22025,,588000.0,2025-04-01
139455420,22026,,186709.85,2025-04-01
139439303,52025,,515000.0,2025-04-01
139441615,82025,,269000.0,2025-04-01
139455720,92025,,796163.21,2025-04-01
139443015,72025,,370000.0,2025-04-01
139454731,62025,,345000.0,2025-04-01
139450536,72025,,68566.76,2025-04-01
139443003,32026,,59267.35,2025-04-01
139435908,62025,,177000.0,2025-04-01
139439499,72025,,372560.15,2025-04-01
139468517,42025,,150000.0,2025-04-01
139449732,122025,,0.0,2025-04-01
139435853,22026,,250196.14,2025-04-01
139441478,112025,,202543.06,2025-04-01
139453008,42025,,94000.0,2025-04-01
139448787,92025,,153862.82,2025-04-01
139456867,92025,,91839.13,2025-04-01
139436490,112025,,171058.42,2025-04-01
139438165,82025,,303000.0,2025-04-01
139465968,82025,,62000.0,2025-04-01
139469900,102025,,286037.25,2025-04-01
139466847,52025,,239000.0,2025-04-01
139439998,12025,,251000.0,2025-04-01
139453997,122025,,293940.17,2025-04-01
139437576,112025,,628716.29,2025-04-01
139446801,52025,,448000.0,2025-04-01
139446646,22025,,616000.0,2025-04-01
139469469,52025,,132000.0,2025-04-01
139457665,62025,,456000.0,2025-04-01
139451804,22025,,582000.0,2025-04-01
139437098,32026,,453489.74,2025-04-01
139439566,32025,,689000.0,2025-04-01
139452949,112025,,137827.97,2025-04-01
139453163,12026,,505371.38,2025-04-01
139465040,122025,,148643.18,2025-04-01
139445216,32026,,346042.24,2025-04-01
139445217,32025,,234000.0,2025-04-01
139469007,32026,,698549.01,2025-04-01
139446579,22025,,496000.0,2025-04-01
139459904,72025,,50000.0,2025-04-01
139440362,32025,,389000.0,2025-04-01
139462437,32025,,150000.0,2025-04-01
139465868,12026,,294209.36,2025-04-01
139457454,32026,,346169.74,2025-04-01
139468064,42025,,145000.0,2025-04-01
139454974,32026,,352650.93,2025-04-01
139463164,72025,,248000.0,2025-04-01
139445447,32025,,279000.0,2025-04-01
139461750,102025,,245349.69,2025-04-01
139454464,112025,,419479.27,2025-04-01
139457659,22025,,99000.0,2025-04-01
139447002,12026,,197246.54,2025-04-01
139435724,112025,,237831.13,2025-04-01
139455900,32025,,276000.0,2025-04-01
139442420,112025,,188429.06,2025-04-01
139447056,72025,,368000.0,2025-04-01
139467576,22025,,189000.0,2025-04-01
139465385,22025,,270000.0,2025-04-01
139447636,52025,,293000.0,2025-04-01
139457213,82025,,263000.0,2025-04-01
139467460,92025,,276828.45,2025-04-01
139452506,22025,,213000.0,2025-04-01
139465023,12025,,250000.0,2025-04-01
139442521,82025,,797307.73,2025-04-01
139436559,42025,,268000.0,2025-04-01
139449006,72025,,190465.1,2025-04-01
139440994,52025,,67000.0,2025-04-01
139467199,112025,,201530.52,2025-04-01
139442259,102025,,742740.22,2025-04-01
139452436,72025,,159000.0,2025-04-01
139469931,112025,,292512.64,2025-04-01
139467407,92025,,436973.0,2025-04-01
139457164,72025,,149000.0,2025-04-01
139463020,22026,,619174.65,2025-04-01
139461069,42025,,280000.0,2025-04-01
139462600,32026,,756497.45,2025-04-01
139450190,122025,,385146.3,2025-04-01
139437905,22026,,275037.67,2025-04-01
139467951,82025,,726000.0,2025-04-01
139446174,32025,,170000.0,2025-04-01
139462947,62025,,322000.0,2025-04-01
139453822,22025,,663000.0,2025-04-01
139465023,72025,,196064.79,2025-04-01
139452027,22026,,1167748.26,2025-04-01
139454237,112025,,347059.24,2025-04-01
139447934,52025,,663000.0,2025-04-01
139435701,72025,,77029.69,2025-04-01
139463796,32025,,520000.0,2025-04-01
139447135,122025,,184159.36,2025-04-01
139457377,92025,,282724.5,2025-04-01
139466088,122025,,0.0,2025-04-01
139437565,62025,,196000.0,2025-04-01
139465186,42025,,251000.0,2025-04-01
139453265,32026,,427949.94,2025-04-01
139436030,12025,,588000.0,2025-04-01
139445527,22026,,292410.22,2025-04-01
139451851,122025,,173785.59,2025-04-01
139456976,32025,,509000.0,2025-04-01
139451885,62025,,439260.79,2025-04-01
139468143,32026,,155172.8,2025-04-01
139458215,92025,,433152.07,2025-04-01
139460812,82025,,340351.81,2025-04-01
139469785,12026,,421837.09,2025-04-01
139470000,72025,,295000.0,2025-04-01
139451823,42025,,286000.0,2025-04-01
139458893,12025,,390000.0,2025-04-01
139444325,82025,,194633.33,2025-04-01
139454261,22025,,469000.0,2025-04-01
139465471,22026,,296657.8,2025-04-01
139450726,42025,,288000.0,2025-04-01
139448098,72025,,165000.0,2025-04-01
139448462,72025,,304000.0,2025-04-01
139458757,22026,,207791.39,2025-04-01
139456935,82025,,699000.0,2025-04-01
139469032,112025,,164264.07,2025-04-01
139446223,32025,,623000.0,2025-04-01
139449336,32025,,85000.0,2025-04-01
139450240,12025,,68000.0,2025-04-01
139437783,82025,,475466.71,2025-04-01
139462504,82025,,198829.81,2025-04-01
139467830,12026,,375553.24,2025-04-01
139468523,32026,,167487.69,2025-04-01
139441310,62025,,186000.0,2025-04-01
139456936,72025,,233000.0,2025-04-01
139449281,112025,,798533.43,2025-04-01
139442839,22025,,215000.0,2025-04-01
139442826,22026,,195256.92,2025-04-01
139457953,22025,,363000.0,2025-04-01
139442529,52025,,333000.0,2025-04-01
139443691,32025,,394000.0,2025-04-01
139450811,112025,,122836.26,2025-04-01
139442512,92025,,217215.08,2025-04-01
139445886,12025,,540000.0,2025-04-01
139442560,102025,,612166.75,2025-04-01
139441468,52025,,279000.0,2025-04-01
139453688,102025,,221494.58,2025-04-01
139445086,72025,,302000.0,2025-04-01
139468454,12026,,101185.6,2025-04-01
139460660,72025,,253000.0,2025-04-01
139447348,62025,,669000.0,2025-04-01
139453641,112025,,318833.63,2025-04-01
139455143,82025,,206384.25,2025-04-01
139460730,82025,,471970.75,2025-04-01
139467376,62025,,283000.0,2025-04-01
139458902,32025,,382000.0,2025-04-01
139462335,32025,,883000.0,2025-04-01
139469341,22025,,367000.0,2025-04-01
139442563,102025,,228600.66,2025-04-01
139443781,72025,,321000.0,2025-04-01
139442304,72025,,288401.04,2025-04-01
139468217,52025,,0.0,2025-04-01
139439602,92025,,99243.28,2025-04-01
139438871,112025,,455988.95,2025-04-01
139458665,72025,,283000.0,2025-04-01
139449611,12025,,495000.0,2025-04-01
139469402,22025,,152000.0,2025-04-01
139463871,12025,,359000.0,2025-04-01
139459015,122025,,128007.96,2025-04-01
139437921,32026,,259211.56,2025-04-01
139460682,62025,,795000.0,2025-04-01
139451250,32025,,695000.0,2025-04-01
139437334,52025,,338000.0,2025-04-01
139449735,52025,,421000.0,2025-04-01
139448386,92025,,573786.36,2025-04-01
139456274,102025,,174132.81,2025-04-01
139450160,12026,,316325.46,2025-04-01
139456899,22025,,274000.0,2025-04-01
139441820,12026,,533498.85,2025-04-01
139438110,92025,,148415.75,2025-04-01
139459535,42025,,760000.0,2025-04-01
139461230,12025,,395000.0,2025-04-01
139439041,72025,,464000.0,2025-04-01
139435715,12025,,300000.0,2025-04-01
139456805,32025,,483000.0,2025-04-01
139454876,62025,,97000.0,2025-04-01
139460589,122025,,434964.18,2025-04-01
139461609,122025,,277519.83,2025-04-01
139469830,112025,,313703.17,2025-04-01
139469235,22025,,48000.0,2025-04-01
139460972,32026,,436054.67,2025-04-01
139465744,92025,,196724.71,2025-04-01
139440266,102025,,282098.1,2025-04-01
139452332,42025,,246000.0,2025-04-01
139445570,102025,,493694.29,2025-04-01
139448974,62025,,245000.0,2025-04-01
139451138,52025,,822000.0,2025-04-01
139438255,32026,,185243.04,2025-04-01
139464453,52025,,359000.0,2025-04-01
139459668,52025,,249000.0,2025-04-01
139463568,102025,,273572.28,2025-04-01
139461911,102025,,143192.96,2025-04-01
139458531,42025,,559000.0,2025-04-01
139464224,22026,,78573.26,2025-04-01
139436744,62025,,424000.0,2025-04-01
139441967,42025,,396000.0,2025-04-01
139439107,72025,,348000.0,2025-04-01
139453583,32025,,194000.0,2025-04-01
139439048,12026,,703926.11,2025-04-01
139441010,12025,,65000.0,2025-04-01
139451453,32026,,113595.94,2025-04-01
139447484,22025,,619000.0,2025-04-01
139452983,52025,,791000.0,2025-04-01
139465191,42025,,283000.0,2025-04-01
139454244,82025,,288370.92,2025-04-01
139439009,12025,,275000.0,2025-04-01
139460865,62025,,77000.0,2025-04-01
139443250,52025,,315000.0,2025-04-01
139461563,12025,,246000.0,2025-04-01
139467603,62025,,148000.0,2025-04-01
139440568,32025,,329000.0,2025-04-01
139440863,62025,,292000.0,2025-04-01
139458898,102025,,138769.49,2025-04-01
139444636,122025,,0.0,2025-04-01
139451035,72025,,331690.57,2025-04-01
139439163,32026,,172756.11,2025-04-01
139455370,62025,,793653.8,2025-04-01
139462336,112025,,92998.14,2025-04-01
139448546,42025,,618000.0,2025-04-01
139448936,12025,,109000.0,2025-04-01
139456924,22025,,661000.0,2025-04-01
139442798,122025,,207735.86,2025-04-01
139460596,112025,,304425.87,2025-04-01
139470184,112025,,337369.5,2025-04-01
139447981,42025,,156000.0,2025-04-01
139437302,32025,,474000.0,2025-04-01
139436473,112025,,69505.58,2025-04-01
139461012,32026,,267939.23,2025-04-01
139453086,42025,,199000.0,2025-04-01
139445757,82025,,192020.07,2025-04-01
139461774,92025,,253078.53,2025-04-01
139459497,12025,,450000.0,2025-04-01
139450299,12025,,767000.0,2025-04-01
139438311,52025,,196000.0,2025-04-01
139452424,12025,,782000.0,2025-04-01
139456191,62025,,247000.0,2025-04-01
139455809,102025,,290413.32,2025-04-01
139446007,32025,,279000.0,2025-04-01
139435546,32025,,234000.0,2025-04-01
139453593,82025,,74258.52,2025-04-01
139470180,22025,,84000.0,2025-04-01
139451509,32025,,470000.0,2025-04-01
139442201,42025,,115000.0,2025-04-01
139457739,122025,,325862.13,2025-04-01
139453806,92025,,148692.0,2025-04-01
139462503,122025,,130071.22,2025-04-01
139435826,102025,,322099.02,2025-04-01
139444061,42025,,503000.0,2025-04-01
139439769,32026,,250966.99,2025-04-01
139451933,62025,,145000.0,2025-04-01
139443806,22025,,260000.0,2025-04-01
139444840,112025,,389444.63,2025-04-01
139464728,12026,,348155.1,2025-04-01
139440121,32026,,222553.47,2025-04-01
139463171,112025,,215992.6,2025-04-01
139450601,12026,,267864.48,2025-04-01
139452725,32025,,160000.0,2025-04-01
139437323,72025,,228000.0,2025-04-01
139439200,32026,,339160.6,2025-04-01
139457582,122025,,370293.47,2025-04-01
139444938,12026,,221389.61,2025-04-01
139453936,12026,,394078.02,2025-04-01
139435622,32026,,146694.74,2025-04-01
139461451,72025,,321909.25,2025-04-01
139453933,32026,,292352.31,2025-04-01
139456938,62025,,283000.0,2025-04-01
139460540,12025,,185000.0,2025-04-01
139443460,82025,,434629.0,2025-04-01
139460292,12026,,195296.15,2025-04-01
139441920,72025,,153000.0,2025-04-01
139457762,112025,,153384.2,2025-04-01
139469537,112025,,157956.78,2025-04-01
139459781,22026,,56265.53,2025-04-01
139439260,12025,,100000.0,2025-04-01
139438543,82025,,1617996.63,2025-04-01
139455823,72025,,312553.04,2025-04-01
139441381,12025,,299000.0,2025-04-01
139459468,112025,,221095.39,2025-04-01
139439640,122025,,726873.06,2025-04-01
139462679,12026,,150044.64,2025-04-01
139437667,62025,,96808.95,2025-04-01
139462921,12025,,292000.0,2025-04-01
139448442,12026,,553282.06,2025-04-01
139457272,32025,,195000.0,2025-04-01
139467611,122025,,443820.67,2025-04-01
139463219,32025,,409000.0,2025-04-01
139461754,22025,,204000.0,2025-04-01
139452932,32025,,99000.0,2025-04-01
139447606,122025,,103853.9,2025-04-01
139466291,112025,,145310.34,2025-04-01
139469889,32026,,70288.63,2025-04-01
139464462,12026,,219721.54,2025-04-01
139448646,82025,,242467.86,2025-04-01
139469060,32025,,199000.0,2025-04-01
139454188,82025,,349894.01,2025-04-01
139457629,112025,,361528.62,2025-04-01
139468583,72025,,314000.0,2025-04-01
139436076,12026,,205499.34,2025-04-01
139443943,122025,,600868.31,2025-04-01
139445862,22026,,200518.37,2025-04-01
139449617,82025,,248504.3,2025-04-01
139456468,112025,,602204.94,2025-04-01
139442345,62025,,304000.0,2025-04-01
139466818,32026,,257393.01,2025-04-01
139448896,62025,,113000.0,2025-04-01
139461074,12026,,187426.84,2025-04-01
139469105,102025,,84070.7,2025-04-01
139468323,32026,,342921.84,2025-04-01
139454313,22026,,81478.77,2025-04-01
139454327,62025,,48841.01,2025-04-01
139463038,52025,,50000.0,2025-04-01
139443842,62025,,145000.0,2025-04-01
139465376,82025,,377643.72,2025-04-01
139464014,122025,,264088.5,2025-04-01
139452835,12026,,337205.43,2025-04-01
139469480,22026,,411121.22,2025-04-01
139453823,12026,,323316.72,2025-04-01
139467848,62025,,663000.0,2025-04-01
139449595,62025,,238000.0,2025-04-01
139460661,82025,,218515.73,2025-04-01
139446257,42025,,135000.0,2025-04-01
139443913,92025,,163624.77,2025-04-01
139442168,82025,,791283.29,2025-04-01
139440775,12025,,833000.0,2025-04-01
139469622,112025,,237732.71,2025-04-01
139469997,122025,,714218.34,2025-04-01
139445738,32026,,424380.31,2025-04-01
139445136,32025,,80000.0,2025-04-01
139441654,82025,,242761.85,2025-04-01
139467737,122025,,199312.24,2025-04-01
139449605,32025,,332000.0,2025-04-01
139441432,82025,,121580.05,2025-04-01
139438617,42025,,673000.0,2025-04-01
139447341,102025,,794209.38,2025-04-01
139439605,62025,,254000.0,2025-04-01
139467600,62025,,598000.0,2025-04-01
139445515,92025,,173993.37,2025-04-01
139438464,62025,,198000.0,2025-04-01
139460962,62025,,253000.0,2025-04-01
139458185,72025,,146000.0,2025-04-01
139439615,122025,,0.0,2025-04-01
139449988,62025,,142184.36,2025-04-01
139446601,42025,,286000.0,2025-04-01
139460554,102025,,561377.02,2025-04-01
139441864,42025,,441000.0,2025-04-01
139465289,32025,,441000.0,2025-04-01
139447181,122025,,241447.0,2025-04-01
139437206,102025,,160328.45,2025-04-01
139461696,52025,,238000.0,2025-04-01
139455222,62025,,508022.77,2025-04-01
139452349,22025,,290000.0,2025-04-01
139450532,12025,,130000.0,2025-04-01
139461785,22025,,471000.0,2025-04-01
139446616,42025,,258000.0,2025-04-01
139454136,22025,,200000.0,2025-04-01
139464173,52025,,114000.0,2025-04-01
139448131,72025,,188709.69,2025-04-01
139463179,32025,,426000.0,2025-04-01
139444909,22026,,286758.57,2025-04-01
139435585,112025,,364913.41,2025-04-01
139435615,92025,,363441.14,2025-04-01
139459906,82025,,165200.65,2025-04-01
139456447,22026,,236481.57,2025-04-01
139440219,82025,,129942.1,2025-04-01
139453065,42025,,353000.0,2025-04-01
139466931,92025,,277972.07,2025-04-01
139440597,52025,,521000.0,2025-04-01
139454005,82025,,267713.32,2025-04-01
139436962,92025,,118886.26,2025-04-01
139462014,22025,,525000.0,2025-04-01
139463141,32025,,364000.0,2025-04-01
139437836,112025,,184276.91,2025-04-01
139467662,112025,,130189.07,2025-04-01
139439073,12025,,78000.0,2025-04-01
139447822,42025,,588000.0,2025-04-01
139439679,62025,,373000.0,2025-04-01
139448103,112025,,59488.32,2025-04-01
139443431,92025,,296813.24,2025-04-01
139441345,52025,,493000.0,2025-04-01
139447289,32025,,144000.0,2025-04-01
139463042,92025,,118795.32,2025-04-01
139447660,92025,,722761.25,2025-04-01
139443955,82025,,543779.06,2025-04-01
139451759,62025,,119000.0,2025-04-01
139446688,12025,,392000.0,2025-04-01
139464572,12026,,386583.32,2025-04-01
139468052,72025,,329000.0,2025-04-01
139459891,102025,,674785.55,2025-04-01
139469140,92025,,472965.8,2025-04-01
139456718,12026,,186548.78,2025-04-01
139450157,72025,,197000.0,2025-04-01
139456282,72025,,79410.37,2025-04-01
139461292,122025,,0.0,2025-04-01
139457406,122025,,394610.62,2025-04-01
139462756,12025,,346000.0,2025-04-01
139467441,92025,,308516.7,2025-04-01
139453098,82025,,167920.91,2025-04-01
139451636,82025,,281846.9,2025-04-01
139455489,22026,,230377.65,2025-04-01
139439705,12025,,802000.0,2025-04-01
139452456,62025,,568000.0,2025-04-01
139453154,72025,,297975.98,2025-04-01
139455311,82025,,145826.85,2025-04-01
139448276,32025,,604000.0,2025-04-01
139437540,62025,,761537.95,2025-04-01
139453894,82025,,163837.32,2025-04-01
139457583,22025,,85000.0,2025-04-01
139460405,112025,,431409.61,2025-04-01
139454076,92025,,101473.23,2025-04-01
139451822,12026,,757214.6,2025-04-01
139443160,62025,,299000.0,2025-04-01
139468368,32025,,140000.0,2025-04-01
139443320,102025,,237907.24,2025-04-01
139443488,112025,,1452795.79,2025-04-01
139440144,52025,,358000.0,2025-04-01
139468746,72025,,344366.43,2025-04-01
139445499,92025,,129259.23,2025-04-01
139449341,42025,,267000.0,2025-04-01
139448984,62025,,763000.0,2025-04-01
139461128,32025,,304000.0,2025-04-01
139464481,42025,,464000.0,2025-04-01
139451689,122025,,414961.61,2025-04-01
139449803,112025,,202134.53,2025-04-01
139441694,92025,,371850.09,2025-04-01
139446918,32026,,103557.03,2025-04-01
139444697,102025,,241546.27,2025-04-01
139450740,32025,,1548000.0,2025-04-01
139459400,12025,,320000.0,2025-04-01
139460741,122025,,121686.5,2025-04-01
139453272,52025,,396000.0,2025-04-01
139438382,52025,,297000.0,2025-04-01
139450654,32025,,273000.0,2025-04-01
139438651,62025,,307000.0,2025-04-01
139444407,62025,,258000.0,2025-04-01
139444520,32025,,90000.0,2025-04-01
139438225,62025,,261000.0,2025-04-01
139451408,82025,,0.0,2025-04-01
139460196,12026,,763598.62,2025-04-01
139460349,32025,,262000.0,2025-04-01
139460087,52025,,778000.0,2025-04-01
139446896,42025,,216000.0,2025-04-01
139453883,82025,,492430.68,2025-04-01
139446503,42025,,297000.0,2025-04-01
139457298,62025,,429457.51,2025-04-01
139436587,72025,,428000.0,2025-04-01
139442314,62025,,315000.0,2025-04-01
139440911,82025,,985550.45,2025-04-01
139449395,82025,,688152.22,2025-04-01
139436191,122025,,623139.75,2025-04-01
139442154,22025,,159000.0,2025-04-01
139461610,12025,,174000.0,2025-04-01
139466043,52025,,397000.0,2025-04-01
139465033,32026,,235233.59,2025-04-01
139440896,32026,,192443.29,2025-04-01
139464458,32026,,207496.52,2025-04-01
139455676,32026,,393046.93,2025-04-01
139463886,32025,,431000.0,2025-04-01
139453103,22025,,279000.0,2025-04-01
139466920,62025,,267000.0,2025-04-01
139465563,72025,,747000.0,2025-04-01
139441200,122025,,799203.69,2025-04-01
139450571,12025,,150000.0,2025-04-01
139446007,62025,,277000.0,2025-04-01
139435653,32026,,600214.53,2025-04-01
139465781,12025,,586000.0,2025-04-01
139451862,12025,,385000.0,2025-04-01
139454378,92025,,198004.17,2025-04-01
139438663,72025,,271000.0,2025-04-01
139445005,52025,,35000.0,2025-04-01
139440837,72025,,131000.0,2025-04-01
139465667,102025,,166516.35,2025-04-01
139440300,112025,,209642.17,2025-04-01
139441139,82025,,194917.92,2025-04-01
139455496,72025,,87000.0,2025-04-01
139441439,102025,,344410.84,2025-04-01
139468603,102025,,61359.94,2025-04-01
139447267,72025,,302089.87,2025-04-01
139465870,32025,,298000.0,2025-04-01
139437007,52025,,323000.0,2025-04-01
139441305,32025,,372000.0,2025-04-01
139455631,112025,,87253.92,2025-04-01
139444489,102025,,531191.8,2025-04-01
139466737,62025,,298000.0,2025-04-01
139450356,102025,,261543.88,2025-04-01
139438763,52025,,791000.0,2025-04-01
139452873,22026,,343491.97,2025-04-01
139449102,82025,,75466.14,2025-04-01
139462667,42025,,287000.0,2025-04-01
139438621,122025,,191509.73,2025-04-01
139442763,92025,,793503.94,2025-04-01
139460054,12025,,502000.0,2025-04-01
139468371,82025,,88614.26,2025-04-01
139446849,102025,,142026.64,2025-04-01
139469431,82025,,773636.62,2025-04-01
139450844,12026,,233671.46,2025-04-01
139464053,62025,,267000.0,2025-04-01
139465459,82025,,454000.0,2025-04-01
139461553,12025,,350000.0,2025-04-01
139442686,32026,,305103.84,2025-04-01
139459152,32025,,47000.0,2025-04-01
139465006,22025,,292000.0,2025-04-01
139436562,102025,,389483.98,2025-04-01
139449679,22025,,295000.0,2025-04-01
139440144,32026,,353198.78,2025-04-01
139455442,62025,,89000.0,2025-04-01
139462158,72025,,537758.99,2025-04-01
139459762,102025,,370985.71,2025-04-01
139454203,22026,,242300.65,2025-04-01
139467253,32026,,146521.87,2025-04-01
139455284,112025,,762158.38,2025-04-01
139465381,92025,,267128.14,2025-04-01
139457519,112025,,335509.99,2025-04-01
139446798,32026,,86561.68,2025-04-01
139444517,112025,,170023.15,2025-04-01
139465014,82025,,223200.41,2025-04-01
139457352,22025,,128000.0,2025-04-01
139456076,32026,,172382.27,2025-04-01
139437639,12025,,396000.0,2025-04-01
139438242,82025,,494051.3,2025-04-01
139456279,32026,,181527.83,2025-04-01
139440471,12026,,489608.37,2025-04-01
139461581,32025,,551000.0,2025-04-01
139448737,102025,,202908.77,2025-04-01
139445302,102025,,393439.68,2025-04-01
139449043,62025,,386689.56,2025-04-01
139458660,12025,,104000.0,2025-04-01
139466015,12026,,143582.47,2025-04-01
139438598,12026,,252081.4,2025-04-01
139461689,72025,,159000.0,2025-04-01
139443357,22025,,232000.0,2025-04-01
139457378,22025,,734000.0,2025-04-01
139460956,42025,,604000.0,2025-04-01
139438843,52025,,348656.44,2025-04-01
139469662,112025,,501233.82,2025-04-01
139464414,12026,,683072.99,2025-04-01
139450195,52025,,318000.0,2025-04-01
139450931,82025,,91534.75,2025-04-01
139466894,72025,,184000.0,2025-04-01
139467823,122025,,189604.15,2025-04-01
139446262,112025,,138603.11,2025-04-01
139458319,12025,,648000.0,2025-04-01
139436880,42025,,349000.0,2025-04-01
139438755,12025,,189000.0,2025-04-01
139444061,92025,,498960.64,2025-04-01
139469928,112025,,221267.44,2025-04-01
139449138,112025,,133778.88,2025-04-01
139444709,52025,,215000.0,2025-04-01
139435719,72025,,99000.0,2025-04-01
139449905,102025,,613787.89,2025-04-01
139446964,12026,,588708.41,2025-04-01
139459744,32025,,331000.0,2025-04-01
139462063,42025,,341000.0,2025-04-01
139449026,92025,,310497.09,2025-04-01
139462543,92025,,237748.38,2025-04-01
139443144,32026,,351383.76,2025-04-01
139437314,122025,,257261.05,2025-04-01
139441480,32025,,150000.0,2025-04-01
139438966,12025,,393000.0,2025-04-01
139459576,22025,,206000.0,2025-04-01
139446510,82025,,236176.56,2025-04-01
139450117,82025,,174000.0,2025-04-01
139463781,112025,,239832.99,2025-04-01
139451700,82025,,297873.78,2025-04-01
139466680,62025,,712000.0,2025-04-01
139436614,22025,,230000.0,2025-04-01
139458541,12025,,345000.0,2025-04-01
139449604,72025,,263000.0,2025-04-01
139461422,52025,,204000.0,2025-04-01
139458311,92025,,434115.21,2025-04-01
139456935,22025,,718000.0,2025-04-01
139460265,12026,,376996.78,2025-04-01
139441343,92025,,883750.47,2025-04-01
139468777,22026,,72472.98,2025-04-01
139437816,52025,,326000.0,2025-04-01
139462321,112025,,205173.55,2025-04-01
139464834,72025,,356391.44,2025-04-01
139438659,62025,,289000.0,2025-04-01
139460353,102025,,0.0,2025-04-01
139461853,22025,,225000.0,2025-04-01
139468043,12025,,282000.0,2025-04-01
139446918,62025,,104000.0,2025-04-01
139466220,82025,,207357.44,2025-04-01
139450990,92025,,0.0,2025-04-01
139457258,112025,,208100.41,2025-04-01
139442902,92025,,106874.32,2025-04-01
139450778,72025,,360000.0,2025-04-01
139465508,62025,,281361.49,2025-04-01
139443593,72025,,771577.94,2025-04-01
139454128,112025,,182363.65,2025-04-01
139464900,102025,,149733.43,2025-04-01
139446642,72025,,433000.0,2025-04-01
139464264,92025,,216975.6,2025-04-01
139437655,112025,,197013.9,2025-04-01
139467935,52025,,295000.0,2025-04-01
139444792,102025,,512011.31,2025-04-01
139469976,22025,,504000.0,2025-04-01
139462443,122025,,484336.77,2025-04-01
139443546,102025,,340999.51,2025-04-01
139442830,92025,,246748.06,2025-04-01
139469675,22026,,480200.12,2025-04-01
139470037,122025,,291836.16,2025-04-01
139456813,32025,,302000.0,2025-04-01
139443697,22025,,504000.0,2025-04-01
139441212,22026,,229625.12,2025-04-01
139458101,12025,,146000.0,2025-04-01
139449452,72025,,763000.0,2025-04-01
139461257,22026,,167688.86,2025-04-01
139449793,92025,,784341.19,2025-04-01
139447957,52025,,298000.0,2025-04-01
139439289,42025,,478000.0,2025-04-01
139462588,112025,,216179.5,2025-04-01
139467118,22026,,219607.03,2025-04-01
139456074,22025,,804000.0,2025-04-01
139451622,62025,,135000.0,2025-04-01
139441779,102025,,223038.12,2025-04-01
139441726,32025,,269000.0,2025-04-01
139456644,32025,,456000.0,2025-04-01
139458764,52025,,480000.0,2025-04-01
139455033,102025,,177882.52,2025-04-01
139459276,92025,,223308.18,2025-04-01
139448896,22025,,115000.0,2025-04-01
139456600,22026,,622325.86,2025-04-01
139457890,32025,,160000.0,2025-04-01
139438892,82025,,317195.71,2025-04-01
139447944,12026,,536878.17,2025-04-01
139459565,82025,,158001.29,2025-04-01
139437851,12025,,801000.0,2025-04-01
139456495,102025,,385959.45,2025-04-01
139450170,32025,,194000.0,2025-04-01
139452414,72025,,120000.0,2025-04-01
139467115,62025,,344000.0,2025-04-01
139470197,22025,,247000.0,2025-04-01
139461324,22025,,390000.0,2025-04-01
139447403,102025,,133436.95,2025-04-01
139449508,92025,,223202.96,2025-04-01
139443213,112025,,193865.18,2025-04-01
139467430,22026,,399597.47,2025-04-01
139453969,42025,,198000.0,2025-04-01
139462976,62025,,222000.0,2025-04-01
139450453,82025,,121414.25,2025-04-01
139470099,92025,,196157.3,2025-04-01
139458548,42025,,804000.0,2025-04-01
139437631,82025,,274176.03,2025-04-01
139454551,122025,,306461.26,2025-04-01
139458519,92025,,135805.36,2025-04-01
139467350,122025,,782353.97,2025-04-01
139444047,112025,,288619.81,2025-04-01
139464928,12026,,354273.9,2025-04-01
139437442,12025,,264000.0,2025-04-01
139459401,42025,,80000.0,2025-04-01
139461795,22025,,214000.0,2025-04-01
139454437,72025,,208566.96,2025-04-01
139437956,112025,,215816.77,2025-04-01
139439977,102025,,302523.95,2025-04-01
139453672,32026,,334740.39,2025-04-01
139451830,102025,,228103.83,2025-04-01
139454822,32025,,142000.0,2025-04-01
139440906,22026,,301128.42,2025-04-01
139446057,112025,,249863.64,2025-04-01
139459617,32026,,384078.96,2025-04-01
139447402,122025,,296524.44,2025-04-01
139447886,32026,,1105506.89,2025-04-01
139445849,22025,,467000.0,2025-04-01
139439256,122025,,158045.26,2025-04-01
139445964,32026,,177092.5,2025-04-01
139436932,72025,,323000.0,2025-04-01
139450238,12025,,167000.0,2025-04-01
139449761,22025,,236000.0,2025-04-01
139445617,52025,,598000.0,2025-04-01
139459095,12025,,607000.0,2025-04-01
139467061,42025,,243000.0,2025-04-01
139442971,22025,,240000.0,2025-04-01
139441944,32025,,224000.0,2025-04-01
139446963,12025,,137000.0,2025-04-01
139453117,102025,,55246.4,2025-04-01
139459795,92025,,103941.34,2025-04-01
139459692,82025,,236101.2,2025-04-01
139463580,42025,,101000.0,2025-04-01
139469217,112025,,629656.18,2025-04-01
139437407,22026,,211931.34,2025-04-01
139443511,92025,,312527.91,2025-04-01
139441393,112025,,237093.56,2025-04-01
139448505,102025,,563382.22,2025-04-01
139457610,32026,,349599.07,2025-04-01
139451384,22025,,304000.0,2025-04-01
139450143,32026,,277290.01,2025-04-01
139455539,72025,,356000.0,2025-04-01
139448358,42025,,150000.0,2025-04-01
139462582,102025,,267723.37,2025-04-01
139444835,112025,,603235.92,2025-04-01
139459501,32025,,197000.0,2025-04-01
139436304,12025,,60000.0,2025-04-01
139441757,112025,,388815.57,2025-04-01
139446983,122025,,516849.25,2025-04-01
139446978,92025,,79358.6,2025-04-01
139459826,22026,,139076.63,2025-04-01
139456153,22026,,211436.82,2025-04-01
139463254,32025,,609000.0,2025-04-01
139448269,72025,,299000.0,2025-04-01
139458495,22026,,347471.05,2025-04-01
139464385,62025,,349000.0,2025-04-01
139449120,102025,,178485.26,2025-04-01
139464353,112025,,318174.35,2025-04-01
139456406,112025,,376723.93,2025-04-01
139437582,62025,,762000.0,2025-04-01
139440476,32025,,594000.0,2025-04-01
139462302,62025,,224000.0,2025-04-01
139462269,82025,,125638.02,2025-04-01
139437549,12025,,759000.0,2025-04-01
139457877,92025,,475720.9,2025-04-01
139452956,62025,,199000.0,2025-04-01
139442875,62025,,610000.0,2025-04-01
139442378,72025,,631000.0,2025-04-01
139437096,12025,,275000.0,2025-04-01
139457969,72025,,521782.63,2025-04-01
139437697,82025,,328173.63,2025-04-01
139463350,22026,,342435.36,2025-04-01
139449533,62025,,264000.0,2025-04-01
139467947,12026,,214917.53,2025-04-01
139437057,12026,,136450.09,2025-04-01
139453813,92025,,694015.33,2025-04-01
139464306,72025,,379000.0,2025-04-01
139450525,62025,,142000.0,2025-04-01
139444003,102025,,336024.12,2025-04-01
139462078,32026,,415111.97,2025-04-01
139448287,52025,,449000.0,2025-04-01
139450117,32025,,175000.0,2025-04-01
139453399,32025,,166000.0,2025-04-01
139451510,122025,,286994.29,2025-04-01
139452807,12025,,345000.0,2025-04-01
139457091,72025,,247720.94,2025-04-01
139451442,52025,,797000.0,2025-04-01
139444325,52025,,195000.0,2025-04-01
139442140,92025,,509356.05,2025-04-01
139435791,12025,,206000.0,2025-04-01
139439879,32026,,272291.72,2025-04-01
139436736,22026,,567821.54,2025-04-01
139469524,102025,,77268.64,2025-04-01
139464884,122025,,791925.14,2025-04-01
139437509,92025,,55306.89,2025-04-01
139441060,92025,,342197.06,2025-04-01
139451816,22026,,466273.57,2025-04-01
139449883,62025,,343000.0,2025-04-01
139439445,112025,,382575.91,2025-04-01
139464408,22026,,284572.37,2025-04-01
139447805,82025,,236110.47,2025-04-01
139448063,72025,,332793.18,2025-04-01
139461861,12025,,467000.0,2025-04-01
139465275,122025,,423149.02,2025-04-01
139439536,32026,,509548.63,2025-04-01
139441978,62025,,193000.0,2025-04-01
139448991,42025,,265000.0,2025-04-01
139436025,112025,,674988.03,2025-04-01
139467596,112025,,193262.45,2025-04-01
139469813,12025,,225000.0,2025-04-01
139457783,12025,,97000.0,2025-04-01
139455816,112025,,789342.72,2025-04-01
139437574,92025,,196466.74,2025-04-01
139467760,22025,,391000.0,2025-04-01
139442098,112025,,665564.08,2025-04-01
139470143,52025,,405000.0,2025-04-01
139450487,102025,,546830.65,2025-04-01
139464790,72025,,307000.0,2025-04-01
139446597,52025,,30000.0,2025-04-01
139452177,12025,,136000.0,2025-04-01
139452308,52025,,191000.0,2025-04-01
139462164,82025,,272953.2,2025-04-01
139445006,52025,,282000.0,2025-04-01
139461146,102025,,179447.05,2025-04-01
139464871,12026,,188366.64,2025-04-01
139470035,32026,,369717.44,2025-04-01
139455809,82025,,290969.26,2025-04-01
139459254,22025,,720000.0,2025-04-01
139447548,52025,,195000.0,2025-04-01
139469118,122025,,485191.37,2025-04-01
139455475,82025,,113571.94,2025-04-01
139459422,22026,,280425.08,2025-04-01
139435659,12025,,213000.0,2025-04-01
139458990,92025,,165413.82,2025-04-01
139451539,22026,,263734.36,2025-04-01
139439497,112025,,225837.11,2025-04-01
139451242,112025,,207904.76,2025-04-01
139459852,32026,,442895.06,2025-04-01
139447574,52025,,258000.0,2025-04-01
139452936,112025,,53608.0,2025-04-01
139452721,82025,,611044.4,2025-04-01
139442993,52025,,567000.0,2025-04-01
139460790,32025,,175000.0,2025-04-01
139435737,12026,,382809.17,2025-04-01
139441465,102025,,94381.45,2025-04-01
139455921,112025,,356870.76,2025-04-01
139454010,82025,,201748.8,2025-04-01
139446722,82025,,368000.0,2025-04-01
139464420,92025,,209486.23,2025-04-01
139442786,42025,,314000.0,2025-04-01
139452429,122025,,237016.6,2025-04-01
139446637,12025,,398000.0,2025-04-01
139459067,82025,,457741.94,2025-04-01
139466207,12025,,748000.0,2025-04-01
139467023,102025,,26737.62,2025-04-01
139447003,22026,,419701.07,2025-04-01
139452973,12025,,323000.0,2025-04-01
139441213,32026,,0.0,2025-04-01
139447338,22026,,169797.59,2025-04-01
139452513,112025,,187513.71,2025-04-01
139463228,122025,,563510.48,2025-04-01
139454011,12026,,113220.18,2025-04-01
139446179,42025,,196000.0,2025-04-01
139447105,22026,,426955.1,2025-04-01
139450385,102025,,262545.11,2025-04-01
139466777,112025,,364587.39,2025-04-01
139436683,22025,,340000.0,2025-04-01
139458220,52025,,555000.0,2025-04-01
139450992,52025,,300000.0,2025-04-01
139462463,92025,,725016.48,2025-04-01
139438180,32025,,1148000.0,2025-04-01
139435988,12025,,522000.0,2025-04-01
139449598,122025,,74286.66,2025-04-01
139435649,22025,,310000.0,2025-04-01
139445497,112025,,396381.85,2025-04-01
139435605,82025,,199106.6,2025-04-01
139438165,102025,,302958.67,2025-04-01
139443973,62025,,364000.0,2025-04-01
139449946,112025,,336709.28,2025-04-01
139452325,72025,,700000.0,2025-04-01
139454240,122025,,134515.6,2025-04-01
139463651,122025,,350569.95,2025-04-01
139461000,102025,,398304.72,2025-04-01
139447167,72025,,234000.0,2025-04-01
139456892,22026,,473237.37,2025-04-01
139449824,32025,,102000.0,2025-04-01
139457230,32025,,200000.0,2025-04-01
139437191,42025,,581000.0,2025-04-01
139455058,12025,,274000.0,2025-04-01
139445252,122025,,291772.43,2025-04-01
139435715,82025,,298070.4,2025-04-01
139450088,22026,,651926.66,2025-04-01
139467665,62025,,508000.0,2025-04-01
139441462,82025,,268471.05,2025-04-01
139438411,32025,,133000.0,2025-04-01
139455193,32026,,235819.96,2025-04-01
139449695,62025,,299000.0,2025-04-01
139446768,92025,,158848.59,2025-04-01
139470223,72025,,273000.0,2025-04-01
139451046,72025,,361323.91,2025-04-01
139458419,22026,,388957.45,2025-04-01
139450821,22025,,199000.0,2025-04-01
139461363,112025,,276856.05,2025-04-01
139467879,32026,,539074.6,2025-04-01
139456196,32026,,246964.55,2025-04-01
139436945,102025,,74157.4,2025-04-01
139465643,12026,,456215.06,2025-04-01
139444671,42025,,136000.0,2025-04-01
139442523,102025,,252500.0,2025-04-01
139455761,32025,,799000.0,2025-04-01
139440486,122025,,285461.43,2025-04-01
139460694,52025,,273623.72,2025-04-01
139459116,62025,,117000.0,2025-04-01
139447153,22025,,188000.0,2025-04-01
139451917,12026,,473640.78,2025-04-01
139449275,52025,,239000.0,2025-04-01
139464286,22025,,204000.0,2025-04-01
139438777,122025,,532453.47,2025-04-01
139458585,72025,,314000.0,2025-04-01
139454301,72025,,159000.0,2025-04-01
139453158,32025,,299000.0,2025-04-01
139438264,32026,,98073.71,2025-04-01
139459930,12025,,262000.0,2025-04-01
139451707,92025,,193562.66,2025-04-01
139460525,12025,,111000.0,2025-04-01
139440050,12025,,319000.0,2025-04-01
139460857,102025,,540503.66,2025-04-01
139439033,22026,,607555.15,2025-04-01
139445459,32025,,273000.0,2025-04-01
139463929,62025,,792000.0,2025-04-01
139463232,72025,,569000.0,2025-04-01
139436993,82025,,182256.76,2025-04-01
139455864,82025,,269000.0,2025-04-01
139445720,122025,,246842.55,2025-04-01
139441944,122025,,222384.81,2025-04-01
139453326,42025,,392000.0,2025-04-01
139457458,12025,,689000.0,2025-04-01
139461406,32026,,173293.6,2025-04-01
139447509,62025,,207000.0,2025-04-01
139451732,112025,,348040.59,2025-04-01
139451517,102025,,362780.77,2025-04-01
139467808,12026,,266601.6,2025-04-01
139445912,42025,,804000.0,2025-04-01
139460149,62025,,155000.0,2025-04-01
139451331,12026,,263895.29,2025-04-01
139460633,122025,,95010.34,2025-04-01
139468781,92025,,645433.73,2025-04-01
139437491,72025,,145000.0,2025-04-01
139439771,82025,,1141550.7,2025-04-01
139442057,52025,,478000.0,2025-04-01
139460872,62025,,264000.0,2025-04-01
139469840,112025,,185326.02,2025-04-01
139469755,42025,,558000.0,2025-04-01
139448471,122025,,693603.23,2025-04-01
139464947,42025,,296000.0,2025-04-01
139441231,72025,,84000.0,2025-04-01
139450993,42025,,529000.0,2025-04-01
139438830,32026,,328735.85,2025-04-01
139467897,62025,,294000.0,2025-04-01
139469713,32026,,295372.64,2025-04-01
139447832,22025,,480000.0,2025-04-01
139464613,122025,,965734.4,2025-04-01
139458532,22025,,471000.0,2025-04-01
139469175,82025,,181203.35,2025-04-01
139436766,12025,,312000.0,2025-04-01
139459824,22025,,513000.0,2025-04-01
139445800,122025,,379834.79,2025-04-01
139445734,12026,,677009.58,2025-04-01
139457105,32025,,492000.0,2025-04-01
139458943,52025,,535000.0,2025-04-01
139457905,32025,,281000.0,2025-04-01
139436723,32026,,550949.97,2025-04-01
139444229,42025,,443000.0,2025-04-01
139457010,32025,,106000.0,2025-04-01
139458042,112025,,642870.53,2025-04-01
139447378,82025,,422000.0,2025-04-01
139470039,82025,,302089.66,2025-04-01
139445101,82025,,197419.05,2025-04-01
139468873,22025,,161000.0,2025-04-01
139452423,122025,,409544.24,2025-04-01
139443366,22025,,150000.0,2025-04-01
139452811,22026,,522913.56,2025-04-01
139460654,32026,,240290.06,2025-04-01
139446981,92025,,486723.53,2025-04-01
139452252,72025,,84000.0,2025-04-01
139442886,72025,,565000.0,2025-04-01
139462647,62025,,657000.0,2025-04-01
139466518,12026,,301522.81,2025-04-01
139450324,122025,,133199.0,2025-04-01
139464918,102025,,546042.14,2025-04-01
139459108,62025,,400000.0,2025-04-01
139452810,92025,,226560.3,2025-04-01
139458400,12025,,125000.0,2025-04-01
139437959,32026,,683977.16,2025-04-01
139456216,82025,,779738.72,2025-04-01
139459919,72025,,574698.35,2025-04-01
139466402,12026,,440142.95,2025-04-01
139461819,12025,,250000.0,2025-04-01
139464317,92025,,737857.81,2025-04-01
139466776,12025,,640000.0,2025-04-01
139469351,22025,,196000.0,2025-04-01
139441423,42025,,175000.0,2025-04-01
139442751,12025,,228000.0,2025-04-01
139456923,62025,,249000.0,2025-04-01
139460655,112025,,186365.73,2025-04-01
139459944,102025,,193054.14,2025-04-01
139436635,52025,,186000.0,2025-04-01
139439352,112025,,245314.31,2025-04-01
139439971,22025,,117000.0,2025-04-01
139465240,112025,,98908.41,2025-04-01
139465246,82025,,170000.0,2025-04-01
139465147,72025,,254000.0,2025-04-01
139457435,42025,,199000.0,2025-04-01
139441738,12025,,70000.0,2025-04-01
139436305,12025,,29000.0,2025-04-01
139447653,52025,,292000.0,2025-04-01
139442517,22025,,124000.0,2025-04-01
139456720,22026,,124470.93,2025-04-01
139451301,12026,,150154.36,2025-04-01
139443722,22026,,183218.67,2025-04-01
139469537,22026,,157538.37,2025-04-01
139455945,112025,,265027.26,2025-04-01
139469208,32026,,323553.12,2025-04-01
139444006,112025,,213399.51,2025-04-01
139470078,12025,,150000.0,2025-04-01
139462331,32026,,142526.71,2025-04-01
139460043,122025,,363589.2,2025-04-01
139452313,32025,,242000.0,2025-04-01
139439641,82025,,470169.98,2025-04-01
139469506,12026,,146855.77,2025-04-01
139451158,92025,,194439.34,2025-04-01
139455904,22025,,581000.0,2025-04-01
139457742,12026,,76627.77,2025-04-01
139450208,42025,,299000.0,2025-04-01
139460156,32025,,279000.0,2025-04-01
139461613,32025,,455000.0,2025-04-01
139441591,32025,,314000.0,2025-04-01
139439989,62025,,253000.0,2025-04-01
139461898,12025,,444000.0,2025-04-01
139459245,82025,,54722.94,2025-04-01
139450903,92025,,461551.64,2025-04-01
139437400,22026,,122711.49,2025-04-01
139461567,42025,,218000.0,2025-04-01
139455284,122025,,761352.5,2025-04-01
139441226,82025,,181000.0,2025-04-01
139440237,112025,,367142.32,2025-04-01
139453219,122025,,510306.21,2025-04-01
139466679,12025,,480000.0,2025-04-01
139442572,112025,,499801.38,2025-04-01
139459055,32026,,262623.68,2025-04-01
139447816,62025,,343000.0,2025-04-01
139464592,72025,,473000.0,2025-04-01
139450172,22026,,203721.98,2025-04-01
139469803,12026,,272256.16,2025-04-01
139460434,22025,,390000.0,2025-04-01
139444517,32025,,171000.0,2025-04-01
139447007,32025,,287000.0,2025-04-01
139457198,52025,,672000.0,2025-04-01
139441806,12026,,197327.56,2025-04-01
139447124,12026,,131339.83,2025-04-01
139468848,72025,,146110.75,2025-04-01
139442537,92025,,389179.13,2025-04-01
139464262,122025,,257474.45,2025-04-01
139456522,92025,,297595.03,2025-04-01
139469740,102025,,104147.57,2025-04-01
139448917,12026,,355052.84,2025-04-01
139466556,82025,,408815.84,2025-04-01
139465402,92025,,347351.76,2025-04-01
139450021,72025,,536000.0,2025-04-01
139463928,12026,,492278.28,2025-04-01
139450071,22025,,161000.0,2025-04-01
139460548,72025,,250000.0,2025-04-01
139454363,72025,,803000.0,2025-04-01
139439982,22025,,231000.0,2025-04-01
139447523,112025,,0.0,2025-04-01
139459612,52025,,291000.0,2025-04-01
139452939,22025,,256000.0,2025-04-01
139449796,22026,,177865.67,2025-04-01
139444867,52025,,546000.0,2025-04-01
139440299,32026,,316543.13,2025-04-01
139435561,122025,,428364.97,2025-04-01
139462961,42025,,247000.0,2025-04-01
139446084,122025,,264840.7,2025-04-01
139444807,62025,,128146.77,2025-04-01
139442390,62025,,219000.0,2025-04-01
139436943,92025,,194284.87,2025-04-01
139435826,22026,,320933.04,2025-04-01
139462896,22026,,0.0,2025-04-01
139463088,62025,,783000.0,2025-04-01
139456955,32025,,170000.0,2025-04-01
139454543,32025,,580000.0,2025-04-01
139453271,32026,,79713.14,2025-04-01
139459274,42025,,0.0,2025-04-01
139439870,102025,,173374.47,2025-04-01
139439426,112025,,178943.84,2025-04-01
139447810,112025,,206298.08,2025-04-01
139451783,52025,,91000.0,2025-04-01
139463654,42025,,147000.0,2025-04-01
139461768,12025,,446000.0,2025-04-01
139470165,22025,,358000.0,2025-04-01
139441509,72025,,494000.0,2025-04-01
139438165,22026,,301901.82,2025-04-01
139454034,82025,,794655.16,2025-04-01
139453328,82025,,400145.12,2025-04-01
139464515,122025,,401773.41,2025-04-01
139443689,52025,,279000.0,2025-04-01
139465439,62025,,239000.0,2025-04-01
139469479,12025,,110000.0,2025-04-01
139459308,32025,,303000.0,2025-04-01
139443483,12025,,180000.0,2025-04-01
139438159,32026,,327326.3,2025-04-01
139445297,12025,,484000.0,2025-04-01
139437416,62025,,204000.0,2025-04-01
139455726,22026,,466848.18,2025-04-01
139439765,12025,,389000.0,2025-04-01
139440732,122025,,285337.57,2025-04-01
139449623,72025,,627236.62,2025-04-01
139468052,32026,,0.0,2025-04-01
139449993,92025,,185461.22,2025-04-01
139444412,72025,,278000.0,2025-04-01
139445772,92025,,268945.64,2025-04-01
139445364,102025,,279005.01,2025-04-01
139458198,92025,,416694.94,2025-04-01
139460415,112025,,211921.26,2025-04-01
139458362,42025,,261000.0,2025-04-01
139438046,102025,,49193.38,2025-04-01
139451002,52025,,313000.0,2025-04-01
139465006,72025,,278000.0,2025-04-01
139457303,32025,,539000.0,2025-04-01
139436598,32025,,100000.0,2025-04-01
139437966,62025,,803000.0,2025-04-01
139457254,12026,,383159.22,2025-04-01
139445810,22025,,199000.0,2025-04-01
139466564,122025,,597760.26,2025-04-01
139463807,82025,,174000.0,2025-04-01
139464249,122025,,573757.0,2025-04-01
139442939,32026,,211123.13,2025-04-01
139455098,42025,,231000.0,2025-04-01
139459126,112025,,546899.32,2025-04-01
139449773,22025,,332000.0,2025-04-01
139447241,62025,,181000.0,2025-04-01
139457186,112025,,126515.81,2025-04-01
139444719,92025,,430180.04,2025-04-01
139447810,32025,,209000.0,2025-04-01
139469480,52025,,416000.0,2025-04-01
139458950,92025,,269387.81,2025-04-01
139449372,112025,,229799.11,2025-04-01
139457999,112025,,198220.52,2025-04-01
139456879,12025,,295000.0,2025-04-01
139464935,22025,,436000.0,2025-04-01
139451380,32025,,264000.0,2025-04-01
139451453,42025,,115000.0,2025-04-01
139458767,32026,,420536.02,2025-04-01
139449943,92025,,325639.67,2025-04-01
139453283,122025,,487120.16,2025-04-01
139465016,122025,,0.0,2025-04-01
139439736,102025,,580790.26,2025-04-01
139435727,92025,,273759.46,2025-04-01
139460992,12025,,635000.0,2025-04-01
139443073,22025,,60000.0,2025-04-01
139451135,32026,,106538.11,2025-04-01
139450013,72025,,221000.0,2025-04-01
139453045,42025,,436000.0,2025-04-01
139466618,102025,,198803.32,2025-04-01
139455340,102025,,345044.2,2025-04-01
139453437,62025,,306000.0,2025-04-01
139452385,82025,,97503.66,2025-04-01
139450078,62025,,355467.54,2025-04-01
139463596,102025,,478239.49,2025-04-01
139465852,112025,,262403.02,2025-04-01
139441217,82025,,253238.27,2025-04-01
139452400,82025,,223000.0,2025-04-01
139450774,22026,,482477.85,2025-04-01
139461948,32025,,268000.0,2025-04-01
139458360,12025,,700000.0,2025-04-01
139455599,52025,,120000.0,2025-04-01
139436373,32025,,392000.0,2025-04-01
139440942,62025,,717000.0,2025-04-01
139436714,112025,,435637.03,2025-04-01
139469737,52025,,498000.0,2025-04-01
139461892,72025,,799000.0,2025-04-01
139456092,22025,,247000.0,2025-04-01
139447665,22026,,717876.46,2025-04-01
139441756,82025,,466534.84,2025-04-01
139451256,12026,,341949.73,2025-04-01
139443786,112025,,759221.79,2025-04-01
139439340,52025,,93000.0,2025-04-01
139440228,62025,,414000.0,2025-04-01
139440390,92025,,248141.15,2025-04-01
139450594,22026,,26460.65,2025-04-01
139450776,82025,,395390.17,2025-04-01
139448160,72025,,94000.0,2025-04-01
139466012,62025,,243000.0,2025-04-01
139459494,72025,,28423.74,2025-04-01
139448680,12026,,414778.62,2025-04-01
139441195,52025,,483000.0,2025-04-01
139446251,32025,,390000.0,2025-04-01
139459318,112025,,527192.99,2025-04-01
139444499,12026,,517854.0,2025-04-01
139444294,32025,,160000.0,2025-04-01
139459543,52025,,238000.0,2025-04-01
139459730,62025,,222000.0,2025-04-01
139448712,72025,,424000.0,2025-04-01
139454231,112025,,568460.75,2025-04-01
139464392,122025,,170826.72,2025-04-01
139442047,22025,,439000.0,2025-04-01
139451016,72025,,342000.0,2025-04-01
139453132,112025,,138506.31,2025-04-01
139460941,12026,,159828.26,2025-04-01
139467123,82025,,298248.21,2025-04-01
139462653,22026,,147432.82,2025-04-01
139446229,112025,,171499.14,2025-04-01
139455774,32025,,801000.0,2025-04-01
139465355,22026,,226896.51,2025-04-01
139468570,22025,,148000.0,2025-04-01
139444469,72025,,246000.0,2025-04-01
139461688,102025,,293345.26,2025-04-01
139469386,32025,,419000.0,2025-04-01
139458803,112025,,267700.92,2025-04-01
139460416,92025,,163935.8,2025-04-01
139462986,12025,,87000.0,2025-04-01
139460788,112025,,257469.18,2025-04-01
139451079,52025,,299000.0,2025-04-01
139461208,32026,,351410.0,2025-04-01
139444639,12025,,340000.0,2025-04-01
139460211,22026,,192843.52,2025-04-01
139450936,42025,,214000.0,2025-04-01
139439274,62025,,597000.0,2025-04-01
139443704,112025,,786114.09,2025-04-01
139451550,122025,,404336.35,2025-04-01
139468214,22026,,484547.57,2025-04-01
139457787,62025,,253000.0,2025-04-01
139455958,52025,,497000.0,2025-04-01
139462389,52025,,473000.0,2025-04-01
139436744,22025,,425000.0,2025-04-01
139435757,42025,,43000.0,2025-04-01
139467502,52025,,123000.0,2025-04-01
139461183,112025,,230705.94,2025-04-01
139437859,112025,,123692.6,2025-04-01
139469911,32025,,324000.0,2025-04-01
139447437,22025,,280000.0,2025-04-01
139447975,92025,,118471.05,2025-04-01
139447385,12026,,272256.16,2025-04-01
139453727,12025,,264000.0,2025-04-01
139440104,32026,,573181.11,2025-04-01
139469642,82025,,275000.0,2025-04-01
139435792,92025,,310431.86,2025-04-01
139452739,52025,,187000.0,2025-04-01
139457357,112025,,158561.22,2025-04-01
139444847,112025,,389128.91,2025-04-01
139444621,102025,,425105.64,2025-04-01
139440145,62025,,246000.0,2025-04-01
139458050,102025,,110904.19,2025-04-01
139436726,32025,,79000.0,2025-04-01
139459618,42025,,276000.0,2025-04-01
139469968,52025,,171000.0,2025-04-01
139452127,22025,,122000.0,2025-04-01
139458914,12026,,175676.73,2025-04-01
139467468,12025,,720000.0,2025-04-01
139447888,122025,,267698.39,2025-04-01
139463187,92025,,505383.07,2025-04-01
139468213,122025,,356978.37,2025-04-01
139441142,12025,,274000.0,2025-04-01
139462013,22026,,64187.2,2025-04-01
139463018,102025,,108742.24,2025-04-01
139448220,122025,,198097.83,2025-04-01
139443678,92025,,163692.26,2025-04-01
139463618,82025,,501431.91,2025-04-01
139442056,32025,,150000.0,2025-04-01
139443926,112025,,177002.98,2025-04-01
139469971,22025,,268000.0,2025-04-01
139442695,12026,,159732.04,2025-04-01
139445408,22025,,320000.0,2025-04-01
139450711,82025,,237000.0,2025-04-01
139458482,22025,,544000.0,2025-04-01
139439564,32025,,445000.0,2025-04-01
139467744,22025,,209000.0,2025-04-01
139461867,112025,,507918.62,2025-04-01
139459937,32025,,679000.0,2025-04-01
139437963,12025,,38000.0,2025-04-01
139459537,122025,,168602.71,2025-04-01
139442214,12025,,548000.0,2025-04-01
139462541,42025,,251000.0,2025-04-01
139468063,42025,,277000.0,2025-04-01
139451366,122025,,0.0,2025-04-01
139461334,112025,,253091.06,2025-04-01
139462671,32025,,326000.0,2025-04-01
139457402,42025,,262000.0,2025-04-01
139465283,32026,,271216.48,2025-04-01
139453949,12025,,200000.0,2025-04-01
139456905,22025,,596000.0,2025-04-01
139440318,42025,,398000.0,2025-04-01
139451054,32025,,672000.0,2025-04-01
139454254,102025,,729833.82,2025-04-01
139462787,52025,,294000.0,2025-04-01
139467968,12025,,157000.0,2025-04-01
139464868,12025,,161000.0,2025-04-01
139457628,22026,,128447.27,2025-04-01
139440198,62025,,199000.0,2025-04-01
139443661,32025,,310000.0,2025-04-01
139441145,92025,,563029.88,2025-04-01
139446999,12025,,128000.0,2025-04-01
139452826,42025,,673000.0,2025-04-01
139456860,122025,,205650.65,2025-04-01
139451394,42025,,175000.0,2025-04-01
139448325,32025,,244000.0,2025-04-01
139451579,52025,,284000.0,2025-04-01
139454671,52025,,338000.0,2025-04-01
139459469,122025,,389267.45,2025-04-01
139456577,32026,,179226.23,2025-04-01
139463658,42025,,299000.0,2025-04-01
139466132,32025,,800000.0,2025-04-01
139437231,32025,,207000.0,2025-04-01
139441014,22025,,736000.0,2025-04-01
139442276,52025,,290000.0,2025-04-01
139466059,12026,,195866.58,2025-04-01
139469740,72025,,104000.0,2025-04-01
139454615,22026,,592714.89,2025-04-01
139448471,12026,,692933.68,2025-04-01
139459216,72025,,247000.0,2025-04-01
139451075,62025,,259000.0,2025-04-01
139457982,62025,,491000.0,2025-04-01
139445666,12025,,498000.0,2025-04-01
139461721,82025,,188718.66,2025-04-01
139436980,92025,,608595.84,2025-04-01
139439907,102025,,231577.9,2025-04-01
139443683,22025,,795000.0,2025-04-01
139438069,122025,,109841.88,2025-04-01
139443675,42025,,85000.0,2025-04-01
139439653,102025,,219754.42,2025-04-01
139452308,42025,,191000.0,2025-04-01
139456331,62025,,920000.0,2025-04-01
139443606,32025,,171000.0,2025-04-01
139435622,22025,,148000.0,2025-04-01
139448556,42025,,284000.0,2025-04-01
139462755,12025,,550000.0,2025-04-01
139436281,102025,,478776.52,2025-04-01
139461976,22026,,1098793.34,2025-04-01
139449368,92025,,72922.23,2025-04-01
139453224,32025,,397000.0,2025-04-01
139468723,82025,,194138.99,2025-04-01
139447492,42025,,212000.0,2025-04-01
139444638,32025,,537000.0,2025-04-01
139462715,12026,,111593.59,2025-04-01
139455619,72025,,443000.0,2025-04-01
139442840,12026,,783635.05,2025-04-01
139455985,42025,,203000.0,2025-04-01
139455925,62025,,473000.0,2025-04-01
139458402,12025,,80000.0,2025-04-01
139448484,62025,,261553.84,2025-04-01
139452984,112025,,350952.98,2025-04-01
139454168,42025,,222000.0,2025-04-01
139451312,92025,,757481.35,2025-04-01
139455529,12025,,724000.0,2025-04-01
139436297,42025,,459000.0,2025-04-01
139455471,52025,,268000.0,2025-04-01
139455569,52025,,328000.0,2025-04-01
139439264,22025,,944000.0,2025-04-01
139461867,32026,,506212.98,2025-04-01
139456634,12026,,114266.03,2025-04-01
139443416,12026,,553795.5,2025-04-01
139457002,82025,,173975.7,2025-04-01
139447428,12026,,435753.59,2025-04-01
139438950,112025,,176340.14,2025-04-01
139449414,92025,,117899.11,2025-04-01
139463172,92025,,254021.09,2025-04-01
139467384,32026,,753871.68,2025-04-01
139445296,32025,,224000.0,2025-04-01
139458531,72025,,558000.0,2025-04-01
139464451,42025,,643000.0,2025-04-01
139448740,12026,,182928.28,2025-04-01
139466206,12025,,234000.0,2025-04-01
139449309,22025,,138000.0,2025-04-01
139439269,72025,,90000.0,2025-04-01
139441899,52025,,159000.0,2025-04-01
139447654,12025,,225000.0,2025-04-01
139466985,12025,,244000.0,2025-04-01
139436572,92025,,91321.83,2025-04-01
139460818,52025,,299000.0,2025-04-01
139460899,42025,,32000.0,2025-04-01
139455991,92025,,339773.54,2025-04-01
139469202,92025,,218987.94,2025-04-01
139443265,22026,,63226.56,2025-04-01
139437575,102025,,142232.88,2025-04-01
139448421,32025,,341000.0,2025-04-01
139462998,72025,,70000.0,2025-04-01
139458239,62025,,64000.0,2025-04-01
139440338,62025,,309000.0,2025-04-01
139465370,12026,,235998.24,2025-04-01
139452536,12026,,334467.58,2025-04-01
139450328,22025,,253000.0,2025-04-01
139444387,82025,,66608.02,2025-04-01
139458881,12026,,114067.85,2025-04-01
139453960,62025,,0.0,2025-04-01
139469918,72025,,803000.0,2025-04-01
139448606,92025,,221165.25,2025-04-01
139447257,32026,,381330.49,2025-04-01
139445320,12026,,741886.65,2025-04-01
139445320,22025,,750000.0,2025-04-01
139455287,32025,,726000.0,2025-04-01
139457330,12026,,491323.08,2025-04-01
139464388,82025,,56422.41,2025-04-01
139446584,82025,,971437.16,2025-04-01
139454718,12026,,239763.31,2025-04-01
139444428,62025,,211000.0,2025-04-01
139469862,122025,,573902.95,2025-04-01
139435549,112025,,482639.85,2025-04-01
139455435,12026,,574874.57,2025-04-01
139445809,72025,,361408.27,2025-04-01
139444307,72025,,557000.0,2025-04-01
139442851,122025,,178013.7,2025-04-01
139449111,42025,,777000.0,2025-04-01
139456560,112025,,309582.23,2025-04-01
139440340,62025,,304000.0,2025-04-01
139450036,32025,,520000.0,2025-04-01
139435856,32025,,308000.0,2025-04-01
139466687,12026,,274476.66,2025-04-01
139460382,92025,,201045.32,2025-04-01
139445568,72025,,410000.0,2025-04-01
139440605,42025,,112000.0,2025-04-01
139453986,22026,,172865.46,2025-04-01
139464519,122025,,297215.59,2025-04-01
139447580,92025,,234781.33,2025-04-01
139441923,82025,,87978.2,2025-04-01
139464626,12025,,294000.0,2025-04-01
139443709,22026,,200579.36,2025-04-01
139453737,42025,,620000.0,2025-04-01
139467996,32025,,389000.0,2025-04-01
139449580,52025,,95000.0,2025-04-01
139440119,92025,,530147.4,2025-04-01
139466323,32025,,789000.0,2025-04-01
139455227,12026,,212558.93,2025-04-01
139457771,122025,,74215.28,2025-04-01
139452962,12026,,257430.42,2025-04-01
139469790,72025,,79000.0,2025-04-01
139456933,22025,,237000.0,2025-04-01
139466617,12026,,149612.28,2025-04-01
139447774,82025,,163839.39,2025-04-01
139437295,22025,,530000.0,2025-04-01
139466039,52025,,296000.0,2025-04-01
139460354,12025,,152000.0,2025-04-01
139457120,22026,,643239.34,2025-04-01
139445425,42025,,358000.0,2025-04-01
139450941,112025,,243666.31,2025-04-01
139450860,22026,,257124.87,2025-04-01
139450008,62025,,67000.0,2025-04-01
139442368,122025,,221842.58,2025-04-01
139440338,112025,,307722.5,2025-04-01
139446321,72025,,75000.0,2025-04-01
139467672,82025,,571293.41,2025-04-01
139461802,82025,,291016.68,2025-04-01
139436205,72025,,156000.0,2025-04-01
139459767,22026,,443994.06,2025-04-01
139449967,72025,,510000.0,2025-04-01
139453705,82025,,283474.51,2025-04-01
139460588,62025,,247000.0,2025-04-01
139446153,12025,,493000.0,2025-04-01
139442656,12025,,365000.0,2025-04-01
139438203,112025,,233364.84,2025-04-01
139442861,52025,,262000.0,2025-04-01
139436849,122025,,224086.01,2025-04-01
139444940,12025,,252000.0,2025-04-01
139466899,12025,,390000.0,2025-04-01
139466209,122025,,276906.31,2025-04-01
139459074,12026,,662610.09,2025-04-01
139441626,72025,,360000.0,2025-04-01
139438294,112025,,373546.57,2025-04-01
139439829,62025,,154000.0,2025-04-01
139447825,12026,,241493.2,2025-04-01
139454204,12025,,425000.0,2025-04-01
139450792,112025,,205831.99,2025-04-01
139469286,82025,,315000.0,2025-04-01
139444109,42025,,509000.0,2025-04-01
139463865,62025,,188000.0,2025-04-01
139448903,82025,,326301.58,2025-04-01
139438124,32026,,412605.97,2025-04-01
139449721,122025,,206660.06,2025-04-01
139468788,32025,,427000.0,2025-04-01
139449946,72025,,338109.38,2025-04-01
139446297,72025,,859000.0,2025-04-01
139436786,112025,,797645.66,2025-04-01
139437541,32026,,256453.34,2025-04-01
139437754,92025,,499220.83,2025-04-01
139441899,82025,,158750.69,2025-04-01
139435543,52025,,120000.0,2025-04-01
139466195,72025,,506000.0,2025-04-01
139438516,122025,,293991.36,2025-04-01
139442610,72025,,678000.0,2025-04-01
139461700,112025,,325305.84,2025-04-01
139460914,112025,,557511.16,2025-04-01
139456947,72025,,605000.0,2025-04-01
139467082,32025,,145000.0,2025-04-01
139463042,22026,,115588.13,2025-04-01
139453714,82025,,145420.14,2025-04-01
139448211,92025,,511117.75,2025-04-01
139464785,102025,,374208.37,2025-04-01
139465348,112025,,231488.42,2025-04-01
139447939,92025,,134267.48,2025-04-01
139467998,12025,,47000.0,2025-04-01
139470184,62025,,339000.0,2025-04-01
139447683,122025,,148275.92,2025-04-01
139442999,72025,,378000.0,2025-04-01
139461082,122025,,345714.42,2025-04-01
139466813,82025,,256922.82,2025-04-01
139447203,32025,,193000.0,2025-04-01
139456415,72025,,79000.0,2025-04-01
139440809,32025,,192000.0,2025-04-01
139439328,32026,,176173.23,2025-04-01
139438355,42025,,294000.0,2025-04-01
139436477,32025,,340000.0,2025-04-01
139467657,62025,,646000.0,2025-04-01
139441438,42025,,184000.0,2025-04-01
139448653,52025,,473000.0,2025-04-01
139463991,52025,,647000.0,2025-04-01
139443136,42025,,80000.0,2025-04-01
139447661,62025,,147000.0,2025-04-01
139444773,102025,,121699.79,2025-04-01
139445310,32026,,231145.1,2025-04-01
139444652,62025,,287000.0,2025-04-01
139460770,122025,,251344.11,2025-04-01
139463645,102025,,336973.25,2025-04-01
139440988,32025,,589000.0,2025-04-01
139441062,52025,,81000.0,2025-04-01
139463703,42025,,279000.0,2025-04-01
139466295,122025,,420185.93,2025-04-01
139453298,122025,,241954.2,2025-04-01
139456456,82025,,216067.16,2025-04-01
139442061,42025,,453000.0,2025-04-01
139464210,32025,,459000.0,2025-04-01
139467123,12026,,296952.53,2025-04-01
139462617,112025,,208229.28,2025-04-01
139443124,82025,,136272.42,2025-04-01
139439662,42025,,0.0,2025-04-01
139468015,32025,,335000.0,2025-04-01
139452060,122025,,303503.39,2025-04-01
139443029,32026,,197248.41,2025-04-01
139443124,112025,,135850.57,2025-04-01
139442281,92025,,755379.39,2025-04-01
139442257,112025,,171415.68,2025-04-01
139464591,82025,,611000.0,2025-04-01
139467601,12025,,336000.0,2025-04-01
139457857,72025,,124287.67,2025-04-01
139440900,32026,,177635.43,2025-04-01
139436569,32026,,526843.26,2025-04-01
139462978,22026,,492936.38,2025-04-01
139443512,92025,,356487.09,2025-04-01
139442859,102025,,521513.92,2025-04-01
139462267,62025,,180000.0,2025-04-01
139451844,32025,,399000.0,2025-04-01
139439433,52025,,101000.0,2025-04-01
139443798,12026,,375852.4,2025-04-01
139436898,102025,,736968.23,2025-04-01
139460433,92025,,100152.61,2025-04-01
139447195,22025,,245000.0,2025-04-01
139462936,72025,,334000.0,2025-04-01
139466530,82025,,338956.79,2025-04-01
139443976,52025,,316000.0,2025-04-01
139464837,72025,,0.0,2025-04-01
139446917,82025,,164000.0,2025-04-01
139449764,52025,,208000.0,2025-04-01
139451742,42025,,386000.0,2025-04-01
139446640,12025,,281000.0,2025-04-01
139448505,82025,,564834.44,2025-04-01
139457950,22025,,100000.0,2025-04-01
139444852,52025,,399000.0,2025-04-01
139456815,42025,,309000.0,2025-04-01
139440793,72025,,145990.84,2025-04-01
139465352,92025,,501692.91,2025-04-01
139458819,52025,,0.0,2025-04-01
139438105,102025,,206390.7,2025-04-01
139453277,122025,,413745.7,2025-04-01
139454029,122025,,180200.0,2025-04-01
139435801,12025,,365000.0,2025-04-01
139443539,22025,,250000.0,2025-04-01
139460378,12026,,619085.63,2025-04-01
139451803,112025,,508038.76,2025-04-01
139449616,102025,,192490.81,2025-04-01
139466394,72025,,475154.56,2025-04-01
139443078,102025,,427678.61,2025-04-01
139441509,32025,,497000.0,2025-04-01
139467357,82025,,376208.49,2025-04-01
139467294,32026,,389453.96,2025-04-01
139445002,122025,,297286.46,2025-04-01
139453589,62025,,204000.0,2025-04-01
139459139,42025,,147000.0,2025-04-01
139446986,62025,,289000.0,2025-04-01
139446412,32025,,683000.0,2025-04-01
139468740,12025,,360000.0,2025-04-01
139461661,122025,,501463.81,2025-04-01
139465850,32025,,434000.0,2025-04-01
139460714,22026,,454877.31,2025-04-01
139443122,92025,,184183.95,2025-04-01
139446803,102025,,570161.11,2025-04-01
139454672,122025,,170155.92,2025-04-01
139441612,82025,,382582.5,2025-04-01
139461933,82025,,280011.63,2025-04-01
139460666,112025,,184104.21,2025-04-01
139441861,112025,,334191.94,2025-04-01
139448129,52025,,174000.0,2025-04-01
139447069,22025,,538000.0,2025-04-01
139454235,112025,,394106.08,2025-04-01
139447667,22025,,474000.0,2025-04-01
139453504,32026,,212246.89,2025-04-01
139464745,12025,,297000.0,2025-04-01
139450331,102025,,245808.08,2025-04-01
139455830,82025,,275938.59,2025-04-01
139438872,72025,,681000.0,2025-04-01
139440264,62025,,498000.0,2025-04-01
139442265,82025,,240800.63,2025-04-01
139455342,32026,,246563.12,2025-04-01
139455577,52025,,221000.0,2025-04-01
139449050,42025,,804000.0,2025-04-01
139469247,62025,,309447.3,2025-04-01
139468937,12025,,195000.0,2025-04-01
139443010,42025,,189000.0,2025-04-01
139439701,82025,,249809.11,2025-04-01
139438424,102025,,38006.4,2025-04-01
139465478,52025,,169000.0,2025-04-01
139452274,62025,,100000.0,2025-04-01
139450475,42025,,220000.0,2025-04-01
139455831,112025,,615763.87,2025-04-01
139444040,112025,,208410.16,2025-04-01
139459372,32026,,358459.43,2025-04-01
139468701,82025,,211154.9,2025-04-01
139443771,102025,,386421.48,2025-04-01
139445237,22026,,128213.57,2025-04-01
139448378,32026,,351642.41,2025-04-01
139455263,22026,,470630.34,2025-04-01
139444357,92025,,635149.03,2025-04-01
139466108,42025,,847000.0,2025-04-01
139466986,22025,,697000.0,2025-04-01
139460734,22026,,139981.33,2025-04-01
139459693,92025,,326394.13,2025-04-01
139465548,62025,,169000.0,2025-04-01
139451938,122025,,217710.78,2025-04-01
139465585,12026,,349471.82,2025-04-01
139440773,122025,,304893.98,2025-04-01
139443273,22026,,62063.7,2025-04-01
139437522,102025,,425676.24,2025-04-01
139467580,22026,,331027.06,2025-04-01
139457787,22025,,254000.0,2025-04-01
139439633,12025,,611000.0,2025-04-01
139436109,52025,,547000.0,2025-04-01
139468701,22026,,209658.3,2025-04-01
139437275,122025,,178482.25,2025-04-01
139443758,92025,,128738.07,2025-04-01
139452867,82025,,248353.14,2025-04-01
139452455,92025,,91767.8,2025-04-01
139465719,92025,,148270.75,2025-04-01
139438023,32025,,781000.0,2025-04-01
139460610,42025,,532000.0,2025-04-01
139440687,72025,,786000.0,2025-04-01
139466186,112025,,1003372.58,2025-04-01
139440697,112025,,225614.45,2025-04-01
139449023,92025,,212067.74,2025-04-01
139447610,22025,,649000.0,2025-04-01
139465112,62025,,277000.0,2025-04-01
139437068,122025,,196595.26,2025-04-01
139450279,42025,,536000.0,2025-04-01
139460551,122025,,330983.07,2025-04-01
139463841,122025,,624078.63,2025-04-01
139457400,122025,,615775.32,2025-04-01
139466362,32026,,292471.27,2025-04-01
139448319,22025,,333000.0,2025-04-01
139451916,92025,,148176.6,2025-04-01
139436852,72025,,179000.0,2025-04-01
139467420,42025,,597000.0,2025-04-01
139445623,12025,,555000.0,2025-04-01
139466169,52025,,256000.0,2025-04-01
139435699,92025,,372988.68,2025-04-01
139445739,72025,,236034.42,2025-04-01
139437946,42025,,279000.0,2025-04-01
139461861,32025,,466000.0,2025-04-01
139470171,122025,,574743.81,2025-04-01
139462354,72025,,309700.36,2025-04-01
139459251,112025,,360283.89,2025-04-01
139462555,12026,,120357.89,2025-04-01
139453097,102025,,288637.67,2025-04-01
139453608,32025,,240000.0,2025-04-01
139436105,122025,,465986.62,2025-04-01
139468442,12025,,110000.0,2025-04-01
139440839,92025,,337668.5,2025-04-01
139456593,22026,,286221.45,2025-04-01
139435737,22025,,402000.0,2025-04-01
139459623,52025,,199000.0,2025-04-01
139456461,122025,,52801.36,2025-04-01
139468412,92025,,148784.05,2025-04-01
139437884,62025,,795319.49,2025-04-01
139452339,32025,,250000.0,2025-04-01
139452746,42025,,166000.0,2025-04-01
139448168,22026,,312991.6,2025-04-01
139461874,42025,,142000.0,2025-04-01
139461137,22025,,470000.0,2025-04-01
139467388,32026,,747109.17,2025-04-01
139438117,102025,,67738.59,2025-04-01
139444444,102025,,120473.34,2025-04-01
139446539,22025,,297000.0,2025-04-01
139468174,72025,,136000.0,2025-04-01
139446731,82025,,149409.23,2025-04-01
139458251,32026,,138872.12,2025-04-01
139437359,42025,,199000.0,2025-04-01
139467822,22025,,320000.0,2025-04-01
139441378,22025,,150000.0,2025-04-01
139460088,92025,,373998.51,2025-04-01
139458098,62025,,661000.0,2025-04-01
139458891,102025,,221772.13,2025-04-01
139456329,42025,,85000.0,2025-04-01
139462854,112025,,553282.06,2025-04-01
139461368,22026,,259708.73,2025-04-01
139457949,32025,,203000.0,2025-04-01
139451992,92025,,421426.38,2025-04-01
139468760,32026,,648365.45,2025-04-01
139457598,72025,,159000.0,2025-04-01
139452954,12025,,276000.0,2025-04-01
139469808,122025,,407960.41,2025-04-01
139450506,62025,,468000.0,2025-04-01
139469287,102025,,372027.98,2025-04-01
139459011,102025,,633439.06,2025-04-01
139443775,22025,,410000.0,2025-04-01
139468903,52025,,508000.0,2025-04-01
139436502,102025,,36671.44,2025-04-01
139449958,32026,,182201.18,2025-04-01
139464401,32025,,327000.0,2025-04-01
139463730,62025,,293000.0,2025-04-01
139438172,112025,,303361.95,2025-04-01
139444123,62025,,224000.0,2025-04-01
139441272,12025,,349000.0,2025-04-01
139450084,122025,,520924.9,2025-04-01
139439388,32026,,141385.75,2025-04-01
139452426,22026,,364654.88,2025-04-01
139462514,92025,,272608.7,2025-04-01
139448310,92025,,351089.32,2025-04-01
139440597,22025,,522000.0,2025-04-01
139446318,92025,,274642.13,2025-04-01
139446586,122025,,246450.77,2025-04-01
139459287,12026,,133572.88,2025-04-01
139463122,62025,,248000.0,2025-04-01
139442429,42025,,162000.0,2025-04-01
139454081,112025,,856714.87,2025-04-01
139451795,22025,,597000.0,2025-04-01
139466909,92025,,308271.48,2025-04-01
139464077,102025,,0.0,2025-04-01
139465248,52025,,521000.0,2025-04-01
139460891,22025,,743000.0,2025-04-01
139449743,92025,,1140283.28,2025-04-01
139443538,92025,,128049.16,2025-04-01
139450891,112025,,377885.76,2025-04-01
139443592,92025,,178158.64,2025-04-01
139454056,12026,,323345.06,2025-04-01
139468111,22026,,99802.09,2025-04-01
139458012,122025,,382790.25,2025-04-01
139467256,12025,,255000.0,2025-04-01
139437270,112025,,236649.27,2025-04-01
139445686,22026,,90969.74,2025-04-01
139468427,92025,,530975.92,2025-04-01
139451068,62025,,267000.0,2025-04-01
139464180,42025,,259000.0,2025-04-01
139444206,122025,,91994.97,2025-04-01
139467637,12025,,230000.0,2025-04-01
139463641,102025,,162700.24,2025-04-01
139450106,22025,,250000.0,2025-04-01
139442192,72025,,762000.0,2025-04-01
139460078,82025,,292776.98,2025-04-01
139455431,42025,,330000.0,2025-04-01
139436102,22026,,82105.66,2025-04-01
139437871,32026,,788336.44,2025-04-01
139453285,52025,,159000.0,2025-04-01
139446276,22025,,750000.0,2025-04-01
139445369,22026,,362558.26,2025-04-01
139467211,32025,,438000.0,2025-04-01
139445980,22026,,142901.53,2025-04-01
139441732,32026,,81980.18,2025-04-01
139450536,112025,,68311.61,2025-04-01
139452153,52025,,254000.0,2025-04-01
139461616,62025,,474000.0,2025-04-01
139465705,12026,,367415.86,2025-04-01
139443219,62025,,370314.03,2025-04-01
139463055,62025,,410000.0,2025-04-01
139447534,42025,,213000.0,2025-04-01
139448368,62025,,224000.0,2025-04-01
139442830,62025,,249000.0,2025-04-01
139439780,32025,,214000.0,2025-04-01
139469223,102025,,336907.56,2025-04-01
139465570,22025,,440000.0,2025-04-01
139451462,92025,,184924.12,2025-04-01
139446384,122025,,310497.08,2025-04-01
139465869,32025,,136000.0,2025-04-01
139445112,12025,,144000.0,2025-04-01
139468613,72025,,438000.0,2025-04-01
139446358,22025,,275000.0,2025-04-01
139449694,12026,,71491.38,2025-04-01
139450988,12026,,209100.19,2025-04-01
139442708,22026,,424653.24,2025-04-01
139446515,32025,,655000.0,2025-04-01
139460364,12025,,414000.0,2025-04-01
139464511,92025,,318293.4,2025-04-01
139466214,12025,,514000.0,2025-04-01
139436533,52025,,792000.0,2025-04-01
139455124,22025,,193000.0,2025-04-01
139449752,22025,,197000.0,2025-04-01
139464786,62025,,206000.0,2025-04-01
139468800,12026,,312205.48,2025-04-01
139450508,82025,,263959.09,2025-04-01
139463637,102025,,460134.77,2025-04-01
139444465,82025,,670761.54,2025-04-01
139452961,52025,,166000.0,2025-04-01
139462031,12025,,364000.0,2025-04-01
139465814,102025,,779621.28,2025-04-01
139456181,22025,,60000.0,2025-04-01
139454905,12026,,100045.96,2025-04-01
139443765,32025,,252000.0,2025-04-01
139438198,22025,,160000.0,2025-04-01
139441208,102025,,779604.17,2025-04-01
139450890,102025,,346437.75,2025-04-01
139455147,52025,,584000.0,2025-04-01
139463192,82025,,76672.6,2025-04-01
139436977,12025,,380000.0,2025-04-01
139445037,12026,,184516.64,2025-04-01
139439150,122025,,163434.67,2025-04-01
139462495,42025,,567000.0,2025-04-01
139455307,102025,,166039.28,2025-04-01
139448677,52025,,166000.0,2025-04-01
139440588,102025,,443908.03,2025-04-01
139453820,122025,,610760.12,2025-04-01
139463812,72025,,141000.0,2025-04-01
139448046,22025,,319000.0,2025-04-01
139467454,32025,,189000.0,2025-04-01
139443126,92025,,575010.56,2025-04-01
139465942,42025,,289000.0,2025-04-01
139460033,92025,,516407.54,2025-04-01
139442727,32026,,296063.94,2025-04-01
139450812,12025,,225000.0,2025-04-01
139437714,32025,,395000.0,2025-04-01
139451476,42025,,448000.0,2025-04-01
139446128,62025,,546000.0,2025-04-01
139460193,12026,,174060.69,2025-04-01
139464043,102025,,289898.71,2025-04-01
139449226,12025,,477000.0,2025-04-01
139440592,22025,,212000.0,2025-04-01
139441811,112025,,147200.0,2025-04-01
139452915,92025,,519785.55,2025-04-01
139469017,22025,,280000.0,2025-04-01
139461759,12025,,190000.0,2025-04-01
139438680,22026,,117140.05,2025-04-01
139436215,22026,,238919.96,2025-04-01
139467059,82025,,412000.0,2025-04-01
139455491,112025,,447543.52,2025-04-01
139469335,112025,,705391.02,2025-04-01
139469961,22026,,286545.83,2025-04-01
139449639,42025,,726000.0,2025-04-01
139437103,82025,,283000.0,2025-04-01
139449220,122025,,209674.73,2025-04-01
139442894,42025,,164000.0,2025-04-01
139438705,82025,,463133.28,2025-04-01
139440654,22025,,503000.0,2025-04-01
139464930,122025,,556567.55,2025-04-01
139456625,82025,,534325.66,2025-04-01
139462384,22026,,234732.9,2025-04-01
139460940,22026,,346099.72,2025-04-01
139470069,82025,,511564.91,2025-04-01
139441509,22026,,490527.94,2025-04-01
139453621,112025,,123609.68,2025-04-01
139465896,32026,,281702.25,2025-04-01
139470159,12026,,258608.04,2025-04-01
139440105,52025,,784000.0,2025-04-01
139446025,12025,,200000.0,2025-04-01
139437330,122025,,694846.76,2025-04-01
139435560,12026,,464073.05,2025-04-01
139436213,112025,,283000.34,2025-04-01
139448661,12026,,230579.93,2025-04-01
139468429,122025,,0.0,2025-04-01
139457939,122025,,151809.11,2025-04-01
139462638,62025,,225000.0,2025-04-01
139441702,82025,,210486.58,2025-04-01
139436364,22026,,394539.58,2025-04-01
139446562,32025,,801000.0,2025-04-01
139458500,72025,,358000.0,2025-04-01
139456807,32025,,343000.0,2025-04-01
139466563,62025,,264000.0,2025-04-01
139461031,52025,,390000.0,2025-04-01
139448413,82025,,79613.77,2025-04-01
139439938,22026,,88681.5,2025-04-01
139458865,12026,,49477.71,2025-04-01
139457037,92025,,246172.06,2025-04-01
139435785,32026,,385341.86,2025-04-01
139457377,52025,,284000.0,2025-04-01
139468335,122025,,285112.34,2025-04-01
139449432,12026,,148017.56,2025-04-01
139456974,52025,,171000.0,2025-04-01
139454095,122025,,169033.46,2025-04-01
139444055,42025,,118000.0,2025-04-01
139436795,32026,,0.0,2025-04-01
139457583,72025,,85000.0,2025-04-01
139468603,22025,,63000.0,2025-04-01
139445172,72025,,170000.0,2025-04-01
139447722,32026,,174568.65,2025-04-01
139463642,22025,,231000.0,2025-04-01
139456477,32025,,447000.0,2025-04-01
139448722,62025,,379000.0,2025-04-01
139440974,12025,,400000.0,2025-04-01
139450373,102025,,348859.6,2025-04-01
139437813,12026,,133537.97,2025-04-01
139464357,112025,,344106.99,2025-04-01
139468068,112025,,158062.72,2025-04-01
139468764,122025,,143417.22,2025-04-01
139448088,32026,,409685.92,2025-04-01
139454250,12026,,83327.85,2025-04-01
139443694,12026,,102962.4,2025-04-01
139445871,22026,,516227.62,2025-04-01
139456219,12026,,105835.14,2025-04-01
139459461,112025,,390026.22,2025-04-01
139454049,32026,,142226.25,2025-04-01
139450354,112025,,212957.02,2025-04-01
139468508,42025,,244000.0,2025-04-01
139456357,112025,,302162.89,2025-04-01
139462427,22026,,124821.8,2025-04-01
139469442,22025,,224000.0,2025-04-01
139458139,102025,,118223.72,2025-04-01
139446708,42025,,536000.0,2025-04-01
139466070,62025,,251796.71,2025-04-01
139451637,62025,,226000.0,2025-04-01
139465947,42025,,578000.0,2025-04-01
139456915,32025,,214000.0,2025-04-01
139442329,102025,,484224.51,2025-04-01
139451804,22026,,575673.85,2025-04-01
139436536,122025,,123638.44,2025-04-01
139461526,72025,,248272.8,2025-04-01
139468314,102025,,516623.07,2025-04-01
139458258,32025,,1398000.0,2025-04-01
139469834,12026,,381158.66,2025-04-01
139441169,32026,,345726.54,2025-04-01
139459261,122025,,148467.33,2025-04-01
139446322,92025,,187754.96,2025-04-01
139453093,92025,,292628.92,2025-04-01
139449940,122025,,143291.14,2025-04-01
139453598,62025,,376000.0,2025-04-01
139462689,52025,,799000.0,2025-04-01
139468948,102025,,307880.09,2025-04-01
139467421,82025,,119000.0,2025-04-01
139449906,52025,,324000.0,2025-04-01
139464252,102025,,195241.15,2025-04-01
139444368,122025,,552782.07,2025-04-01
139442102,42025,,275000.0,2025-04-01
139450381,62025,,229000.0,2025-04-01
139466449,52025,,533000.0,2025-04-01
139457190,112025,,468226.12,2025-04-01
139435582,22026,,286297.72,2025-04-01
139447240,32026,,157902.13,2025-04-01
139443827,12026,,348884.24,2025-04-01
139441108,52025,,544000.0,2025-04-01
139460130,12026,,780843.37,2025-04-01
139436396,12025,,496000.0,2025-04-01
139464604,122025,,432786.18,2025-04-01
139470229,72025,,506615.48,2025-04-01
139440498,62025,,261000.0,2025-04-01
139468064,102025,,144368.12,2025-04-01
139466154,102025,,216334.46,2025-04-01
139438050,12026,,163283.17,2025-04-01
139467198,32025,,242000.0,2025-04-01
139467440,92025,,228179.39,2025-04-01
139435784,82025,,131027.05,2025-04-01
139442523,52025,,280000.0,2025-04-01
139447221,12026,,191462.09,2025-04-01
139447530,122025,,526527.26,2025-04-01
139435770,72025,,658000.0,2025-04-01
139436816,22025,,342309.83,2025-04-01
139439950,72025,,298000.0,2025-04-01
139465026,72025,,0.0,2025-04-01
139462570,22025,,237000.0,2025-04-01
139438701,52025,,77000.0,2025-04-01
139460033,72025,,518000.0,2025-04-01
139443953,22025,,264000.0,2025-04-01
139465761,32025,,426000.0,2025-04-01
139446961,42025,,215000.0,2025-04-01
139438951,62025,,295000.0,2025-04-01
139446889,32025,,224000.0,2025-04-01
139469539,12026,,281167.75,2025-04-01
139456133,32025,,230000.0,2025-04-01
139452874,112025,,229761.16,2025-04-01
139455096,32025,,231000.0,2025-04-01
139460940,12025,,350000.0,2025-04-01
139462668,22026,,378965.18,2025-04-01
139451291,92025,,122699.88,2025-04-01
139450218,72025,,293000.0,2025-04-01
139458637,82025,,329090.13,2025-04-01
139442151,112025,,174771.92,2025-04-01
139443663,72025,,397000.0,2025-04-01
139440014,82025,,153937.11,2025-04-01
139464564,22025,,264000.0,2025-04-01
139467714,52025,,287000.0,2025-04-01
139452823,112025,,189483.33,2025-04-01
139449624,42025,,255000.0,2025-04-01
139448167,12026,,210178.13,2025-04-01
139458655,22026,,277342.65,2025-04-01
139447951,102025,,188967.59,2025-04-01
139451677,102025,,132222.73,2025-04-01
139459253,22026,,212249.94,2025-04-01
139467578,72025,,415000.0,2025-04-01
139449441,12026,,430426.39,2025-04-01
139464742,52025,,540000.0,2025-04-01
139466891,62025,,227000.0,2025-04-01
139448697,12025,,300000.0,2025-04-01
139457879,122025,,44834.65,2025-04-01
139466703,12026,,687289.43,2025-04-01
139449961,52025,,255000.0,2025-04-01
139455860,12026,,412759.98,2025-04-01
139461105,42025,,308000.0,2025-04-01
139459329,22026,,131390.19,2025-04-01
139457048,12025,,245000.0,2025-04-01
139450654,42025,,273000.0,2025-04-01
139448015,22026,,464322.14,2025-04-01
139453602,62025,,88000.0,2025-04-01
139446823,92025,,123666.74,2025-04-01
139454936,112025,,673487.68,2025-04-01
139467927,92025,,387662.59,2025-04-01
139469733,82025,,117777.74,2025-04-01
139454805,92025,,586796.15,2025-04-01
139464892,122025,,296665.18,2025-04-01
139457653,12025,,363000.0,2025-04-01
139438729,32025,,425000.0,2025-04-01
139451626,102025,,406804.76,2025-04-01
139449087,32025,,200000.0,2025-04-01
139469266,22025,,459000.0,2025-04-01
139463164,112025,,247219.16,2025-04-01
139437970,62025,,345000.0,2025-04-01
139445873,12026,,139122.55,2025-04-01
139457920,102025,,717506.47,2025-04-01
139460628,122025,,147230.51,2025-04-01
139465706,112025,,224264.43,2025-04-01
139438807,52025,,349000.0,2025-04-01
139458874,22025,,103000.0,2025-04-01
139442130,112025,,779704.72,2025-04-01
139466517,62025,,160000.0,2025-04-01
139465736,32025,,522000.0,2025-04-01
139458720,72025,,345000.0,2025-04-01
139446538,102025,,272486.3,2025-04-01
139455204,52025,,138000.0,2025-04-01
139452407,102025,,594032.5,2025-04-01
139456666,112025,,233699.19,2025-04-01
139443988,92025,,348577.14,2025-04-01
139464389,82025,,212000.0,2025-04-01
139441951,112025,,36355.03,2025-04-01
139436808,92025,,262342.3,2025-04-01
139448488,122025,,201982.31,2025-04-01
139469940,82025,,44669.88,2025-04-01
139461342,72025,,231000.0,2025-04-01
139442297,22026,,109636.16,2025-04-01
139465398,52025,,132000.0,2025-04-01
139444211,42025,,285000.0,2025-04-01
139458412,12026,,260689.17,2025-04-01
139440505,82025,,414592.38,2025-04-01
139469162,12025,,250000.0,2025-04-01
139452652,112025,,241561.5,2025-04-01
139437823,122025,,319227.66,2025-04-01
139467371,72025,,710000.0,2025-04-01
139436205,82025,,155995.91,2025-04-01
139460326,42025,,125000.0,2025-04-01
139460605,52025,,332000.0,2025-04-01
139468445,32026,,293373.64,2025-04-01
139467625,82025,,257915.15,2025-04-01
139450624,82025,,259658.01,2025-04-01
139466193,112025,,166707.1,2025-04-01
139456987,72025,,496860.44,2025-04-01
139468494,52025,,267000.0,2025-04-01
139435794,92025,,357006.77,2025-04-01
139459927,32026,,246582.85,2025-04-01
139457983,22026,,483824.52,2025-04-01
139440716,32025,,88000.0,2025-04-01
139465708,52025,,264000.0,2025-04-01
139441280,102025,,114606.44,2025-04-01
139460239,12025,,785000.0,2025-04-01
139451859,32026,,584818.09,2025-04-01
139460802,22025,,330000.0,2025-04-01
139453976,112025,,197310.26,2025-04-01
139442097,102025,,178875.16,2025-04-01
139463387,82025,,164000.0,2025-04-01
139445434,12026,,267733.04,2025-04-01
139455070,32026,,385320.43,2025-04-01
139463365,102025,,322945.02,2025-04-01
139469501,52025,,114000.0,2025-04-01
139451014,32026,,315050.67,2025-04-01
139466743,32025,,439000.0,2025-04-01
139469748,32026,,244329.93,2025-04-01
139442362,32025,,478000.0,2025-04-01
139469967,82025,,117821.01,2025-04-01
139455346,102025,,272472.87,2025-04-01
139443968,52025,,311000.0,2025-04-01
139469292,62025,,217000.0,2025-04-01
139469591,32026,,1104243.88,2025-04-01
139437943,122025,,0.0,2025-04-01
139452073,122025,,634394.66,2025-04-01
139462208,12026,,413768.83,2025-04-01
139450756,32026,,289874.78,2025-04-01
139447938,122025,,220244.18,2025-04-01
139463336,82025,,293297.69,2025-04-01
139451017,52025,,210000.0,2025-04-01
139457983,102025,,485422.4,2025-04-01
139468009,12026,,186686.21,2025-04-01
139443209,122025,,315827.82,2025-04-01
139468499,122025,,320463.57,2025-04-01
139457601,82025,,191704.22,2025-04-01
139459529,72025,,260000.0,2025-04-01
139458443,52025,,521000.0,2025-04-01
139446567,122025,,408292.53,2025-04-01
139460795,102025,,294242.83,2025-04-01
139446295,72025,,437000.0,2025-04-01
139469176,52025,,179000.0,2025-04-01
139440160,72025,,142000.0,2025-04-01
139446013,92025,,0.0,2025-04-01
139464507,32025,,170000.0,2025-04-01
139467127,32025,,408000.0,2025-04-01
139469940,62025,,50000.0,2025-04-01
139455611,12026,,370574.45,2025-04-01
139457110,42025,,662000.0,2025-04-01
139465153,32025,,281000.0,2025-04-01
139441251,92025,,243263.79,2025-04-01
139445338,32025,,451000.0,2025-04-01
139451708,72025,,284853.13,2025-04-01
139442279,92025,,99314.15,2025-04-01
139442915,32026,,344705.62,2025-04-01
139458225,12026,,247205.57,2025-04-01
139454474,92025,,297535.77,2025-04-01
139465885,92025,,197731.43,2025-04-01
139455966,42025,,776000.0,2025-04-01
139443099,12025,,622000.0,2025-04-01
139454637,112025,,520791.3,2025-04-01
139456328,102025,,302116.48,2025-04-01
139440600,22026,,404098.23,2025-04-01
139465492,72025,,542000.0,2025-04-01
139454967,42025,,317000.0,2025-04-01
139445724,102025,,148428.43,2025-04-01
139460122,32025,,632000.0,2025-04-01
139456263,32026,,449239.32,2025-04-01
139467030,62025,,112000.0,2025-04-01
139456583,32026,,319588.49,2025-04-01
139455207,52025,,274000.0,2025-04-01
139463198,102025,,288340.11,2025-04-01
139443778,42025,,319000.0,2025-04-01
139439652,32026,,421544.97,2025-04-01
139449724,22026,,527432.33,2025-04-01
139454890,72025,,104000.0,2025-04-01
139464756,92025,,141764.62,2025-04-01
139463894,52025,,341000.0,2025-04-01
139441871,122025,,731225.58,2025-04-01
139451671,82025,,246684.66,2025-04-01
139457904,92025,,486280.87,2025-04-01
139442482,12026,,364328.24,2025-04-01
139467790,12026,,93540.31,2025-04-01
139465406,42025,,661000.0,2025-04-01
139439513,12026,,321834.38,2025-04-01
139459331,42025,,150000.0,2025-04-01
139457077,92025,,357585.77,2025-04-01
139461373,52025,,20000.0,2025-04-01
139447874,32025,,193000.0,2025-04-01
139458470,122025,,198004.53,2025-04-01
139441315,122025,,300757.84,2025-04-01
139454635,32025,,974000.0,2025-04-01
139465476,12026,,369971.91,2025-04-01
139463005,12025,,184000.0,2025-04-01
139443309,22026,,177639.75,2025-04-01
139466810,102025,,993907.85,2025-04-01
139456595,72025,,240000.0,2025-04-01
139442423,122025,,481452.04,2025-04-01
139462269,62025,,126000.0,2025-04-01
139459579,22026,,316245.65,2025-04-01
139439154,92025,,273748.34,2025-04-01
139455408,92025,,182083.02,2025-04-01
139447631,82025,,250956.45,2025-04-01
139453500,112025,,131280.81,2025-04-01
139450514,102025,,595470.7,2025-04-01
139454248,22025,,450000.0,2025-04-01
139460178,12025,,364000.0,2025-04-01
139443149,82025,,190829.7,2025-04-01
139443886,12026,,266947.63,2025-04-01
139455839,32025,,72000.0,2025-04-01
139435997,62025,,346000.0,2025-04-01
139444334,42025,,296000.0,2025-04-01
139458831,22026,,295222.06,2025-04-01
139451170,12026,,403063.65,2025-04-01
139457166,12025,,325000.0,2025-04-01
139462392,22025,,198000.0,2025-04-01
139446464,112025,,555054.96,2025-04-01
139440937,22026,,573424.19,2025-04-01
139464969,102025,,221911.08,2025-04-01
139462318,12026,,354092.54,2025-04-01
139444189,32026,,217512.94,2025-04-01
139462821,42025,,373000.0,2025-04-01
139462298,112025,,360674.07,2025-04-01
139438895,82025,,487000.0,2025-04-01
139457251,22025,,425000.0,2025-04-01
139452140,22026,,705904.45,2025-04-01
139464483,102025,,390971.94,2025-04-01
139454210,32025,,127000.0,2025-04-01
139458047,82025,,146109.35,2025-04-01
139452135,112025,,159278.37,2025-04-01
139457938,32026,,118186.47,2025-04-01
139452483,22025,,267000.0,2025-04-01
139447951,62025,,190000.0,2025-04-01
139437718,52025,,263000.0,2025-04-01
139445355,92025,,274013.85,2025-04-01
139453571,92025,,185638.01,2025-04-01
139468319,72025,,214000.0,2025-04-01
139466617,32026,,139559.15,2025-04-01
139461856,72025,,68000.0,2025-04-01
139461497,82025,,482902.05,2025-04-01
139446939,32026,,758488.14,2025-04-01
139466377,72025,,312000.0,2025-04-01
139456339,32026,,383856.58,2025-04-01
139447097,12026,,98978.18,2025-04-01
139463047,12025,,159000.0,2025-04-01
139461931,102025,,470599.77,2025-04-01
139437334,42025,,338000.0,2025-04-01
139463977,22026,,286642.31,2025-04-01
139456863,42025,,198000.0,2025-04-01
139461611,32025,,844000.0,2025-04-01
139443477,42025,,774000.0,2025-04-01
139455000,72025,,333919.49,2025-04-01
139469745,122025,,267955.17,2025-04-01
139436093,102025,,231173.74,2025-04-01
139447240,62025,,159000.0,2025-04-01
139460179,12025,,84000.0,2025-04-01
139461458,92025,,348619.63,2025-04-01
139465560,122025,,178336.16,2025-04-01
139465929,32025,,222000.0,2025-04-01
139463331,102025,,370890.36,2025-04-01
139456443,92025,,198744.18,2025-04-01
139442293,12025,,680000.0,2025-04-01
139453190,22025,,795000.0,2025-04-01
139459293,62025,,347000.0,2025-04-01
139466723,92025,,188565.76,2025-04-01
139460060,102025,,59165.15,2025-04-01
139466279,122025,,226075.65,2025-04-01
139470058,32025,,399000.0,2025-04-01
139450261,92025,,453935.39,2025-04-01
139458633,92025,,571162.21,2025-04-01
139455398,102025,,406602.92,2025-04-01
139439547,32026,,474139.36,2025-04-01
139438446,32025,,94000.0,2025-04-01
139437349,22025,,302000.0,2025-04-01
139452051,112025,,345595.53,2025-04-01
139462034,122025,,310869.91,2025-04-01
139445425,32025,,359000.0,2025-04-01
139465019,52025,,241000.0,2025-04-01
139460418,102025,,101169.71,2025-04-01
139445332,62025,,315000.0,2025-04-01
139447645,72025,,153120.08,2025-04-01
139445577,62025,,84000.0,2025-04-01
139436878,12026,,460149.72,2025-04-01
139436799,12026,,79167.61,2025-04-01
139467728,62025,,234000.0,2025-04-01
139440004,62025,,261000.0,2025-04-01
139447135,72025,,187000.0,2025-04-01
139463854,12025,,144000.0,2025-04-01
139458895,42025,,322000.0,2025-04-01
139456012,62025,,299000.0,2025-04-01
139443282,82025,,375618.77,2025-04-01
139440700,22025,,395000.0,2025-04-01
139463250,62025,,330000.0,2025-04-01
139443387,22025,,76000.0,2025-04-01
139442597,42025,,375000.0,2025-04-01
139440443,32025,,140000.0,2025-04-01
139446842,82025,,182000.0,2025-04-01
139451647,12026,,365041.99,2025-04-01
139445508,62025,,798454.67,2025-04-01
139459337,112025,,279250.23,2025-04-01
139462515,122025,,259559.46,2025-04-01
139445316,12025,,587000.0,2025-04-01
139468101,92025,,725191.02,2025-04-01
139439116,92025,,202314.87,2025-04-01
139460999,22026,,469094.85,2025-04-01
139465764,42025,,639000.0,2025-04-01
139457123,92025,,245830.13,2025-04-01
139464514,102025,,791364.92,2025-04-01
139444713,92025,,153937.11,2025-04-01
139461362,12026,,293393.91,2025-04-01
139459441,82025,,282728.87,2025-04-01
139451802,102025,,52897.47,2025-04-01
139441170,42025,,508000.0,2025-04-01
139467962,22025,,214000.0,2025-04-01
139463788,62025,,233000.0,2025-04-01
139445886,22025,,539000.0,2025-04-01
139458434,12025,,646000.0,2025-04-01
139436181,102025,,113973.04,2025-04-01
139455690,122025,,553437.89,2025-04-01
139440469,32026,,886080.03,2025-04-01
139460157,62025,,497000.0,2025-04-01
139468352,122025,,303628.56,2025-04-01
139449505,22026,,1078644.68,2025-04-01
139463490,112025,,386763.67,2025-04-01
139453557,102025,,132809.43,2025-04-01
139436343,112025,,178162.25,2025-04-01
139440206,52025,,388000.0,2025-04-01
139440434,12025,,492000.0,2025-04-01
139457890,122025,,158171.54,2025-04-01
139465010,62025,,265000.0,2025-04-01
139439927,42025,,689000.0,2025-04-01
139448152,102025,,656986.72,2025-04-01
139443600,22026,,323003.91,2025-04-01
139436522,52025,,447000.0,2025-04-01
139455281,22026,,342273.39,2025-04-01
139470149,122025,,134539.31,2025-04-01
139451382,12026,,796824.97,2025-04-01
139465151,62025,,345000.0,2025-04-01
139439042,122025,,792191.83,2025-04-01
139462247,22026,,318988.85,2025-04-01
139456283,12026,,289980.52,2025-04-01
139439718,92025,,333445.81,2025-04-01
139435973,72025,,70000.0,2025-04-01
139466981,102025,,248856.45,2025-04-01
139456076,122025,,172904.96,2025-04-01
139436006,112025,,257271.94,2025-04-01
139447956,82025,,316116.37,2025-04-01
139456068,62025,,561000.0,2025-04-01
139444385,12026,,155812.69,2025-04-01
139465289,122025,,437214.73,2025-04-01
139446284,52025,,348000.0,2025-04-01
139451961,112025,,143507.6,2025-04-01
139441736,112025,,308208.2,2025-04-01
139456370,82025,,783026.6,2025-04-01
139443902,12026,,318956.72,2025-04-01
139461732,72025,,137000.0,2025-04-01
139456888,12025,,301000.0,2025-04-01
139442328,82025,,97554.55,2025-04-01
139436068,92025,,265104.76,2025-04-01
139459045,52025,,157000.0,2025-04-01
139464590,122025,,444043.69,2025-04-01
139442614,22025,,184000.0,2025-04-01
139444628,32025,,179000.0,2025-04-01
139468309,122025,,64368.56,2025-04-01
139458976,62025,,201000.0,2025-04-01
139459458,52025,,148000.0,2025-04-01
139438929,112025,,774220.31,2025-04-01
139437429,122025,,70515.63,2025-04-01
139470165,122025,,303088.8,2025-04-01
139458400,92025,,123857.91,2025-04-01
139469931,102025,,292767.93,2025-04-01
139465071,12025,,350000.0,2025-04-01
139459868,12026,,288150.37,2025-04-01
139461336,22026,,148121.66,2025-04-01
139442809,62025,,427000.0,2025-04-01
139448313,22026,,233240.33,2025-04-01
139455883,92025,,134098.68,2025-04-01
139468387,62025,,250000.0,2025-04-01
139443807,122025,,487190.21,2025-04-01
139439661,102025,,95984.17,2025-04-01
139460670,42025,,299000.0,2025-04-01
139455538,112025,,133010.42,2025-04-01
139463478,22025,,243000.0,2025-04-01
139463247,122025,,135705.16,2025-04-01
139455676,122025,,394463.92,2025-04-01
139466783,32025,,415000.0,2025-04-01
139452644,112025,,282443.83,2025-04-01
139449337,72025,,65186.02,2025-04-01
139447337,12026,,789030.92,2025-04-01
139462832,22025,,263000.0,2025-04-01
139462477,112025,,384122.69,2025-04-01
139459446,42025,,318000.0,2025-04-01
139442081,122025,,258334.82,2025-04-01
139466733,72025,,397441.64,2025-04-01
139445964,22026,,177306.27,2025-04-01
139456342,82025,,226089.21,2025-04-01
139436004,12026,,489865.79,2025-04-01
139467033,12025,,370000.0,2025-04-01
139469632,62025,,228000.0,2025-04-01
139442869,12025,,598000.0,2025-04-01
139446946,32026,,72935.66,2025-04-01
139438811,32026,,308012.65,2025-04-01
139449801,22026,,533895.24,2025-04-01
139458604,52025,,151000.0,2025-04-01
139446979,12026,,400024.68,2025-04-01
139439268,22025,,698000.0,2025-04-01
139445566,72025,,101000.0,2025-04-01
139467334,122025,,381425.61,2025-04-01
139452874,102025,,229995.85,2025-04-01
139452197,52025,,547000.0,2025-04-01
139462081,72025,,746000.0,2025-04-01
139443461,22025,,526000.0,2025-04-01
139465997,122025,,135127.94,2025-04-01
139449867,32026,,163423.6,2025-04-01
139446948,22025,,62000.0,2025-04-01
139465183,82025,,313114.68,2025-04-01
139452029,72025,,260605.02,2025-04-01
139461171,12026,,762721.1,2025-04-01
139447825,12025,,245000.0,2025-04-01
139464010,112025,,669642.59,2025-04-01
139464570,12026,,304795.18,2025-04-01
139452195,102025,,162516.59,2025-04-01
139459020,112025,,246852.81,2025-04-01
139461324,12025,,390000.0,2025-04-01
139436393,72025,,358000.0,2025-04-01
139447633,22026,,382093.5,2025-04-01
139435932,12025,,413000.0,2025-04-01
139450638,52025,,798000.0,2025-04-01
139447971,22025,,295000.0,2025-04-01
139440249,12026,,167863.25,2025-04-01
139442793,22025,,224000.0,2025-04-01
139454188,12025,,352000.0,2025-04-01
139453092,112025,,596994.58,2025-04-01
139446264,32025,,189000.0,2025-04-01
139455041,52025,,166000.0,2025-04-01
139462927,92025,,123128.67,2025-04-01
139467846,32025,,499000.0,2025-04-01
139438833,62025,,110000.0,2025-04-01
139468355,122025,,304852.88,2025-04-01
139458946,102025,,265724.08,2025-04-01
139458895,32026,,312416.82,2025-04-01
139439956,72025,,124176.52,2025-04-01
139441426,22026,,422774.07,2025-04-01
139466534,22025,,180000.0,2025-04-01
139435596,82025,,58482.62,2025-04-01
139440734,112025,,306136.58,2025-04-01
139447313,12025,,323000.0,2025-04-01
139446090,82025,,351574.19,2025-04-01
139456964,82025,,292165.96,2025-04-01
139454872,32025,,125000.0,2025-04-01
139465306,82025,,415687.97,2025-04-01
139454069,12025,,388000.0,2025-04-01
139450017,72025,,130414.64,2025-04-01
139454923,62025,,400000.0,2025-04-01
139437956,12026,,215353.74,2025-04-01
139438747,12025,,199000.0,2025-04-01
139467180,62025,,179000.0,2025-04-01
139461423,82025,,404000.0,2025-04-01
139458084,42025,,416000.0,2025-04-01
139438957,32025,,563000.0,2025-04-01
139459095,62025,,604000.0,2025-04-01
139463594,22026,,272568.9,2025-04-01
139460629,22026,,370530.57,2025-04-01
139446116,92025,,74348.58,2025-04-01
139454920,92025,,351567.44,2025-04-01
139449529,22025,,728000.0,2025-04-01
139456677,52025,,309000.0,2025-04-01
139448236,72025,,163000.0,2025-04-01
139455882,92025,,789140.28,2025-04-01
139462591,32025,,108000.0,2025-04-01
139457815,12025,,701000.0,2025-04-01
139450962,62025,,284000.0,2025-04-01
139452123,52025,,179000.0,2025-04-01
139455585,112025,,272616.61,2025-04-01
139470089,12026,,229392.66,2025-04-01
139463742,22026,,54288.44,2025-04-01
139457770,32026,,119522.66,2025-04-01
139464922,12025,,286000.0,2025-04-01
139456534,72025,,92276.17,2025-04-01
139463503,92025,,473412.08,2025-04-01
139439071,22025,,214000.0,2025-04-01
139453766,82025,,562719.82,2025-04-01
139459405,122025,,234770.83,2025-04-01
139454921,122025,,1017289.84,2025-04-01
139460197,62025,,407000.0,2025-04-01
139458910,22026,,185413.55,2025-04-01
139462868,82025,,240553.9,2025-04-01
139439527,12026,,123727.79,2025-04-01
139455050,52025,,745000.0,2025-04-01
139468299,122025,,108216.83,2025-04-01
139438138,52025,,623000.0,2025-04-01
139441729,122025,,320403.49,2025-04-01
139462999,102025,,366837.58,2025-04-01
139450251,62025,,271000.0,2025-04-01
139445557,12026,,104699.61,2025-04-01
139460907,82025,,163888.84,2025-04-01
139439666,42025,,1030000.0,2025-04-01
139464099,72025,,534000.0,2025-04-01
139456390,102025,,169988.76,2025-04-01
139468342,92025,,237857.19,2025-04-01
139438013,32026,,353679.05,2025-04-01
139456811,122025,,237442.15,2025-04-01
139451339,92025,,399855.7,2025-04-01
139452422,122025,,526586.47,2025-04-01
139440802,82025,,270790.12,2025-04-01
139448747,102025,,147040.26,2025-04-01
139443815,32025,,150000.0,2025-04-01
139462189,22025,,251000.0,2025-04-01
139442771,112025,,773434.63,2025-04-01
139469419,112025,,177963.35,2025-04-01
139440318,12025,,402000.0,2025-04-01
139440860,12025,,451000.0,2025-04-01
139460609,92025,,252646.17,2025-04-01
139439065,32026,,173755.23,2025-04-01
139442871,12026,,103312.12,2025-04-01
139439854,42025,,149000.0,2025-04-01
139457914,32026,,613191.86,2025-04-01
139463776,112025,,333191.85,2025-04-01
139439035,32026,,98657.59,2025-04-01
139467543,12026,,759986.01,2025-04-01
139456846,62025,,597000.0,2025-04-01
139468772,102025,,115825.23,2025-04-01
139448768,22025,,393000.0,2025-04-01
139462184,32025,,127000.0,2025-04-01
139457872,32025,,633000.0,2025-04-01
139459950,122025,,329935.83,2025-04-01
139460480,32025,,351000.0,2025-04-01
139437016,122025,,180615.56,2025-04-01
139457373,62025,,100177.99,2025-04-01
139462995,72025,,562000.0,2025-04-01
139448276,122025,,599517.21,2025-04-01
139447311,102025,,465123.36,2025-04-01
139464813,92025,,968072.76,2025-04-01
139454275,72025,,710000.0,2025-04-01
139461237,72025,,370000.0,2025-04-01
139451008,42025,,398000.0,2025-04-01
139458057,62025,,175246.9,2025-04-01
139440568,22025,,330000.0,2025-04-01
139447069,52025,,537000.0,2025-04-01
139451483,92025,,317468.82,2025-04-01
139464920,92025,,731201.31,2025-04-01
139457094,62025,,124000.0,2025-04-01
139452524,92025,,894527.4,2025-04-01
139452335,12026,,206542.67,2025-04-01
139452441,22025,,165000.0,2025-04-01
139460425,22026,,156436.89,2025-04-01
139461719,92025,,390629.82,2025-04-01
139442434,32025,,409000.0,2025-04-01
139455723,32025,,150000.0,2025-04-01
139465053,102025,,208396.83,2025-04-01
139461369,52025,,598000.0,2025-04-01
139468209,92025,,418913.63,2025-04-01
139469399,32026,,202781.31,2025-04-01
139464717,32026,,130571.43,2025-04-01
139440093,22026,,776505.23,2025-04-01
139468533,112025,,414747.93,2025-04-01
139455115,82025,,525999.14,2025-04-01
139466720,32025,,410000.0,2025-04-01
139463745,32025,,389000.0,2025-04-01
139435705,12025,,310000.0,2025-04-01
139449811,92025,,163498.09,2025-04-01
139436395,52025,,142000.0,2025-04-01
139457092,12025,,99000.0,2025-04-01
139449228,42025,,796000.0,2025-04-01
139444691,112025,,775726.49,2025-04-01
139455557,72025,,138000.0,2025-04-01
139449069,22026,,276741.34,2025-04-01
139440744,92025,,233193.63,2025-04-01
139459240,72025,,292000.0,2025-04-01
139462260,52025,,234000.0,2025-04-01
139436201,32026,,449173.76,2025-04-01
139453370,12025,,242000.0,2025-04-01
139443405,12026,,283886.18,2025-04-01
139465645,22025,,207000.0,2025-04-01
139455852,122025,,208002.77,2025-04-01
139444732,42025,,426000.0,2025-04-01
139455551,32026,,198201.25,2025-04-01
139458197,22026,,287165.95,2025-04-01
139447608,72025,,73000.0,2025-04-01
139446328,92025,,251848.36,2025-04-01
139464261,42025,,181000.0,2025-04-01
139469214,52025,,669000.0,2025-04-01
139466690,32026,,276265.66,2025-04-01
139448035,122025,,70015.76,2025-04-01
139451728,72025,,74000.0,2025-04-01
139454377,62025,,664000.0,2025-04-01
139445065,22025,,522000.0,2025-04-01
139468971,32026,,89513.88,2025-04-01
139455950,22026,,504449.68,2025-04-01
139467532,92025,,473224.16,2025-04-01
139453427,22025,,139000.0,2025-04-01
139462660,82025,,169031.28,2025-04-01
139464782,42025,,640000.0,2025-04-01
139460614,62025,,350000.0,2025-04-01
139454548,22026,,312096.18,2025-04-01
139445917,12026,,209318.07,2025-04-01
139441768,112025,,120346.89,2025-04-01
139455446,112025,,178963.0,2025-04-01
139450397,92025,,265875.99,2025-04-01
139465765,122025,,651557.99,2025-04-01
139435618,32025,,465000.0,2025-04-01
139460462,102025,,267632.23,2025-04-01
139448381,72025,,115000.0,2025-04-01
139463834,22025,,630000.0,2025-04-01
139466083,12025,,255000.0,2025-04-01
139437934,62025,,437000.0,2025-04-01
139455642,112025,,784950.45,2025-04-01
139446530,122025,,304984.62,2025-04-01
139449184,62025,,273000.0,2025-04-01
139438584,102025,,223057.28,2025-04-01
139451701,12025,,639000.0,2025-04-01
139435943,92025,,483021.04,2025-04-01
139469595,12025,,804000.0,2025-04-01
139461070,72025,,127709.33,2025-04-01
139454407,22025,,299000.0,2025-04-01
139444775,32025,,201000.0,2025-04-01
139448434,22025,,364000.0,2025-04-01
139442646,32025,,769000.0,2025-04-01
139457385,92025,,327508.44,2025-04-01
139438173,82025,,705054.99,2025-04-01
139452836,72025,,270000.0,2025-04-01
139446552,32025,,423000.0,2025-04-01
139453495,112025,,714474.6,2025-04-01
139461885,42025,,431000.0,2025-04-01
139469544,122025,,230744.09,2025-04-01
139441629,92025,,385339.4,2025-04-01
139459505,62025,,197000.0,2025-04-01
139443214,12025,,274000.0,2025-04-01
139461681,42025,,299000.0,2025-04-01
139442887,92025,,0.0,2025-04-01
139463612,42025,,183000.0,2025-04-01
139454733,82025,,136696.38,2025-04-01
139450459,52025,,488000.0,2025-04-01
139444355,22026,,393945.81,2025-04-01
139439791,112025,,255013.35,2025-04-01
139459199,112025,,135178.6,2025-04-01
139452481,42025,,189000.0,2025-04-01
139437421,42025,,120000.0,2025-04-01
139467011,22025,,215000.0,2025-04-01
139454431,122025,,221299.59,2025-04-01
139448721,32025,,195000.0,2025-04-01
139441640,12026,,373971.49,2025-04-01
139435872,122025,,386539.76,2025-04-01
139445265,22026,,473230.88,2025-04-01
139449257,22025,,375000.0,2025-04-01
139447986,112025,,460378.3,2025-04-01
139461083,92025,,745448.49,2025-04-01
139464638,22026,,96560.61,2025-04-01
139435955,102025,,192682.92,2025-04-01
139454057,112025,,550916.77,2025-04-01
139446038,42025,,99000.0,2025-04-01
139438173,42025,,707614.16,2025-04-01
139465398,122025,,131402.74,2025-04-01
139456868,92025,,168713.67,2025-04-01
139444433,52025,,284000.0,2025-04-01
139435923,42025,,397000.0,2025-04-01
139463568,32025,,298000.0,2025-04-01
139446797,72025,,378000.0,2025-04-01
139467859,22025,,234000.0,2025-04-01
139453677,32025,,804000.0,2025-04-01
139437050,72025,,552780.94,2025-04-01
139464542,22026,,401337.7,2025-04-01
139448186,32026,,296258.51,2025-04-01
139442187,12025,,280000.0,2025-04-01
139448409,32025,,602000.0,2025-04-01
139437738,122025,,554790.7,2025-04-01
139461421,62025,,217000.0,2025-04-01
139463874,52025,,114000.0,2025-04-01
139466065,52025,,96000.0,2025-04-01
139461374,22026,,351792.41,2025-04-01
139463891,102025,,602563.77,2025-04-01
139450862,22026,,710157.81,2025-04-01
139445413,32025,,150000.0,2025-04-01
139444813,32025,,486000.0,2025-04-01
139469838,92025,,455274.01,2025-04-01
139443401,112025,,90123.02,2025-04-01
139435955,32025,,212000.0,2025-04-01
139436107,42025,,488000.0,2025-04-01
139446989,112025,,366721.49,2025-04-01
139439549,102025,,176769.39,2025-04-01
139441597,112025,,289825.1,2025-04-01
139439728,32026,,218236.92,2025-04-01
139437889,12025,,424000.0,2025-04-01
139461575,22025,,73000.0,2025-04-01
139469209,92025,,218375.37,2025-04-01
139437953,32026,,269469.17,2025-04-01
139467035,32026,,0.0,2025-04-01
139459433,122025,,419220.41,2025-04-01
139448710,122025,,227429.17,2025-04-01
139460175,102025,,124078.67,2025-04-01
139438601,22026,,83893.37,2025-04-01
139465904,72025,,242000.0,2025-04-01
139437156,92025,,244515.76,2025-04-01
139449840,32026,,255680.9,2025-04-01
139446323,22025,,213000.0,2025-04-01
139468513,32026,,320863.46,2025-04-01
139437108,82025,,295118.67,2025-04-01
139450932,42025,,341000.0,2025-04-01
139463757,12026,,163283.17,2025-04-01
139441302,122025,,74353.38,2025-04-01
139448491,82025,,185905.87,2025-04-01
139455181,82025,,380617.73,2025-04-01
139454395,52025,,196000.0,2025-04-01
139460219,42025,,74000.0,2025-04-01
139450059,122025,,266779.15,2025-04-01
139464655,82025,,84397.59,2025-04-01
139440572,32025,,286000.0,2025-04-01
139459165,42025,,199000.0,2025-04-01
139443472,42025,,146000.0,2025-04-01
139448208,12025,,547000.0,2025-04-01
139440108,12026,,383061.14,2025-04-01
139435707,102025,,138940.74,2025-04-01
139443549,32025,,135000.0,2025-04-01
139447720,62025,,227000.0,2025-04-01
139461405,62025,,179000.0,2025-04-01
139468240,112025,,392681.15,2025-04-01
139444268,82025,,205153.16,2025-04-01
139454312,92025,,786935.8,2025-04-01
139462315,122025,,540558.27,2025-04-01
139451387,92025,,318083.87,2025-04-01
139464179,32025,,116000.0,2025-04-01
139467033,122025,,365636.39,2025-04-01
139444265,42025,,501000.0,2025-04-01
139439622,22025,,138000.0,2025-04-01
139469719,12025,,208000.0,2025-04-01
139440041,52025,,519000.0,2025-04-01
139451509,72025,,468000.0,2025-04-01
139437881,52025,,329000.0,2025-04-01
139447927,102025,,230329.75,2025-04-01
139453922,32026,,147887.03,2025-04-01
139452638,92025,,376772.27,2025-04-01
139467814,92025,,296652.16,2025-04-01
139469873,22026,,262786.62,2025-04-01
139449149,42025,,549000.0,2025-04-01
139435944,12026,,797269.65,2025-04-01
139461437,52025,,668000.0,2025-04-01
139455676,22025,,400000.0,2025-04-01
139453492,92025,,474783.36,2025-04-01
139438446,102025,,92357.29,2025-04-01
139438828,12025,,192000.0,2025-04-01
139447071,12025,,415000.0,2025-04-01
139440220,12026,,164908.28,2025-04-01
139458796,102025,,216616.26,2025-04-01
139452508,82025,,393000.0,2025-04-01
139468120,22025,,91000.0,2025-04-01
139464623,82025,,221000.0,2025-04-01
139455581,82025,,108265.5,2025-04-01
139444908,62025,,357000.0,2025-04-01
139449698,12026,,0.0,2025-04-01
139452178,82025,,98667.08,2025-04-01
139446413,102025,,47990.4,2025-04-01
139448265,112025,,329504.08,2025-04-01
139451189,72025,,569000.0,2025-04-01
139469247,82025,,308818.02,2025-04-01
139436334,22025,,250000.0,2025-04-01
139443850,12025,,178000.0,2025-04-01
139450386,62025,,487000.0,2025-04-01
139453233,92025,,356379.02,2025-04-01
139459699,92025,,191147.7,2025-04-01
139458011,22026,,271347.18,2025-04-01
139442035,72025,,93000.0,2025-04-01
139442531,62025,,453000.0,2025-04-01
139468341,82025,,110882.63,2025-04-01
139442429,62025,,162000.0,2025-04-01
139464146,22025,,440000.0,2025-04-01
139459562,12026,,415304.15,2025-04-01
139452149,22025,,287000.0,2025-04-01
139465915,112025,,312284.3,2025-04-01
139440294,42025,,300000.0,2025-04-01
139463813,52025,,210000.0,2025-04-01
139444472,32026,,253847.54,2025-04-01
139449944,72025,,658000.0,2025-04-01
139443114,22025,,286000.0,2025-04-01
139457886,22026,,191806.87,2025-04-01
139449302,72025,,291000.0,2025-04-01
139463393,22026,,197600.03,2025-04-01
139460787,22025,,259000.0,2025-04-01
139453610,42025,,375000.0,2025-04-01
139458420,12025,,133000.0,2025-04-01
139459315,102025,,194391.04,2025-04-01
139458396,42025,,482000.0,2025-04-01
139453601,82025,,248837.02,2025-04-01
139455271,62025,,171000.0,2025-04-01
139453356,92025,,621406.08,2025-04-01
139443446,42025,,241000.0,2025-04-01
139464296,82025,,495831.98,2025-04-01
139465470,92025,,437509.06,2025-04-01
139459791,122025,,395634.14,2025-04-01
139445806,102025,,376840.41,2025-04-01
139468193,22025,,165000.0,2025-04-01
139461207,22025,,233000.0,2025-04-01
139460062,52025,,339000.0,2025-04-01
139450795,12026,,182005.3,2025-04-01
139458765,32025,,364000.0,2025-04-01
139458645,122025,,98655.1,2025-04-01
139457671,12025,,425000.0,2025-04-01
139454202,12026,,277363.99,2025-04-01
139436629,82025,,453136.69,2025-04-01
139441237,32026,,474677.26,2025-04-01
139459410,62025,,282000.0,2025-04-01
139454907,82025,,655458.27,2025-04-01
139441251,112025,,242786.6,2025-04-01
139466337,92025,,99295.56,2025-04-01
139448179,32026,,0.0,2025-04-01
139467045,72025,,117000.0,2025-04-01
139441609,22026,,79606.58,2025-04-01
139451261,82025,,894842.75,2025-04-01
139460770,42025,,256000.0,2025-04-01
139454488,22026,,157229.4,2025-04-01
139457166,82025,,322859.9,2025-04-01
139437276,22026,,133153.54,2025-04-01
139469515,12026,,268191.93,2025-04-01
139446905,42025,,298000.0,2025-04-01
139452579,22026,,179710.44,2025-04-01
139442653,82025,,222844.79,2025-04-01
139450380,102025,,248019.55,2025-04-01
139457010,62025,,105841.52,2025-04-01
139454506,122025,,79973.19,2025-04-01
139441459,72025,,410000.0,2025-04-01
139452074,22025,,389000.0,2025-04-01
139442102,102025,,268735.03,2025-04-01
139454336,32026,,113131.44,2025-04-01
139437255,32025,,120000.0,2025-04-01
139457283,32025,,413000.0,2025-04-01
139452622,32026,,197727.73,2025-04-01
139442477,102025,,190629.22,2025-04-01
139464735,82025,,566333.81,2025-04-01
139456804,62025,,186000.0,2025-04-01
139452372,112025,,276435.79,2025-04-01
139440306,92025,,268158.34,2025-04-01
139467695,22026,,280632.54,2025-04-01
139437365,12025,,251000.0,2025-04-01
139464970,112025,,220104.64,2025-04-01
139469330,102025,,49390.54,2025-04-01
139467320,42025,,549000.0,2025-04-01
139444444,12025,,122000.0,2025-04-01
139446468,122025,,318863.74,2025-04-01
139463386,52025,,392000.0,2025-04-01
139461913,12026,,529940.5,2025-04-01
139450391,32026,,109277.67,2025-04-01
139469868,22026,,335477.41,2025-04-01
139457020,52025,,205000.0,2025-04-01
139444412,32026,,275807.55,2025-04-01
139462803,42025,,100000.0,2025-04-01
139440959,82025,,270407.57,2025-04-01
139465497,32026,,150022.0,2025-04-01
139462192,22026,,153403.1,2025-04-01
139442243,22025,,290000.0,2025-04-01
139436073,102025,,320998.55,2025-04-01
139458306,12026,,484846.59,2025-04-01
139451470,52025,,199000.0,2025-04-01
139448715,32025,,120000.0,2025-04-01
139443519,112025,,193416.93,2025-04-01
139454383,52025,,138000.0,2025-04-01
139460290,102025,,612274.63,2025-04-01
139449234,22025,,136000.0,2025-04-01
139444508,72025,,776700.1,2025-04-01
139441322,72025,,216944.21,2025-04-01
139449816,42025,,736000.0,2025-04-01
139466247,12025,,188000.0,2025-04-01
139441648,32025,,517000.0,2025-04-01
139466614,102025,,523827.8,2025-04-01
139456984,12025,,384000.0,2025-04-01
139444184,52025,,214000.0,2025-04-01
139462218,62025,,298000.0,2025-04-01
139441981,22026,,183348.35,2025-04-01
139468243,12025,,429000.0,2025-04-01
139446723,112025,,194006.18,2025-04-01
139449804,22026,,500280.28,2025-04-01
139468226,32026,,107211.03,2025-04-01
139464859,82025,,199140.71,2025-04-01
139443446,92025,,237768.52,2025-04-01
139454156,22025,,150000.0,2025-04-01
139454065,52025,,398000.0,2025-04-01
139455433,82025,,324335.69,2025-04-01
139441934,22026,,523573.54,2025-04-01
139456574,22025,,317000.0,2025-04-01
139467277,72025,,66000.0,2025-04-01
139454100,72025,,209000.0,2025-04-01
139455970,112025,,336112.6,2025-04-01
139454737,102025,,282784.48,2025-04-01
139444105,32025,,718000.0,2025-04-01
139465852,52025,,263000.0,2025-04-01
139466295,22025,,423000.0,2025-04-01
139448028,42025,,279000.0,2025-04-01
139455700,12025,,181000.0,2025-04-01
139444085,12025,,158000.0,2025-04-01
139465408,102025,,584002.91,2025-04-01
139436808,102025,,262100.23,2025-04-01
139450679,122025,,792269.46,2025-04-01
139444611,62025,,112000.0,2025-04-01
139445053,52025,,375000.0,2025-04-01
139447854,32026,,156669.95,2025-04-01
139445496,72025,,374240.85,2025-04-01
139458876,42025,,597000.0,2025-04-01
139445410,102025,,223345.09,2025-04-01
139444012,42025,,159000.0,2025-04-01
139456561,72025,,91000.0,2025-04-01
139453184,32026,,443255.28,2025-04-01
139451967,52025,,411000.0,2025-04-01
139447558,22026,,208793.42,2025-04-01
139451721,12026,,343643.52,2025-04-01
139438367,122025,,395555.83,2025-04-01
139451339,42025,,402000.0,2025-04-01
139463720,122025,,124274.79,2025-04-01
139465966,62025,,198000.0,2025-04-01
139466032,122025,,369683.66,2025-04-01
139446231,32026,,313443.05,2025-04-01
139461856,32025,,69000.0,2025-04-01
139437872,62025,,504000.0,2025-04-01
139450953,42025,,523000.0,2025-04-01
139460302,62025,,800000.0,2025-04-01
139467513,32025,,580000.0,2025-04-01
139448046,12026,,313282.23,2025-04-01
139441091,82025,,586057.24,2025-04-01
139447607,102025,,312011.74,2025-04-01
139450275,42025,,288000.0,2025-04-01
139456827,52025,,271000.0,2025-04-01
139461593,42025,,311000.0,2025-04-01
139440509,62025,,251000.0,2025-04-01
139448128,102025,,70349.79,2025-04-01
139461562,42025,,274000.0,2025-04-01
139452409,42025,,207000.0,2025-04-01
139442992,42025,,299000.0,2025-04-01
139435509,122025,,269104.81,2025-04-01
139439709,92025,,309311.38,2025-04-01
139449827,22026,,175804.73,2025-04-01
139438200,52025,,320000.0,2025-04-01
139444244,62025,,164000.0,2025-04-01
139450666,62025,,497000.0,2025-04-01
139465318,42025,,276000.0,2025-04-01
139461498,82025,,309930.84,2025-04-01
139463270,102025,,59933.37,2025-04-01
139453548,102025,,257771.7,2025-04-01
139458810,32025,,279000.0,2025-04-01
139453259,82025,,196015.51,2025-04-01
139445511,112025,,266418.17,2025-04-01
139447108,22025,,94000.0,2025-04-01
139466756,82025,,361000.0,2025-04-01
139459643,22026,,84397.05,2025-04-01
139441166,52025,,258000.0,2025-04-01
139437327,62025,,573000.0,2025-04-01
139469544,32025,,232000.0,2025-04-01
139459076,62025,,199000.0,2025-04-01
139447495,22026,,129526.93,2025-04-01
139442222,92025,,297735.34,2025-04-01
139445498,72025,,133148.57,2025-04-01
139435624,92025,,115287.49,2025-04-01
139455824,82025,,335000.0,2025-04-01
139436346,22025,,260000.0,2025-04-01
139435992,52025,,468000.0,2025-04-01
139466957,72025,,930000.0,2025-04-01
139445310,112025,,233429.14,2025-04-01
139447711,92025,,138943.14,2025-04-01
139448533,102025,,204443.1,2025-04-01
139440834,102025,,191298.86,2025-04-01
139465586,32025,,168000.0,2025-04-01
139466624,32025,,168000.0,2025-04-01
139438798,22026,,219462.25,2025-04-01
139451852,12025,,211000.0,2025-04-01
139438664,12025,,100000.0,2025-04-01
139442394,32025,,308000.0,2025-04-01
139462714,72025,,402000.0,2025-04-01
139436094,122025,,207901.69,2025-04-01
139443816,32026,,0.0,2025-04-01
139436655,82025,,400844.52,2025-04-01
139438650,22026,,189358.39,2025-04-01
139450857,52025,,338000.0,2025-04-01
139456787,32025,,265000.0,2025-04-01
139440937,72025,,579000.0,2025-04-01
139435586,12025,,420000.0,2025-04-01
139463545,122025,,86926.67,2025-04-01
139466395,52025,,365000.0,2025-04-01
139440121,72025,,226000.0,2025-04-01
139462852,102025,,590720.19,2025-04-01
139457131,22026,,351327.58,2025-04-01
139443883,52025,,265000.0,2025-04-01
139445408,122025,,316161.22,2025-04-01
139441815,22026,,123338.17,2025-04-01
139436022,112025,,225619.92,2025-04-01
139450497,22025,,93000.0,2025-04-01
139451684,42025,,285000.0,2025-04-01
139457606,22026,,330249.12,2025-04-01
139449556,32025,,619000.0,2025-04-01
139459785,12025,,598000.0,2025-04-01
139462135,92025,,492604.84,2025-04-01
139454620,12026,,548440.67,2025-04-01
139440784,12025,,432000.0,2025-04-01
139435745,92025,,346520.16,2025-04-01
139448428,112025,,337582.03,2025-04-01
139448078,32026,,200041.24,2025-04-01
139448666,112025,,343460.51,2025-04-01
139451237,52025,,615000.0,2025-04-01
139461088,72025,,290000.0,2025-04-01
139466638,62025,,768000.0,2025-04-01
139456269,122025,,324880.47,2025-04-01
139462095,22025,,160000.0,2025-04-01
139457821,32025,,101000.0,2025-04-01
139446965,22025,,99000.0,2025-04-01
139467153,22026,,333896.07,2025-04-01
139456231,42025,,260000.0,2025-04-01
139454573,72025,,76902.17,2025-04-01
139450727,42025,,350000.0,2025-04-01
139436229,22025,,100000.0,2025-04-01
139460005,22025,,612000.0,2025-04-01
139449181,32025,,70000.0,2025-04-01
139465340,22026,,296526.43,2025-04-01
139444138,42025,,800000.0,2025-04-01
139451883,92025,,184661.5,2025-04-01
139449077,122025,,205157.8,2025-04-01
139446001,122025,,297077.56,2025-04-01
139438388,12025,,199000.0,2025-04-01
139450831,112025,,624369.34,2025-04-01
139453710,12026,,162132.84,2025-04-01
139464631,112025,,784772.68,2025-04-01
139438420,102025,,331370.17,2025-04-01
139456463,12026,,239207.07,2025-04-01
139437435,82025,,152075.93,2025-04-01
139452607,92025,,654893.77,2025-04-01
139447048,62025,,533000.0,2025-04-01
139464835,102025,,347089.85,2025-04-01
139457655,102025,,158277.55,2025-04-01
139446964,62025,,592000.0,2025-04-01
139463961,82025,,150014.21,2025-04-01
139457380,42025,,69000.0,2025-04-01
139448950,12026,,146941.41,2025-04-01
139445691,122025,,289038.73,2025-04-01
139460245,112025,,297154.02,2025-04-01
139468499,112025,,321069.32,2025-04-01
139464529,112025,,194925.59,2025-04-01
139447435,52025,,313000.0,2025-04-01
139445009,92025,,130047.85,2025-04-01
139451825,22026,,123784.2,2025-04-01
139441749,12025,,700000.0,2025-04-01
139449053,122025,,434474.2,2025-04-01
139446977,82025,,235222.41,2025-04-01
139467610,72025,,338000.0,2025-04-01
139436014,72025,,802000.0,2025-04-01
139442309,72025,,268898.74,2025-04-01
139467624,12025,,524000.0,2025-04-01
139450600,62025,,540000.0,2025-04-01
139458578,12025,,97000.0,2025-04-01
139445567,112025,,200659.43,2025-04-01
139453475,102025,,172856.43,2025-04-01
139459292,92025,,304281.98,2025-04-01
139442055,122025,,368370.23,2025-04-01
139460988,62025,,485000.0,2025-04-01
139465693,112025,,199695.42,2025-04-01
139453908,42025,,106000.0,2025-04-01
139451016,32026,,330417.41,2025-04-01
139459307,42025,,313000.0,2025-04-01
139458374,22026,,83807.46,2025-04-01
139463842,82025,,262381.79,2025-04-01
139461898,62025,,442000.0,2025-04-01
139440676,92025,,300121.58,2025-04-01
139450710,42025,,249000.0,2025-04-01
139453677,12026,,796025.5,2025-04-01
139440502,12025,,728000.0,2025-04-01
139455629,12026,,258723.65,2025-04-01
139443846,122025,,510554.42,2025-04-01
139459209,102025,,403266.93,2025-04-01
139451006,12026,,234564.66,2025-04-01
139437223,92025,,425337.88,2025-04-01
139440812,52025,,256000.0,2025-04-01
139447222,12025,,291000.0,2025-04-01
139455924,32025,,518000.0,2025-04-01
139450058,12025,,394000.0,2025-04-01
139468857,82025,,298897.36,2025-04-01
139457550,102025,,107481.4,2025-04-01
139444052,12026,,381164.88,2025-04-01
139465606,62025,,74000.0,2025-04-01
139450267,112025,,634895.95,2025-04-01
139438305,22025,,212000.0,2025-04-01
139435573,72025,,177000.0,2025-04-01
139445129,12025,,407000.0,2025-04-01
139454949,72025,,245000.0,2025-04-01
139465821,92025,,132556.28,2025-04-01
139465233,22025,,640000.0,2025-04-01
139436429,122025,,456425.93,2025-04-01
139464301,42025,,199000.0,2025-04-01
139444778,32025,,248000.0,2025-04-01
139456603,112025,,255821.88,2025-04-01
139452572,122025,,770738.22,2025-04-01
139459003,72025,,179000.0,2025-04-01
139438049,122025,,423473.04,2025-04-01
139441781,42025,,247000.0,2025-04-01
139450723,112025,,289104.53,2025-04-01
139436059,112025,,74800.15,2025-04-01
139464751,62025,,243304.05,2025-04-01
139436389,32026,,402416.11,2025-04-01
139446138,32026,,792348.07,2025-04-01
139456838,112025,,603748.29,2025-04-01
139466406,12026,,214513.98,2025-04-01
139442556,32026,,107778.58,2025-04-01
139454761,92025,,635388.42,2025-04-01
139437131,32025,,693000.0,2025-04-01
139448154,112025,,372381.98,2025-04-01
139452568,32026,,231942.29,2025-04-01
139468061,92025,,191421.53,2025-04-01
139448682,12025,,372000.0,2025-04-01
139449696,22025,,333000.0,2025-04-01
139468786,92025,,519155.69,2025-04-01
139450999,62025,,596000.0,2025-04-01
139457656,22026,,240038.06,2025-04-01
139438873,32026,,321913.11,2025-04-01
139466251,12026,,78102.71,2025-04-01
139442341,22025,,368000.0,2025-04-01
139448396,102025,,552645.59,2025-04-01
139437471,22026,,267410.48,2025-04-01
139440037,22025,,508000.0,2025-04-01
139458202,22026,,178292.08,2025-04-01
139462961,32026,,243992.19,2025-04-01
139455775,72025,,99000.0,2025-04-01
139462627,62025,,270000.0,2025-04-01
139455692,102025,,615818.38,2025-04-01
139442115,32025,,162000.0,2025-04-01
139440847,72025,,533822.69,2025-04-01
139447874,12026,,191039.36,2025-04-01
139456111,112025,,215163.03,2025-04-01
139451128,32025,,750000.0,2025-04-01
139467884,32026,,429202.7,2025-04-01
139438455,12026,,202676.54,2025-04-01
139436447,32026,,551942.52,2025-04-01
139463410,22025,,390000.0,2025-04-01
139467774,62025,,136000.0,2025-04-01
139447812,82025,,277335.54,2025-04-01
139445573,12025,,678000.0,2025-04-01
139457950,102025,,99031.76,2025-04-01
139466062,12025,,550000.0,2025-04-01
139457608,72025,,354729.93,2025-04-01
139440789,12025,,209000.0,2025-04-01
139437424,32026,,310313.52,2025-04-01
139443765,42025,,252000.0,2025-04-01
139449539,22026,,265701.61,2025-04-01
139464099,22025,,536000.0,2025-04-01
139460649,102025,,335576.61,2025-04-01
139449496,52025,,390000.0,2025-04-01
139447744,62025,,279000.0,2025-04-01
139452606,92025,,236211.43,2025-04-01
139469694,92025,,187716.91,2025-04-01
139460292,122025,,195444.35,2025-04-01
139454498,82025,,424211.37,2025-04-01
139449280,32026,,235601.71,2025-04-01
139453641,22025,,321000.0,2025-04-01
139457154,92025,,194050.62,2025-04-01
139456286,112025,,302121.87,2025-04-01
139450546,12026,,268239.96,2025-04-01
139440076,112025,,454952.71,2025-04-01
139436757,32025,,208000.0,2025-04-01
139458404,12025,,739000.0,2025-04-01
139449302,52025,,292000.0,2025-04-01
139457845,32026,,792898.61,2025-04-01
139460072,122025,,213008.26,2025-04-01
139446546,32026,,355619.0,2025-04-01
139452168,22026,,293957.78,2025-04-01
139440930,22026,,238473.85,2025-04-01
139464730,32026,,464120.55,2025-04-01
139453167,72025,,308000.0,2025-04-01
139446411,52025,,184000.0,2025-04-01
139453679,22025,,697000.0,2025-04-01
139447906,102025,,296522.71,2025-04-01
139467848,12025,,666000.0,2025-04-01
139445772,22026,,267571.41,2025-04-01
139465182,112025,,451958.93,2025-04-01
139450098,22025,,480000.0,2025-04-01
139440729,22025,,521000.0,2025-04-01
139453822,72025,,589331.59,2025-04-01
139442667,12026,,459994.74,2025-04-01
139455318,12026,,466620.15,2025-04-01
139461014,32025,,169000.0,2025-04-01
139465652,12025,,280000.0,2025-04-01
139469933,12026,,419349.38,2025-04-01
139460769,22025,,443000.0,2025-04-01
139438633,82025,,195582.37,2025-04-01
139451322,32026,,271816.0,2025-04-01
139440347,52025,,293000.0,2025-04-01
139448116,32026,,506072.07,2025-04-01
139454855,32026,,239656.73,2025-04-01
139467902,22025,,166000.0,2025-04-01
139447747,12025,,374000.0,2025-04-01
139451229,12025,,270000.0,2025-04-01
139455020,32026,,113558.95,2025-04-01
139462809,62025,,330000.0,2025-04-01
139460917,22026,,103584.82,2025-04-01
139444456,92025,,289979.45,2025-04-01
139461726,22026,,789996.32,2025-04-01
139443507,32025,,392000.0,2025-04-01
139458614,22025,,213000.0,2025-04-01
139452989,82025,,348051.26,2025-04-01
139456886,32025,,798000.0,2025-04-01
139460352,112025,,270890.11,2025-04-01
139468012,72025,,158915.79,2025-04-01
139447997,82025,,236000.0,2025-04-01
139448838,12026,,492252.27,2025-04-01
139443898,112025,,300887.83,2025-04-01
139461900,92025,,282596.56,2025-04-01
139439526,72025,,300347.26,2025-04-01
139470057,22025,,261000.0,2025-04-01
139452411,122025,,247684.08,2025-04-01
139447703,32025,,283000.0,2025-04-01
139468630,122025,,104001.34,2025-04-01
139438762,122025,,292842.37,2025-04-01
139460778,32025,,271000.0,2025-04-01
139459529,92025,,259361.33,2025-04-01
139451364,12026,,267222.2,2025-04-01
139469534,92025,,193798.95,2025-04-01
139462744,32025,,280000.0,2025-04-01
139466476,52025,,393000.0,2025-04-01
139449368,32026,,71566.07,2025-04-01
139464827,22025,,242000.0,2025-04-01
139464739,12025,,300000.0,2025-04-01
139440374,12026,,161180.8,2025-04-01
139451685,22025,,375000.0,2025-04-01
139454435,52025,,698000.0,2025-04-01
139447379,72025,,299000.0,2025-04-01
139466931,12026,,276781.74,2025-04-01
139457372,42025,,260000.0,2025-04-01
139462773,12026,,359418.4,2025-04-01
139446931,12026,,153254.28,2025-04-01
139454339,32025,,776000.0,2025-04-01
139449656,72025,,768106.01,2025-04-01
139463069,12026,,140992.91,2025-04-01
139458738,12025,,540000.0,2025-04-01
139442454,92025,,352161.39,2025-04-01
139458345,42025,,1077000.0,2025-04-01
139452092,72025,,317000.0,2025-04-01
139448408,22025,,115000.0,2025-04-01
139465628,72025,,793200.7,2025-04-01
139449279,102025,,350376.36,2025-04-01
139451564,22026,,234186.59,2025-04-01
139441436,62025,,198000.0,2025-04-01
139436162,12025,,152000.0,2025-04-01
139461588,42025,,144000.0,2025-04-01
139464285,72025,,577000.0,2025-04-01
139459023,42025,,131000.0,2025-04-01
139442149,92025,,294854.53,2025-04-01
139437660,122025,,530121.32,2025-04-01
139463249,12026,,148241.27,2025-04-01
139443236,72025,,429287.42,2025-04-01
139438297,122025,,620337.65,2025-04-01
139446460,22026,,104254.65,2025-04-01
139463849,22025,,271000.0,2025-04-01
139450395,22025,,380000.0,2025-04-01
139447847,112025,,790121.32,2025-04-01
139437851,32026,,789372.03,2025-04-01
139440172,12025,,584000.0,2025-04-01
139452879,12026,,143437.73,2025-04-01
139444891,12026,,98953.69,2025-04-01
139469451,22025,,159000.0,2025-04-01
139457812,112025,,748353.61,2025-04-01
139436347,32026,,236363.11,2025-04-01
139468332,22026,,179032.47,2025-04-01
139456294,42025,,239000.0,2025-04-01
139443954,12025,,342000.0,2025-04-01
139442410,62025,,478000.0,2025-04-01
139444270,82025,,394625.61,2025-04-01
139466736,122025,,208701.59,2025-04-01
139447684,52025,,111000.0,2025-04-01
139448876,122025,,235692.1,2025-04-01
139457343,32025,,184000.0,2025-04-01
139450881,32025,,477000.0,2025-04-01
139450854,22025,,554000.0,2025-04-01
139439763,32026,,170936.99,2025-04-01
139443335,42025,,598000.0,2025-04-01
139462092,102025,,297841.19,2025-04-01
139465579,22025,,429000.0,2025-04-01
139459297,22026,,403488.28,2025-04-01
139459319,112025,,282027.59,2025-04-01
139450877,12026,,54236.95,2025-04-01
139446397,22026,,71725.68,2025-04-01
139460095,72025,,578000.0,2025-04-01
139444119,12026,,241405.86,2025-04-01
139448103,62025,,60000.0,2025-04-01
139441593,12025,,422000.0,2025-04-01
139464607,82025,,171617.78,2025-04-01
139456149,72025,,176363.35,2025-04-01
139446196,122025,,575595.39,2025-04-01
139438391,22025,,249000.0,2025-04-01
139459334,92025,,308276.19,2025-04-01
139466353,92025,,525903.86,2025-04-01
139461585,22025,,491000.0,2025-04-01
139445827,52025,,318000.0,2025-04-01
139465934,122025,,525021.78,2025-04-01
139465386,92025,,258217.13,2025-04-01
139467930,32025,,74000.0,2025-04-01
139468312,92025,,481424.52,2025-04-01
139450793,72025,,139000.0,2025-04-01
139444549,112025,,268984.98,2025-04-01
139448964,122025,,0.0,2025-04-01
139465011,112025,,510114.98,2025-04-01
139435916,82025,,212623.56,2025-04-01
139461603,52025,,656000.0,2025-04-01
139461625,12025,,198000.0,2025-04-01
139450128,82025,,42623.67,2025-04-01
139463825,122025,,136738.68,2025-04-01
139444621,92025,,426465.66,2025-04-01
139438465,12026,,122114.08,2025-04-01
139464229,12026,,128763.59,2025-04-01
139435940,32026,,188494.66,2025-04-01
139439101,22026,,524891.59,2025-04-01
139466485,32025,,374000.0,2025-04-01
139455954,42025,,151000.0,2025-04-01
139437755,112025,,158050.82,2025-04-01
139436537,72025,,94000.0,2025-04-01
139469645,92025,,48005.77,2025-04-01
139452563,92025,,129238.22,2025-04-01
139436743,22025,,176000.0,2025-04-01
139468058,22025,,626000.0,2025-04-01
139458124,122025,,119414.43,2025-04-01
139438464,12026,,196917.84,2025-04-01
139456368,22026,,454562.85,2025-04-01
139460527,12026,,374908.82,2025-04-01
139442851,42025,,180000.0,2025-04-01
139464118,52025,,180000.0,2025-04-01
139448814,82025,,43600.1,2025-04-01
139469887,12025,,222000.0,2025-04-01
139466917,42025,,395000.0,2025-04-01
139440323,122025,,0.0,2025-04-01
139451265,72025,,184000.0,2025-04-01
139438565,42025,,211000.0,2025-04-01
139451687,12026,,211115.07,2025-04-01
139463385,32026,,143088.6,2025-04-01
139447294,32026,,886081.89,2025-04-01
139439483,12025,,271000.0,2025-04-01
139453510,12026,,347289.5,2025-04-01
139440760,112025,,187915.99,2025-04-01
139456723,72025,,299000.0,2025-04-01
139441003,12026,,102423.08,2025-04-01
139460532,32025,,668000.0,2025-04-01
139459770,62025,,303000.0,2025-04-01
139457873,52025,,398000.0,2025-04-01
139461446,102025,,150909.84,2025-04-01
139450196,32026,,402324.42,2025-04-01
139450589,42025,,166000.0,2025-04-01
139469087,52025,,91000.0,2025-04-01
139461317,122025,,629160.23,2025-04-01
139437358,82025,,554735.3,2025-04-01
139450082,62025,,803000.0,2025-04-01
139454486,112025,,328246.46,2025-04-01
139439691,12026,,256918.32,2025-04-01
139463367,62025,,201000.0,2025-04-01
139452245,42025,,159000.0,2025-04-01
139455891,62025,,199000.0,2025-04-01
139457447,82025,,378186.1,2025-04-01
139437693,112025,,421675.08,2025-04-01
139465712,32025,,239000.0,2025-04-01
139468253,122025,,198143.21,2025-04-01
139463025,32025,,346000.0,2025-04-01
139444685,102025,,44586.9,2025-04-01
139452052,12026,,230328.19,2025-04-01
139463056,22026,,242107.71,2025-04-01
139438853,32025,,299000.0,2025-04-01
139441128,72025,,193008.4,2025-04-01
139450313,12026,,341517.2,2025-04-01
139458530,42025,,735000.0,2025-04-01
139447765,92025,,201346.05,2025-04-01
139444298,72025,,193000.0,2025-04-01
139450609,32026,,123473.77,2025-04-01
139455243,82025,,428000.0,2025-04-01
139452100,102025,,501842.54,2025-04-01
139439009,72025,,273000.0,2025-04-01
139446794,122025,,204934.73,2025-04-01
139451835,82025,,249000.0,2025-04-01
139465165,82025,,302718.43,2025-04-01
139456070,102025,,118749.18,2025-04-01
139441064,92025,,355900.67,2025-04-01
139445096,42025,,462000.0,2025-04-01
139441423,12025,,176000.0,2025-04-01
139454002,32026,,1088382.41,2025-04-01
139441569,102025,,131187.47,2025-04-01
139447937,22026,,133628.63,2025-04-01
139464712,102025,,383264.06,2025-04-01
139454661,122025,,683800.0,2025-04-01
139461865,12026,,793063.0,2025-04-01
139466703,122025,,687940.78,2025-04-01
139438677,22026,,53230.98,2025-04-01
139461640,32025,,378000.0,2025-04-01
139445265,112025,,474875.18,2025-04-01
139465691,52025,,175000.0,2025-04-01
139445297,92025,,480432.57,2025-04-01
139465503,72025,,164000.0,2025-04-01
139443981,72025,,156000.0,2025-04-01
139435818,32026,,222678.54,2025-04-01
139438173,12025,,709000.0,2025-04-01
139442258,22025,,200000.0,2025-04-01
139461749,32026,,629621.05,2025-04-01
139463569,32026,,391197.04,2025-04-01
139455346,12026,,271689.86,2025-04-01
139438305,22026,,206614.99,2025-04-01
139445229,12026,,235523.55,2025-04-01
139449221,22026,,179439.07,2025-04-01
139445628,82025,,674389.01,2025-04-01
139460657,12025,,117000.0,2025-04-01
139468848,62025,,146240.25,2025-04-01
139463183,92025,,385339.4,2025-04-01
139463170,122025,,387699.2,2025-04-01
139461410,32026,,90435.64,2025-04-01
139453925,92025,,440727.34,2025-04-01
139443769,92025,,200852.84,2025-04-01
139465879,32026,,509637.81,2025-04-01
139449152,102025,,181198.74,2025-04-01
139463628,52025,,106000.0,2025-04-01
139465792,22025,,487000.0,2025-04-01
139442033,12025,,257000.0,2025-04-01
139435564,92025,,142184.29,2025-04-01
139436804,22026,,155118.92,2025-04-01
139446807,12025,,346000.0,2025-04-01
139436696,122025,,0.0,2025-04-01
139467681,12026,,93589.02,2025-04-01
139460280,82025,,114311.93,2025-04-01
139459621,62025,,366000.0,2025-04-01
139461857,62025,,139000.0,2025-04-01
139435508,82025,,305000.0,2025-04-01
139446228,122025,,319499.99,2025-04-01
139449459,62025,,184000.0,2025-04-01
139461164,52025,,614000.0,2025-04-01
139436455,82025,,219736.7,2025-04-01
139468615,82025,,223380.81,2025-04-01
139451519,22026,,111287.94,2025-04-01
139452481,32026,,183547.27,2025-04-01
139468165,122025,,741773.69,2025-04-01
139439564,72025,,443000.0,2025-04-01
139459524,32026,,357449.45,2025-04-01
139461868,22026,,627147.92,2025-04-01
139449379,92025,,214057.43,2025-04-01
139449526,112025,,268873.78,2025-04-01
139460986,92025,,255360.98,2025-04-01
139444277,92025,,582087.81,2025-04-01
139437628,102025,,54441.25,2025-04-01
139442461,122025,,74211.86,2025-04-01
139453359,22025,,237000.0,2025-04-01
139449215,12025,,152000.0,2025-04-01
139464029,102025,,94725.06,2025-04-01
139443865,12025,,299000.0,2025-04-01
139440021,122025,,586765.27,2025-04-01
139438005,32025,,278000.0,2025-04-01
139449567,32025,,494000.0,2025-04-01
139446351,52025,,130000.0,2025-04-01
139439631,32025,,289000.0,2025-04-01
139459481,82025,,197759.54,2025-04-01
139462971,32026,,266563.2,2025-04-01
139448599,122025,,291440.16,2025-04-01
139451560,92025,,216729.08,2025-04-01
139449536,22026,,669222.1,2025-04-01
139454588,12025,,300000.0,2025-04-01
139440806,72025,,195000.0,2025-04-01
139444402,122025,,157334.78,2025-04-01
139458266,12025,,434000.0,2025-04-01
139454157,102025,,515321.3,2025-04-01
139461588,52025,,144000.0,2025-04-01
139444612,92025,,246366.24,2025-04-01
139444001,102025,,351974.78,2025-04-01
139460702,72025,,306000.0,2025-04-01
139462166,12026,,289179.68,2025-04-01
139446541,12025,,127000.0,2025-04-01
139462509,62025,,408000.0,2025-04-01
139470072,42025,,746000.0,2025-04-01
139462020,112025,,128921.28,2025-04-01
139442369,102025,,214769.49,2025-04-01
139461516,12025,,437000.0,2025-04-01
139456573,72025,,266958.39,2025-04-01
139465453,52025,,108000.0,2025-04-01
139449064,102025,,118863.93,2025-04-01
139456262,102025,,301111.34,2025-04-01
139464816,92025,,357948.44,2025-04-01
139470107,52025,,378000.0,2025-04-01
139447698,72025,,171000.0,2025-04-01
139469653,32026,,126806.68,2025-04-01
139442812,102025,,133337.37,2025-04-01
139451932,32025,,142000.0,2025-04-01
139463460,22026,,257983.04,2025-04-01
139464437,92025,,339767.88,2025-04-01
139448454,32026,,321565.32,2025-04-01
139446426,32026,,70463.58,2025-04-01
139441676,102025,,145054.26,2025-04-01
139450652,12026,,306918.45,2025-04-01
139437844,32025,,131000.0,2025-04-01
139460332,42025,,150000.0,2025-04-01
139449063,102025,,304205.2,2025-04-01
139457541,22026,,239794.44,2025-04-01
139451547,102025,,282951.35,2025-04-01
139465564,42025,,291000.0,2025-04-01
139443316,32025,,603000.0,2025-04-01
139469466,12026,,265071.57,2025-04-01
139442225,32026,,206637.08,2025-04-01
139463642,22026,,228609.67,2025-04-01
139450900,122025,,197809.57,2025-04-01
139465949,22026,,170421.33,2025-04-01
139459952,42025,,307000.0,2025-04-01
139438771,92025,,175637.41,2025-04-01
139461795,72025,,209000.0,2025-04-01
139454550,22025,,129000.0,2025-04-01
139447988,22026,,216896.17,2025-04-01
139464830,12026,,193019.18,2025-04-01
139444651,112025,,1120274.33,2025-04-01
139438341,82025,,335098.07,2025-04-01
139445991,22025,,384000.0,2025-04-01
139438139,32026,,247416.08,2025-04-01
139468143,22026,,155308.4,2025-04-01
139437246,52025,,322000.0,2025-04-01
139437437,22025,,475000.0,2025-04-01
139462823,72025,,77000.0,2025-04-01
139448077,12026,,436212.31,2025-04-01
139444160,82025,,144000.0,2025-04-01
139437662,92025,,48529.59,2025-04-01
139436685,72025,,269000.0,2025-04-01
139466786,82025,,132863.11,2025-04-01
139446075,112025,,964108.79,2025-04-01
139464396,82025,,381562.9,2025-04-01
139465535,82025,,442433.56,2025-04-01
139466103,42025,,606000.0,2025-04-01
139469929,102025,,77448.14,2025-04-01
139446757,122025,,281028.47,2025-04-01
139443504,82025,,802000.0,2025-04-01
139449845,22025,,421000.0,2025-04-01
139468174,32025,,137000.0,2025-04-01
139459882,62025,,226000.0,2025-04-01
139448192,22026,,444405.69,2025-04-01
139466856,22025,,247000.0,2025-04-01
139453864,42025,,369000.0,2025-04-01
139466721,112025,,281278.24,2025-04-01
139447306,32025,,255000.0,2025-04-01
139437665,122025,,64672.03,2025-04-01
139452800,42025,,222000.0,2025-04-01
139436319,12025,,175000.0,2025-04-01
139456050,22025,,405000.0,2025-04-01
139464192,92025,,676825.29,2025-04-01
139440361,32025,,435000.0,2025-04-01
139451569,42025,,239000.0,2025-04-01
139440389,32026,,287953.98,2025-04-01
139465315,12025,,250000.0,2025-04-01
139439129,122025,,380150.22,2025-04-01
139454596,72025,,390000.0,2025-04-01
139460631,82025,,239000.0,2025-04-01
139447566,72025,,271000.0,2025-04-01
139443212,122025,,69555.43,2025-04-01
139454172,62025,,117023.96,2025-04-01
139460876,72025,,134000.0,2025-04-01
139435799,122025,,423103.4,2025-04-01
139467104,92025,,565585.68,2025-04-01
139464627,12025,,193000.0,2025-04-01
139438889,72025,,124000.0,2025-04-01
139464225,62025,,366000.0,2025-04-01
139464511,22025,,321000.0,2025-04-01
139442995,62025,,484000.0,2025-04-01
139466410,52025,,488000.0,2025-04-01
139448983,82025,,434101.45,2025-04-01
139449045,32025,,428000.0,2025-04-01
139445885,82025,,193993.0,2025-04-01
139459825,82025,,226688.64,2025-04-01
139452514,42025,,269000.0,2025-04-01
139458671,12026,,286635.5,2025-04-01
139438767,12026,,501973.6,2025-04-01
139441706,22026,,195116.27,2025-04-01
139451722,102025,,194064.76,2025-04-01
139453602,22025,,89000.0,2025-04-01
139438498,62025,,1144000.0,2025-04-01
139437251,52025,,507000.0,2025-04-01
139443833,32026,,156541.0,2025-04-01
139436542,92025,,466674.58,2025-04-01
139455510,22025,,175000.0,2025-04-01
139453336,12026,,543282.42,2025-04-01
139440716,92025,,86525.01,2025-04-01
139452583,112025,,74321.64,2025-04-01
139450848,12026,,373131.69,2025-04-01
139453812,32026,,304974.47,2025-04-01
139438833,122025,,109368.39,2025-04-01
139443326,22025,,155000.0,2025-04-01
139464792,52025,,108000.0,2025-04-01
139451137,122025,,470843.18,2025-04-01
139450380,42025,,249000.0,2025-04-01
139448661,82025,,231524.7,2025-04-01
139468938,32026,,240236.45,2025-04-01
139462074,72025,,227000.0,2025-04-01
139453209,82025,,801000.0,2025-04-01
139460652,62025,,386000.0,2025-04-01
139465534,22026,,458153.84,2025-04-01
139441456,62025,,533000.0,2025-04-01
139469720,72025,,238000.0,2025-04-01
139450006,52025,,154000.0,2025-04-01
139447004,112025,,167547.92,2025-04-01
139467860,32025,,296000.0,2025-04-01
139454232,92025,,395135.91,2025-04-01
139462655,12026,,183123.23,2025-04-01
139462893,32025,,295000.0,2025-04-01
139436090,92025,,279832.5,2025-04-01
139457546,32025,,259000.0,2025-04-01
139460976,42025,,83000.0,2025-04-01
139451274,102025,,192960.24,2025-04-01
139456797,112025,,54490.48,2025-04-01
139446837,22026,,195637.65,2025-04-01
139444232,22026,,323616.1,2025-04-01
139455495,122025,,318385.96,2025-04-01
139449362,12026,,797201.06,2025-04-01
139457573,42025,,215000.0,2025-04-01
139447191,62025,,417000.0,2025-04-01
139437860,22025,,245000.0,2025-04-01
139441996,72025,,454000.0,2025-04-01
139445723,92025,,704317.15,2025-04-01
139437770,72025,,560000.0,2025-04-01
139453045,32026,,431920.13,2025-04-01
139464738,62025,,139118.06,2025-04-01
139469791,32026,,378511.98,2025-04-01
139462447,82025,,530419.0,2025-04-01
139439258,22025,,336000.0,2025-04-01
139456379,92025,,528441.28,2025-04-01
139439670,72025,,174494.4,2025-04-01
139438854,52025,,106000.0,2025-04-01
139450024,32025,,195000.0,2025-04-01
139455757,42025,,750000.0,2025-04-01
139437870,22025,,290000.0,2025-04-01
139455192,122025,,199731.46,2025-04-01
139462090,72025,,617000.0,2025-04-01
139441642,72025,,299000.0,2025-04-01
139455572,112025,,381399.34,2025-04-01
139458094,52025,,299000.0,2025-04-01
139446380,42025,,146000.0,2025-04-01
139439117,52025,,458000.0,2025-04-01
139462423,22025,,350000.0,2025-04-01
139442529,22025,,334000.0,2025-04-01
139467552,82025,,280892.57,2025-04-01
139447751,82025,,352000.0,2025-04-01
139468084,22025,,349000.0,2025-04-01
139453377,82025,,453000.0,2025-04-01
139460977,72025,,535000.0,2025-04-01
139461505,52025,,476000.0,2025-04-01
139448088,72025,,413000.0,2025-04-01
139466636,32025,,100000.0,2025-04-01
139458465,112025,,276571.51,2025-04-01
139436086,72025,,177000.0,2025-04-01
139469170,112025,,204850.64,2025-04-01
139461864,62025,,222000.0,2025-04-01
139456995,42025,,160000.0,2025-04-01
139447696,82025,,220123.13,2025-04-01
139438754,32025,,749000.0,2025-04-01
139439188,12026,,710906.26,2025-04-01
139443942,102025,,282461.66,2025-04-01
139452805,42025,,210000.0,2025-04-01
139441684,42025,,121000.0,2025-04-01
139452020,102025,,261704.76,2025-04-01
139437253,42025,,105000.0,2025-04-01
139452937,32026,,184202.38,2025-04-01
139450659,92025,,370543.41,2025-04-01
139437172,122025,,699089.03,2025-04-01
139438772,12025,,265000.0,2025-04-01
139452365,82025,,877230.81,2025-04-01
139443923,92025,,227171.19,2025-04-01
139446122,82025,,255000.0,2025-04-01
139468459,22026,,242785.81,2025-04-01
139468491,32026,,155620.53,2025-04-01
139462621,32025,,285000.0,2025-04-01
139465100,52025,,618000.0,2025-04-01
139457223,22025,,207000.0,2025-04-01
139456665,12025,,584000.0,2025-04-01
139443942,32025,,287000.0,2025-04-01
139464363,102025,,227919.54,2025-04-01
139469873,102025,,264859.38,2025-04-01
139457120,82025,,646642.87,2025-04-01
139452737,92025,,434405.99,2025-04-01
139455778,102025,,219274.23,2025-04-01
139455988,42025,,279000.0,2025-04-01
139447893,52025,,475000.0,2025-04-01
139458111,62025,,198585.21,2025-04-01
139446419,32026,,115856.94,2025-04-01
139435858,92025,,664224.43,2025-04-01
139464949,52025,,270000.0,2025-04-01
139468229,72025,,273000.0,2025-04-01
139455129,42025,,321000.0,2025-04-01
139466380,122025,,248392.56,2025-04-01
139442481,12025,,300000.0,2025-04-01
139461320,12026,,295841.01,2025-04-01
139446094,62025,,322905.68,2025-04-01
139455075,122025,,186848.92,2025-04-01
139451763,122025,,352695.53,2025-04-01
139439136,122025,,320669.41,2025-04-01
139450052,12026,,445642.47,2025-04-01
139439125,92025,,218339.3,2025-04-01
139463109,22026,,711820.23,2025-04-01
139459339,72025,,178000.0,2025-04-01
139460150,12025,,578000.0,2025-04-01
139462261,112025,,52355.19,2025-04-01
139439897,82025,,211000.0,2025-04-01
139455537,52025,,398000.0,2025-04-01
139441483,62025,,134000.0,2025-04-01
139438746,92025,,322321.1,2025-04-01
139454653,72025,,267000.0,2025-04-01
139468425,32025,,236000.0,2025-04-01
139463110,82025,,796691.79,2025-04-01
139463988,32025,,386000.0,2025-04-01
139445400,32026,,111357.24,2025-04-01
139459946,32025,,419000.0,2025-04-01
139460853,52025,,279000.0,2025-04-01
139453058,122025,,284507.19,2025-04-01
139446453,32025,,377000.0,2025-04-01
139459489,12025,,270000.0,2025-04-01
139453325,72025,,247000.0,2025-04-01
139459003,82025,,178289.54,2025-04-01
139458988,12025,,305000.0,2025-04-01
139462275,12026,,51895.23,2025-04-01
139463909,32025,,242000.0,2025-04-01
139460257,32026,,240476.63,2025-04-01
139445383,32026,,272266.72,2025-04-01
139442385,12026,,174387.2,2025-04-01
139468765,72025,,334000.0,2025-04-01
139468117,62025,,323000.0,2025-04-01
139439737,122025,,909177.17,2025-04-01
139440728,82025,,134018.8,2025-04-01
139436941,22025,,353000.0,2025-04-01
139451308,92025,,265582.01,2025-04-01
139469198,12026,,361255.45,2025-04-01
139460526,102025,,142211.2,2025-04-01
139454290,122025,,381933.06,2025-04-01
139444969,52025,,792000.0,2025-04-01
139465960,22025,,130000.0,2025-04-01
139464561,32026,,200657.16,2025-04-01
139469709,32026,,337903.02,2025-04-01
139446200,12025,,342000.0,2025-04-01
139468329,22026,,439929.3,2025-04-01
139467967,22025,,225000.0,2025-04-01
139464447,42025,,0.0,2025-04-01
139461991,62025,,287000.0,2025-04-01
139447655,22026,,159093.58,2025-04-01
139467903,12026,,274940.07,2025-04-01
139460225,12025,,192000.0,2025-04-01
139465325,82025,,75497.47,2025-04-01
139468899,112025,,292876.42,2025-04-01
139444251,102025,,198212.44,2025-04-01
139437660,112025,,530623.79,2025-04-01
139466773,12025,,150000.0,2025-04-01
139456653,42025,,255000.0,2025-04-01
139450745,62025,,420000.0,2025-04-01
139436406,22026,,264480.78,2025-04-01
139451575,22026,,343474.53,2025-04-01
139459817,112025,,147895.65,2025-04-01
139462923,12026,,276357.16,2025-04-01
139446429,82025,,401311.0,2025-04-01
139449850,32026,,114549.39,2025-04-01
139456463,52025,,242000.0,2025-04-01
139447194,12026,,751866.7,2025-04-01
139455674,22026,,399399.8,2025-04-01
139469964,42025,,159000.0,2025-04-01
139456464,22026,,221315.0,2025-04-01
139450526,82025,,1093672.72,2025-04-01
139438231,82025,,559000.0,2025-04-01
139445188,52025,,411000.0,2025-04-01
139444720,82025,,794997.66,2025-04-01
139465986,12026,,110219.62,2025-04-01
139463648,82025,,288319.29,2025-04-01
139462818,122025,,98519.5,2025-04-01
139436448,32026,,297692.06,2025-04-01
139441442,42025,,252000.0,2025-04-01
139445219,32026,,397634.86,2025-04-01
139464177,92025,,256932.5,2025-04-01
139438926,32025,,206000.0,2025-04-01
139453166,42025,,359000.0,2025-04-01
139441559,92025,,126123.38,2025-04-01
139441409,32025,,597000.0,2025-04-01
139468736,22025,,205000.0,2025-04-01
139439130,102025,,257815.23,2025-04-01
139454578,32025,,305000.0,2025-04-01
139449095,12025,,675000.0,2025-04-01
139444110,42025,,247000.0,2025-04-01
139454430,12026,,629265.72,2025-04-01
139452891,22025,,435000.0,2025-04-01
139459478,72025,,310000.0,2025-04-01
139450763,82025,,496706.18,2025-04-01
139444936,92025,,136695.53,2025-04-01
139456423,82025,,248030.28,2025-04-01
139456094,62025,,435000.0,2025-04-01
139458640,62025,,700000.0,2025-04-01
139439224,42025,,763000.0,2025-04-01
139450852,92025,,401047.7,2025-04-01
139461600,92025,,391724.47,2025-04-01
139454409,62025,,60467.81,2025-04-01
139439153,62025,,646000.0,2025-04-01
139437586,22025,,475000.0,2025-04-01
139469192,22025,,96000.0,2025-04-01
139460642,22026,,232715.78,2025-04-01
139435552,12025,,194000.0,2025-04-01
139463286,112025,,218143.13,2025-04-01
139439521,112025,,169614.33,2025-04-01
139446359,112025,,353077.16,2025-04-01
139452456,122025,,565193.86,2025-04-01
139465053,52025,,209000.0,2025-04-01
139453715,22025,,393000.0,2025-04-01
139458306,52025,,489000.0,2025-04-01
139456072,52025,,612000.0,2025-04-01
139444081,22025,,171000.0,2025-04-01
139451809,52025,,52000.0,2025-04-01
139463651,22026,,349893.43,2025-04-01
139452108,112025,,365309.1,2025-04-01
139447102,32025,,105000.0,2025-04-01
139442693,62025,,330000.0,2025-04-01
139445927,32025,,187000.0,2025-04-01
139446553,52025,,365000.0,2025-04-01
139455657,12025,,264000.0,2025-04-01
139468809,12026,,168421.73,2025-04-01
139461742,22025,,399000.0,2025-04-01
139456718,92025,,188732.59,2025-04-01
139444601,32026,,113631.77,2025-04-01
139459980,72025,,668000.0,2025-04-01
139454692,32026,,98583.51,2025-04-01
139468968,32026,,356190.69,2025-04-01
139445596,32025,,347000.0,2025-04-01
139463889,32025,,332000.0,2025-04-01
139454425,72025,,155000.0,2025-04-01
139440292,62025,,575400.63,2025-04-01
139440734,122025,,305801.6,2025-04-01
139437017,22026,,656578.21,2025-04-01
139438050,42025,,165000.0,2025-04-01
139446652,42025,,315000.0,2025-04-01
139449529,12025,,728000.0,2025-04-01
139465433,42025,,273000.0,2025-04-01
139467901,42025,,95000.0,2025-04-01
139451305,92025,,195772.71,2025-04-01
139454596,112025,,389180.38,2025-04-01
139451369,22025,,156000.0,2025-04-01
139458451,22025,,472000.0,2025-04-01
139449027,42025,,493000.0,2025-04-01
139439725,62025,,171000.0,2025-04-01
139446787,42025,,748000.0,2025-04-01
139454945,72025,,192000.0,2025-04-01
139445600,122025,,144069.8,2025-04-01
139468072,92025,,133488.34,2025-04-01
139453369,52025,,134000.0,2025-04-01
139458994,12025,,416000.0,2025-04-01
139462020,102025,,129055.02,2025-04-01
139436109,122025,,540791.95,2025-04-01
139458467,42025,,670000.0,2025-04-01
139445756,82025,,265023.69,2025-04-01
139468730,12026,,66816.39,2025-04-01
139440538,32026,,229143.64,2025-04-01
139450578,52025,,392000.0,2025-04-01
139468872,32026,,69208.96,2025-04-01
139439729,52025,,179000.0,2025-04-01
139437321,22026,,470967.5,2025-04-01
139455030,22025,,248000.0,2025-04-01
139449666,122025,,157531.72,2025-04-01
139462001,42025,,187000.0,2025-04-01
139467408,122025,,222964.83,2025-04-01
139461504,12025,,156000.0,2025-04-01
139468776,82025,,79366.72,2025-04-01
139438750,32025,,224000.0,2025-04-01
139445342,12026,,1097590.82,2025-04-01
139436236,102025,,79334.86,2025-04-01
139448057,112025,,261082.55,2025-04-01
139452904,102025,,209792.09,2025-04-01
139458318,12026,,111879.52,2025-04-01
139444899,92025,,139464.38,2025-04-01
139461237,32026,,366633.5,2025-04-01
139463576,12026,,304600.62,2025-04-01
139443240,62025,,693000.0,2025-04-01
139468990,12025,,160000.0,2025-04-01
139447301,12026,,385585.95,2025-04-01
139464602,32025,,516000.0,2025-04-01
139453833,32025,,90000.0,2025-04-01
139469813,42025,,224000.0,2025-04-01
139451482,52025,,289000.0,2025-04-01
139468107,12025,,412000.0,2025-04-01
139462306,112025,,342091.01,2025-04-01
139443992,112025,,69138.98,2025-04-01
139464279,22026,,197580.83,2025-04-01
139452498,82025,,501619.83,2025-04-01
139438623,12025,,261000.0,2025-04-01
139453766,62025,,564000.0,2025-04-01
139465198,52025,,547000.0,2025-04-01
139436351,62025,,533000.0,2025-04-01
139454109,32025,,69000.0,2025-04-01
139437926,112025,,195227.0,2025-04-01
139467105,32025,,295000.0,2025-04-01
139443564,32026,,0.0,2025-04-01
139462237,42025,,229000.0,2025-04-01
139455832,42025,,758000.0,2025-04-01
139437750,42025,,369000.0,2025-04-01
139465285,22025,,403000.0,2025-04-01
139464820,122025,,133813.79,2025-04-01
139446200,122025,,221237.57,2025-04-01
139463917,112025,,1050180.51,2025-04-01
139465855,82025,,60360.52,2025-04-01
139446491,82025,,99401.7,2025-04-01
139461972,92025,,518739.3,2025-04-01
139444319,102025,,886792.09,2025-04-01
139438535,42025,,125000.0,2025-04-01
139441646,62025,,785722.95,2025-04-01
139447948,92025,,195331.25,2025-04-01
139437290,82025,,447000.0,2025-04-01
139446657,32025,,144000.0,2025-04-01
139447878,122025,,340696.92,2025-04-01
139456832,32026,,96024.75,2025-04-01
139448265,92025,,337419.17,2025-04-01
139461060,32025,,345000.0,2025-04-01
139470019,92025,,78333.46,2025-04-01
139440693,22025,,533000.0,2025-04-01
139456625,52025,,536000.0,2025-04-01
139465827,22025,,548000.0,2025-04-01
139467523,22026,,361362.12,2025-04-01
139468418,12026,,194745.38,2025-04-01
139452850,62025,,258000.0,2025-04-01
139441934,72025,,538000.0,2025-04-01
139457299,42025,,648000.0,2025-04-01
139466904,32026,,205648.6,2025-04-01
139447417,52025,,94000.0,2025-04-01
139458580,12025,,440000.0,2025-04-01
139461190,12026,,336245.29,2025-04-01
139463569,82025,,394793.99,2025-04-01
139452988,22026,,377769.41,2025-04-01
139436397,52025,,175000.0,2025-04-01
139459540,112025,,366114.62,2025-04-01
139449966,32026,,273365.83,2025-04-01
139444793,12026,,342070.96,2025-04-01
139459993,12025,,160000.0,2025-04-01
139467914,122025,,256652.11,2025-04-01
139463535,22026,,158057.3,2025-04-01
139440183,22025,,185000.0,2025-04-01
139440059,82025,,206144.1,2025-04-01
139465229,72025,,197000.0,2025-04-01
139461853,32025,,225000.0,2025-04-01
139459689,42025,,800000.0,2025-04-01
139457984,42025,,159000.0,2025-04-01
139459752,92025,,150150.31,2025-04-01
139435724,92025,,242067.44,2025-04-01
139448982,72025,,119000.0,2025-04-01
139442158,22025,,252000.0,2025-04-01
139447328,92025,,198301.18,2025-04-01
139468266,32026,,358461.95,2025-04-01
139463188,42025,,441000.0,2025-04-01
139443431,12026,,295462.94,2025-04-01
139464836,122025,,147498.18,2025-04-01
139468241,92025,,155651.61,2025-04-01
139436517,42025,,352000.0,2025-04-01
139444682,52025,,299000.0,2025-04-01
139458563,32026,,105632.18,2025-04-01
139436658,42025,,239000.0,2025-04-01
139438467,72025,,387000.0,2025-04-01
139462970,12026,,69464.69,2025-04-01
139460836,22025,,428000.0,2025-04-01
139437815,72025,,791000.0,2025-04-01
139438153,32026,,191453.73,2025-04-01
139452207,62025,,702000.0,2025-04-01
139461425,62025,,493000.0,2025-04-01
139448878,32026,,221009.5,2025-04-01
139465634,52025,,303000.0,2025-04-01
139469551,52025,,107000.0,2025-04-01
139457750,62025,,295000.0,2025-04-01
139469746,112025,,545362.54,2025-04-01
139464505,42025,,205000.0,2025-04-01
139463199,22025,,91000.0,2025-04-01
139468542,22026,,272154.88,2025-04-01
139454828,12026,,494891.04,2025-04-01
139460946,32025,,389000.0,2025-04-01
139464354,72025,,394000.0,2025-04-01
139445369,122025,,363799.16,2025-04-01
139453556,32026,,340811.39,2025-04-01
139443326,32026,,153414.67,2025-04-01
139441997,22026,,187576.17,2025-04-01
139448955,122025,,179205.35,2025-04-01
139455728,92025,,150982.44,2025-04-01
139441060,52025,,344000.0,2025-04-01
139448554,112025,,275955.65,2025-04-01
139448784,32025,,314000.0,2025-04-01
139439642,12025,,196000.0,2025-04-01
139446947,102025,,796127.0,2025-04-01
139439438,32025,,232000.0,2025-04-01
139443416,22026,,553189.16,2025-04-01
139460356,42025,,695000.0,2025-04-01
139468901,12025,,266000.0,2025-04-01
139466167,22025,,125000.0,2025-04-01
139463187,22025,,509000.0,2025-04-01
139439544,102025,,168387.28,2025-04-01
139460183,102025,,355459.34,2025-04-01
139460807,112025,,151204.09,2025-04-01
139443723,32025,,247000.0,2025-04-01
139449296,32025,,799000.0,2025-04-01
139449699,32025,,355000.0,2025-04-01
139469864,72025,,221000.0,2025-04-01
139443869,72025,,206000.0,2025-04-01
139440657,62025,,226000.0,2025-04-01
139443218,72025,,191000.0,2025-04-01
139463678,62025,,217000.0,2025-04-01
139467507,12026,,310097.12,2025-04-01
139444281,32026,,145701.11,2025-04-01
139455454,112025,,290327.03,2025-04-01
139469441,122025,,162283.99,2025-04-01
139466378,12025,,803000.0,2025-04-01
139438385,62025,,467000.0,2025-04-01
139458661,122025,,179451.6,2025-04-01
139441912,12025,,240000.0,2025-04-01
139455411,42025,,459000.0,2025-04-01
139458075,72025,,228000.0,2025-04-01
139465418,62025,,684000.0,2025-04-01
139468720,42025,,41000.0,2025-04-01
139469225,22025,,671000.0,2025-04-01
139465564,22026,,288853.83,2025-04-01
139466009,12025,,535000.0,2025-04-01
139468207,12026,,52089.35,2025-04-01
139443350,12025,,136000.0,2025-04-01
139462374,102025,,72308.11,2025-04-01
139449847,122025,,225876.44,2025-04-01
139453052,42025,,181000.0,2025-04-01
139454904,42025,,630000.0,2025-04-01
139457914,92025,,616274.59,2025-04-01
139457571,22026,,189584.86,2025-04-01
139437984,122025,,56424.28,2025-04-01
139462704,32025,,264000.0,2025-04-01
139468705,52025,,158000.0,2025-04-01
139441679,52025,,271000.0,2025-04-01
139452707,102025,,167466.7,2025-04-01
139460501,62025,,230000.0,2025-04-01
139446912,102025,,599829.6,2025-04-01
139452209,32026,,459539.19,2025-04-01
139438948,12026,,750058.48,2025-04-01
139465516,52025,,82000.0,2025-04-01
139451413,92025,,252202.98,2025-04-01
139448224,72025,,267801.42,2025-04-01
139461115,62025,,215000.0,2025-04-01
139454357,92025,,154391.52,2025-04-01
139462853,62025,,235000.0,2025-04-01
139438415,72025,,295000.0,2025-04-01
139446922,12026,,445160.62,2025-04-01
139438351,122025,,385616.59,2025-04-01
139442120,32026,,203508.8,2025-04-01
139444953,12026,,390048.27,2025-04-01
139462272,32025,,125000.0,2025-04-01
139437870,122025,,212205.45,2025-04-01
139464161,52025,,159000.0,2025-04-01
139442518,122025,,195301.62,2025-04-01
139467013,52025,,549000.0,2025-04-01
139469903,112025,,321627.22,2025-04-01
139465360,72025,,600000.0,2025-04-01
139455770,42025,,121000.0,2025-04-01
139458912,22026,,401853.96,2025-04-01
139456733,92025,,476628.02,2025-04-01
139461779,62025,,194785.05,2025-04-01
139450309,22025,,257000.0,2025-04-01
139446885,32026,,148263.2,2025-04-01
139446479,102025,,63602.3,2025-04-01
139463004,112025,,185178.3,2025-04-01
139465097,82025,,94930.63,2025-04-01
139447120,62025,,374000.0,2025-04-01
139459184,12026,,177013.05,2025-04-01
139452684,12026,,503421.99,2025-04-01
139438732,22026,,728844.44,2025-04-01
139455993,12025,,235000.0,2025-04-01
139456438,22025,,191000.0,2025-04-01
139449270,62025,,567000.0,2025-04-01
139444513,12026,,213902.33,2025-04-01
139444535,82025,,176922.84,2025-04-01
139448708,102025,,201231.02,2025-04-01
139460017,12025,,228000.0,2025-04-01
139466861,52025,,632000.0,2025-04-01
139460927,12025,,442000.0,2025-04-01
139453015,12026,,198070.78,2025-04-01
139452727,32025,,112000.0,2025-04-01
139458521,42025,,256000.0,2025-04-01
139448038,32026,,285860.39,2025-04-01
139448982,62025,,120000.0,2025-04-01
139435609,62025,,126619.17,2025-04-01
139446807,52025,,285000.0,2025-04-01
139445441,32025,,484000.0,2025-04-01
139453831,112025,,473147.67,2025-04-01
139452682,102025,,71866.7,2025-04-01
139461600,122025,,389756.89,2025-04-01
139440468,62025,,299000.0,2025-04-01
139437772,22026,,0.0,2025-04-01
139445827,12026,,315667.1,2025-04-01
139436979,112025,,196865.63,2025-04-01
139469081,42025,,289000.0,2025-04-01
139459089,42025,,148000.0,2025-04-01
139469686,82025,,161739.91,2025-04-01
139445333,82025,,288663.86,2025-04-01
139462110,62025,,298000.0,2025-04-01
139442107,22025,,304000.0,2025-04-01
139439357,82025,,580332.94,2025-04-01
139463435,22025,,765000.0,2025-04-01
139443059,102025,,157800.0,2025-04-01
139441262,22025,,176000.0,2025-04-01
139443391,92025,,346918.99,2025-04-01
139442397,12025,,463000.0,2025-04-01
139436922,42025,,192000.0,2025-04-01
139437745,52025,,776000.0,2025-04-01
139453250,112025,,278234.17,2025-04-01
139464545,92025,,194401.07,2025-04-01
139442830,12025,,251000.0,2025-04-01
139463210,62025,,586000.0,2025-04-01
139451341,42025,,200000.0,2025-04-01
139443633,42025,,92000.0,2025-04-01
139453635,32026,,144414.14,2025-04-01
139454162,12025,,240000.0,2025-04-01
139468588,42025,,81000.0,2025-04-01
139437477,72025,,690000.0,2025-04-01
139445346,102025,,95699.12,2025-04-01
139460247,52025,,230000.0,2025-04-01
139466352,112025,,622332.88,2025-04-01
139470120,12025,,194000.0,2025-04-01
139467912,42025,,207000.0,2025-04-01
139451549,32026,,388843.44,2025-04-01
139468282,32026,,149692.71,2025-04-01
139453873,102025,,298286.53,2025-04-01
139467044,62025,,333000.0,2025-04-01
139466265,62025,,423000.0,2025-04-01
139442149,52025,,296000.0,2025-04-01
139436338,102025,,792018.03,2025-04-01
139445914,72025,,151000.0,2025-04-01
139467316,92025,,801595.97,2025-04-01
139461012,42025,,278000.0,2025-04-01
139463317,32026,,247582.24,2025-04-01
139460398,122025,,458449.3,2025-04-01
139438133,52025,,203000.0,2025-04-01
139458508,42025,,175000.0,2025-04-01
139463271,82025,,582507.34,2025-04-01
139443501,22025,,220000.0,2025-04-01
139439085,62025,,499500.18,2025-04-01
139462001,32025,,188000.0,2025-04-01
139448366,12025,,522000.0,2025-04-01
139457657,82025,,413096.29,2025-04-01
139464078,22026,,360665.75,2025-04-01
139460804,122025,,458455.2,2025-04-01
139437958,82025,,97000.0,2025-04-01
139436571,72025,,183000.0,2025-04-01
139439544,52025,,169000.0,2025-04-01
139445280,12025,,618000.0,2025-04-01
139455010,62025,,199000.0,2025-04-01
139466623,22026,,294567.35,2025-04-01
139460540,42025,,185000.0,2025-04-01
139449100,32025,,515000.0,2025-04-01
139470048,92025,,69431.7,2025-04-01
139464273,102025,,148576.98,2025-04-01
139438191,72025,,621000.0,2025-04-01
139449346,52025,,7000.0,2025-04-01
139440509,42025,,251000.0,2025-04-01
139438622,22025,,277000.0,2025-04-01
139453547,92025,,150932.19,2025-04-01
139440837,52025,,132000.0,2025-04-01
139455882,32025,,794000.0,2025-04-01
139458983,122025,,95951.43,2025-04-01
139441481,22026,,229945.35,2025-04-01
139443175,62025,,388000.0,2025-04-01
139447365,22025,,764000.0,2025-04-01
139468178,22025,,399000.0,2025-04-01
139437054,32026,,245950.56,2025-04-01
139444678,52025,,202000.0,2025-04-01
139457891,122025,,385090.0,2025-04-01
139445235,62025,,194000.0,2025-04-01
139443221,52025,,191000.0,2025-04-01
139459064,12025,,330000.0,2025-04-01
139464148,32026,,182194.59,2025-04-01
139461143,82025,,479575.87,2025-04-01
139444946,12026,,269954.01,2025-04-01
139456918,52025,,180000.0,2025-04-01
139460160,102025,,185940.98,2025-04-01
139452646,42025,,523000.0,2025-04-01
139465710,22025,,210000.0,2025-04-01
139467820,42025,,187000.0,2025-04-01
139466852,22026,,484064.44,2025-04-01
139448815,12026,,266735.0,2025-04-01
139449190,72025,,607000.0,2025-04-01
139451868,42025,,259000.0,2025-04-01
139462444,102025,,892971.44,2025-04-01
139466466,102025,,615719.77,2025-04-01
139451095,22026,,77367.61,2025-04-01
139466144,32025,,790000.0,2025-04-01
139458895,22026,,312755.07,2025-04-01
139442802,12025,,383000.0,2025-04-01
139451394,72025,,174724.61,2025-04-01
139454018,92025,,131920.33,2025-04-01
139465314,32025,,230000.0,2025-04-01
139456150,92025,,167637.97,2025-04-01
139444850,32025,,206000.0,2025-04-01
139462233,12026,,167110.52,2025-04-01
139439550,102025,,1152694.68,2025-04-01
139444260,62025,,142385.57,2025-04-01
139441074,62025,,335000.0,2025-04-01
139447586,32025,,151000.0,2025-04-01
139458584,22026,,507539.09,2025-04-01
139444940,102025,,249610.0,2025-04-01
139463642,122025,,229018.39,2025-04-01
139439166,112025,,89224.07,2025-04-01
139451519,12026,,111384.52,2025-04-01
139463719,72025,,289000.0,2025-04-01
139457071,122025,,92814.64,2025-04-01
139447512,122025,,397405.89,2025-04-01
139437965,42025,,265000.0,2025-04-01
139466259,22026,,120486.36,2025-04-01
139452458,92025,,238045.11,2025-04-01
139447778,32026,,247173.78,2025-04-01
139466619,32025,,483000.0,2025-04-01
139458193,72025,,318000.0,2025-04-01
139458125,102025,,299857.3,2025-04-01
139436646,52025,,110000.0,2025-04-01
139439618,92025,,179153.62,2025-04-01
139455947,42025,,431000.0,2025-04-01
139456201,62025,,727000.0,2025-04-01
139435843,112025,,51844.77,2025-04-01
139462666,102025,,240235.82,2025-04-01
139445725,12025,,122000.0,2025-04-01
139454799,112025,,440939.78,2025-04-01
139445261,102025,,228218.88,2025-04-01
139461006,22026,,440866.24,2025-04-01
139456916,72025,,224842.67,2025-04-01
139437858,82025,,697016.18,2025-04-01
139464836,112025,,147626.66,2025-04-01
139457353,62025,,302000.0,2025-04-01
139465609,62025,,93000.0,2025-04-01
139436682,32026,,75433.4,2025-04-01
139447857,102025,,110330.74,2025-04-01
139440753,12026,,304594.09,2025-04-01
139468921,122025,,524726.29,2025-04-01
139458096,32025,,100000.0,2025-04-01
139457861,22025,,169000.0,2025-04-01
139446800,102025,,460918.77,2025-04-01
139455260,22025,,351000.0,2025-04-01
139468745,122025,,494797.41,2025-04-01
139455940,32026,,347274.58,2025-04-01
139457913,22026,,166708.6,2025-04-01
139452992,62025,,339000.0,2025-04-01
139456782,22025,,300000.0,2025-04-01
139441007,32026,,597406.78,2025-04-01
139459428,42025,,463000.0,2025-04-01
139459477,72025,,478000.0,2025-04-01
139438865,82025,,525000.0,2025-04-01
139441382,82025,,472000.0,2025-04-01
139451238,92025,,213463.95,2025-04-01
139442620,72025,,304000.0,2025-04-01
139455582,62025,,571000.0,2025-04-01
139446057,52025,,251000.0,2025-04-01
139445421,102025,,234427.4,2025-04-01
139464496,72025,,120000.0,2025-04-01
139456516,32026,,285116.22,2025-04-01
139465541,12026,,272784.57,2025-04-01
139436922,62025,,192000.0,2025-04-01
139437486,32025,,236000.0,2025-04-01
139468915,12026,,311175.39,2025-04-01
139467264,92025,,211751.03,2025-04-01
139440616,92025,,293016.04,2025-04-01
139437476,62025,,232557.2,2025-04-01
139458646,82025,,74346.01,2025-04-01
139447925,12026,,162948.67,2025-04-01
139442833,12026,,329974.89,2025-04-01
139450737,92025,,441519.23,2025-04-01
139437992,32025,,374000.0,2025-04-01
139462152,92025,,625352.04,2025-04-01
139466167,12026,,122551.42,2025-04-01
139449371,82025,,576424.81,2025-04-01
139460444,22025,,399000.0,2025-04-01
139439099,32025,,617000.0,2025-04-01
139469185,52025,,248000.0,2025-04-01
139449858,22025,,366000.0,2025-04-01
139467490,12026,,445420.03,2025-04-01
139466730,22026,,545835.28,2025-04-01
139437234,82025,,761238.89,2025-04-01
139459907,72025,,312469.02,2025-04-01
139438492,22025,,60000.0,2025-04-01
139447580,62025,,235000.0,2025-04-01
139452051,12025,,349000.0,2025-04-01
139447919,32025,,599000.0,2025-04-01
139466675,122025,,315386.31,2025-04-01
139455225,22025,,446000.0,2025-04-01
139469805,102025,,683367.77,2025-04-01
139440966,82025,,308000.0,2025-04-01
139450919,82025,,315149.81,2025-04-01
139445417,62025,,326000.0,2025-04-01
139454025,12025,,140000.0,2025-04-01
139464448,122025,,923837.54,2025-04-01
139462745,32025,,118000.0,2025-04-01
139436571,62025,,183000.0,2025-04-01
139466384,12026,,122518.35,2025-04-01
139461318,32025,,849000.0,2025-04-01
139451606,22026,,118727.45,2025-04-01
139463220,42025,,87000.0,2025-04-01
139466975,42025,,218000.0,2025-04-01
139444897,52025,,424000.0,2025-04-01
139450137,72025,,414000.0,2025-04-01
139461129,62025,,203000.0,2025-04-01
139447491,82025,,264000.0,2025-04-01
139460733,102025,,138642.93,2025-04-01
139461856,122025,,66902.16,2025-04-01
139441455,32026,,169849.21,2025-04-01
139436684,102025,,193557.43,2025-04-01
139464700,82025,,316699.81,2025-04-01
139447406,12025,,155000.0,2025-04-01
139437816,22026,,320163.47,2025-04-01
139458434,112025,,639556.83,2025-04-01
139463822,22025,,445000.0,2025-04-01
139466035,22025,,622000.0,2025-04-01
139453335,12025,,278000.0,2025-04-01
139437032,12025,,343000.0,2025-04-01
139446658,22026,,789348.71,2025-04-01
139466494,32025,,330000.0,2025-04-01
139461300,112025,,289224.82,2025-04-01
139446768,102025,,134701.07,2025-04-01
139462528,122025,,977950.45,2025-04-01
139455206,102025,,392479.11,2025-04-01
139436594,22025,,186000.0,2025-04-01
139448312,122025,,196250.28,2025-04-01
139469985,82025,,183691.86,2025-04-01
139462738,52025,,310000.0,2025-04-01
139453853,72025,,166578.24,2025-04-01
139449522,82025,,799822.34,2025-04-01
139458437,12026,,150300.0,2025-04-01
139437262,22026,,503447.44,2025-04-01
139460559,92025,,290768.19,2025-04-01
139465074,102025,,382657.26,2025-04-01
139439851,112025,,146912.23,2025-04-01
139469299,32026,,244201.25,2025-04-01
139448389,42025,,456000.0,2025-04-01
139456912,12026,,115858.92,2025-04-01
139466668,32026,,232312.36,2025-04-01
139457139,102025,,346885.64,2025-04-01
139455909,22026,,292393.69,2025-04-01
139451032,22026,,123635.63,2025-04-01
139449087,12025,,200000.0,2025-04-01
139459377,72025,,447000.0,2025-04-01
139452076,32025,,592000.0,2025-04-01
139442077,12026,,276335.59,2025-04-01
139460739,62025,,608000.0,2025-04-01
139437450,42025,,94000.0,2025-04-01
139455612,12025,,265000.0,2025-04-01
139470091,62025,,169000.0,2025-04-01
139467430,32026,,398734.78,2025-04-01
139437760,32026,,280362.63,2025-04-01
139445971,32026,,182300.61,2025-04-01
139468754,22025,,328000.0,2025-04-01
139464049,42025,,133000.0,2025-04-01
139448329,102025,,346418.83,2025-04-01
139454372,112025,,121554.03,2025-04-01
139461955,42025,,150000.0,2025-04-01
139458217,112025,,279173.97,2025-04-01
139437169,22026,,277581.73,2025-04-01
139450594,12026,,27925.72,2025-04-01
139438092,32026,,75075.5,2025-04-01
139436440,122025,,81141.12,2025-04-01
139456090,112025,,277671.92,2025-04-01
139435586,22025,,420000.0,2025-04-01
139443416,32026,,552579.73,2025-04-01
139458188,22025,,223000.0,2025-04-01
139450277,32025,,544000.0,2025-04-01
139459516,52025,,280000.0,2025-04-01
139450297,82025,,366199.59,2025-04-01
139448694,32026,,328350.06,2025-04-01
139445050,32026,,159612.56,2025-04-01
139435806,32026,,228179.46,2025-04-01
139438977,92025,,375624.11,2025-04-01
139443406,12026,,133661.36,2025-04-01
139438114,32025,,0.0,2025-04-01
139450211,32026,,246400.16,2025-04-01
139455196,72025,,468000.0,2025-04-01
139465759,62025,,383000.0,2025-04-01
139467292,82025,,445855.58,2025-04-01
139468574,92025,,344376.19,2025-04-01
139452713,122025,,388283.68,2025-04-01
139455667,12026,,168266.05,2025-04-01
139469234,62025,,213000.0,2025-04-01
139465662,92025,,218416.88,2025-04-01
139449034,32025,,224000.0,2025-04-01
139458339,102025,,339714.81,2025-04-01
139468128,112025,,792922.12,2025-04-01
139454720,72025,,399000.0,2025-04-01
139457290,12026,,282034.45,2025-04-01
139469669,22026,,62914.7,2025-04-01
139452229,52025,,286000.0,2025-04-01
139460434,22026,,385742.49,2025-04-01
139461221,112025,,432689.47,2025-04-01
139464693,32025,,415000.0,2025-04-01
139464855,32025,,287000.0,2025-04-01
139440947,92025,,715251.47,2025-04-01
139468576,112025,,181767.33,2025-04-01
139455463,42025,,657000.0,2025-04-01
139442673,12025,,248000.0,2025-04-01
139440446,62025,,467000.0,2025-04-01
139455044,72025,,349000.0,2025-04-01
139457634,102025,,299548.3,2025-04-01
139442133,62025,,298000.0,2025-04-01
139456507,52025,,175000.0,2025-04-01
139466345,42025,,99000.0,2025-04-01
139447917,32026,,274580.36,2025-04-01
139467943,12025,,318000.0,2025-04-01
139458177,12025,,200000.0,2025-04-01
139436207,12026,,225745.32,2025-04-01
139441467,52025,,673000.0,2025-04-01
139442847,82025,,275000.0,2025-04-01
139467385,122025,,112007.43,2025-04-01
139466783,32026,,406154.6,2025-04-01
139467792,22025,,332000.0,2025-04-01
139466360,62025,,374000.0,2025-04-01
139451437,122025,,189223.23,2025-04-01
139448563,52025,,605000.0,2025-04-01
139437590,62025,,307000.0,2025-04-01
139449156,12025,,440000.0,2025-04-01
139461479,112025,,191534.53,2025-04-01
139439634,12026,,273488.64,2025-04-01
139462594,72025,,291000.0,2025-04-01
139440737,42025,,201000.0,2025-04-01
139454458,12025,,125000.0,2025-04-01
139446962,92025,,312407.27,2025-04-01
139457899,22026,,137575.85,2025-04-01
139463662,52025,,513000.0,2025-04-01
139441144,22025,,161000.0,2025-04-01
139460091,92025,,33777.06,2025-04-01
139448552,92025,,249859.56,2025-04-01
139467649,82025,,0.0,2025-04-01
139454648,62025,,463000.0,2025-04-01
139469726,32026,,118475.61,2025-04-01
139443949,82025,,95397.19,2025-04-01
139462990,12026,,131809.33,2025-04-01
139466982,62025,,314000.0,2025-04-01
139438579,12025,,422000.0,2025-04-01
139446067,22025,,750000.0,2025-04-01
139459637,12025,,764000.0,2025-04-01
139468616,102025,,792356.91,2025-04-01
139460023,12025,,350000.0,2025-04-01
139458359,92025,,438648.36,2025-04-01
139458542,12026,,527602.38,2025-04-01
139437647,12026,,540566.03,2025-04-01
139465006,42025,,283000.0,2025-04-01
139463372,42025,,440000.0,2025-04-01
139452120,42025,,399000.0,2025-04-01
139448191,102025,,284888.74,2025-04-01
139443142,62025,,279000.0,2025-04-01
139468810,12025,,654000.0,2025-04-01
139442304,32026,,286073.24,2025-04-01
139447859,112025,,281305.72,2025-04-01
139437052,52025,,91000.0,2025-04-01
139436042,22025,,382000.0,2025-04-01
139446305,42025,,417000.0,2025-04-01
139437914,22026,,239632.76,2025-04-01
139444489,22026,,529313.8,2025-04-01
139448792,32026,,269830.46,2025-04-01
139443747,42025,,436000.0,2025-04-01
139437452,102025,,160669.38,2025-04-01
139465117,122025,,157620.95,2025-04-01
139451957,52025,,429000.0,2025-04-01
139457717,12026,,434406.18,2025-04-01
139436354,12026,,774725.72,2025-04-01
139457905,82025,,279371.04,2025-04-01
139461392,92025,,744970.51,2025-04-01
139467143,22025,,346000.0,2025-04-01
139466482,32026,,298724.17,2025-04-01
139470218,22026,,205879.47,2025-04-01
139449605,62025,,331000.0,2025-04-01
139461062,122025,,54871.47,2025-04-01
139452219,12025,,185000.0,2025-04-01
139449746,112025,,128186.38,2025-04-01
139465482,42025,,178000.0,2025-04-01
139466143,92025,,67536.13,2025-04-01
139442102,12025,,280000.0,2025-04-01
139435680,112025,,152110.45,2025-04-01
139459722,22025,,247000.0,2025-04-01
139445749,32025,,499000.0,2025-04-01
139456497,32026,,482411.81,2025-04-01
139445674,102025,,197910.12,2025-04-01
139448436,92025,,420948.82,2025-04-01
139465419,12025,,61000.0,2025-04-01
139462997,22025,,379000.0,2025-04-01
139467715,22025,,251000.0,2025-04-01
139456324,72025,,322000.0,2025-04-01
139463230,102025,,762755.59,2025-04-01
139440311,122025,,239317.03,2025-04-01
139452573,102025,,136974.22,2025-04-01
139452933,62025,,463000.0,2025-04-01
139448825,12025,,155000.0,2025-04-01
139441275,112025,,381175.73,2025-04-01
139454999,22025,,608000.0,2025-04-01
139459757,12026,,90119.13,2025-04-01
139444906,22026,,515365.71,2025-04-01
139456133,12026,,226154.79,2025-04-01
139451521,42025,,130000.0,2025-04-01
139469588,22026,,297234.56,2025-04-01
139436177,102025,,353075.82,2025-04-01
139440987,102025,,81498.64,2025-04-01
139439246,72025,,112000.0,2025-04-01
139461445,42025,,190000.0,2025-04-01
139467226,62025,,183000.0,2025-04-01
139452314,92025,,655722.4,2025-04-01
139454838,122025,,785606.49,2025-04-01
139452056,82025,,410550.65,2025-04-01
139453165,62025,,347000.0,2025-04-01
139449631,82025,,103269.33,2025-04-01
139435712,32025,,227000.0,2025-04-01
139440578,92025,,568408.31,2025-04-01
139462594,52025,,291000.0,2025-04-01
139465044,102025,,255647.0,2025-04-01
139439973,102025,,106804.88,2025-04-01
139464246,32026,,293160.61,2025-04-01
139451678,12025,,220000.0,2025-04-01
139464587,12025,,384000.0,2025-04-01
139468130,42025,,320000.0,2025-04-01
139451874,82025,,70358.62,2025-04-01
139467555,12025,,257000.0,2025-04-01
139446506,52025,,542000.0,2025-04-01
139454004,112025,,462275.53,2025-04-01
139468894,112025,,238724.34,2025-04-01
139450671,42025,,120000.0,2025-04-01
139437657,12025,,347000.0,2025-04-01
139464549,32026,,491834.17,2025-04-01
139448641,32026,,512707.86,2025-04-01
139465720,52025,,407000.0,2025-04-01
139439365,72025,,313000.0,2025-04-01
139460906,92025,,183300.25,2025-04-01
139451195,92025,,509998.61,2025-04-01
139458298,32025,,131000.0,2025-04-01
139463349,72025,,55000.0,2025-04-01
139466652,62025,,307000.0,2025-04-01
139461276,82025,,147000.0,2025-04-01
139457967,62025,,239000.0,2025-04-01
139465386,62025,,259000.0,2025-04-01
139442431,112025,,295840.62,2025-04-01
139454135,102025,,298834.29,2025-04-01
139446013,42025,,302000.0,2025-04-01
139468538,32025,,463000.0,2025-04-01
139454964,22025,,258000.0,2025-04-01
139441925,12026,,358120.2,2025-04-01
139454347,102025,,737834.9,2025-04-01
139456831,32025,,1047000.0,2025-04-01
139435786,32026,,292718.79,2025-04-01
139439098,22025,,145000.0,2025-04-01
139448880,22025,,315000.0,2025-04-01
139445084,22025,,210502.02,2025-04-01
139445060,32025,,225000.0,2025-04-01
139469460,112025,,435195.63,2025-04-01
139462577,62025,,496000.0,2025-04-01
139442131,22025,,342000.0,2025-04-01
139461555,112025,,610070.91,2025-04-01
139453023,102025,,283752.58,2025-04-01
139443044,102025,,314386.5,2025-04-01
139466599,112025,,753757.41,2025-04-01
139437161,22025,,215000.0,2025-04-01
139468260,112025,,524214.11,2025-04-01
139461021,112025,,381516.84,2025-04-01
139470058,92025,,396484.24,2025-04-01
139451652,32026,,594791.31,2025-04-01
139468079,82025,,250478.48,2025-04-01
139452094,12025,,305000.0,2025-04-01
139469616,62025,,213000.0,2025-04-01
139437089,22025,,197000.0,2025-04-01
139436720,52025,,440205.78,2025-04-01
139437738,92025,,556252.69,2025-04-01
139449059,72025,,191788.12,2025-04-01
139447721,102025,,285153.36,2025-04-01
139458685,112025,,209247.39,2025-04-01
139449368,112025,,72242.78,2025-04-01
139451644,42025,,434000.0,2025-04-01
139469421,52025,,223000.0,2025-04-01
139465039,12025,,156000.0,2025-04-01
139467499,92025,,770133.64,2025-04-01
139467945,72025,,296000.0,2025-04-01
139460178,22025,,364000.0,2025-04-01
139454879,72025,,509000.0,2025-04-01
139448710,92025,,228087.59,2025-04-01
139436620,32025,,140000.0,2025-04-01
139455879,42025,,215000.0,2025-04-01
139454756,102025,,313042.39,2025-04-01
139453528,22026,,155587.77,2025-04-01
139447947,62025,,0.0,2025-04-01
139459087,22025,,161000.0,2025-04-01
139439596,42025,,218000.0,2025-04-01
139448966,72025,,393000.0,2025-04-01
139461611,22025,,845000.0,2025-04-01
139443012,32026,,500403.79,2025-04-01
139436169,22025,,366000.0,2025-04-01
139458540,92025,,109601.82,2025-04-01
139470173,32025,,324000.0,2025-04-01
139435553,122025,,503178.97,2025-04-01
139456863,102025,,196875.25,2025-04-01
139455392,52025,,359000.0,2025-04-01
139446160,92025,,0.0,2025-04-01
139440961,22025,,164000.0,2025-04-01
139447914,32025,,255000.0,2025-04-01
139467260,52025,,571000.0,2025-04-01
139444261,12025,,278000.0,2025-04-01
139443839,92025,,312595.84,2025-04-01
139461975,22026,,552267.77,2025-04-01
139449683,102025,,213223.44,2025-04-01
139459554,12025,,305000.0,2025-04-01
139465221,92025,,286851.6,2025-04-01
139455684,32026,,256874.98,2025-04-01
139463617,92025,,785298.22,2025-04-01
139457022,122025,,42114.84,2025-04-01
139459836,122025,,198074.7,2025-04-01
139465490,52025,,231000.0,2025-04-01
139442271,12025,,693000.0,2025-04-01
139438541,92025,,516880.99,2025-04-01
139442674,22025,,679000.0,2025-04-01
139463699,22026,,258557.83,2025-04-01
139458385,122025,,236838.22,2025-04-01
139451669,42025,,418000.0,2025-04-01
139436900,92025,,95615.2,2025-04-01
139437877,32025,,285000.0,2025-04-01
139455067,32025,,387000.0,2025-04-01
139436851,22025,,199000.0,2025-04-01
139440718,72025,,171000.0,2025-04-01
139456395,102025,,296310.45,2025-04-01
139466086,42025,,221000.0,2025-04-01
139463482,72025,,689000.0,2025-04-01
139442510,62025,,347000.0,2025-04-01
139440329,12026,,459331.28,2025-04-01
139457637,82025,,131050.12,2025-04-01
139447761,12025,,664000.0,2025-04-01
139440259,32026,,54177.92,2025-04-01
139455231,12025,,321000.0,2025-04-01
139462427,52025,,127000.0,2025-04-01
139437064,22025,,335000.0,2025-04-01
139455666,22026,,283039.71,2025-04-01
139461778,22026,,328989.5,2025-04-01
139444727,32026,,172529.13,2025-04-01
139461924,12026,,269576.86,2025-04-01
139445490,112025,,209833.87,2025-04-01
139459979,52025,,343000.0,2025-04-01
139455613,72025,,607000.0,2025-04-01
139468321,12025,,622000.0,2025-04-01
139464752,12025,,330000.0,2025-04-01
139449375,62025,,419000.0,2025-04-01
139435787,42025,,279000.0,2025-04-01
139439667,12026,,314761.01,2025-04-01
139468987,32026,,234694.66,2025-04-01
139466694,12025,,465000.0,2025-04-01
139452336,22025,,526000.0,2025-04-01
139445745,22026,,182059.22,2025-04-01
139469960,52025,,322000.0,2025-04-01
139457288,112025,,252633.23,2025-04-01
139468842,12025,,57000.0,2025-04-01
139446068,22025,,676000.0,2025-04-01
139446847,62025,,443000.0,2025-04-01
139461755,62025,,139000.0,2025-04-01
139445040,22025,,185000.0,2025-04-01
139444452,12026,,0.0,2025-04-01
139449941,112025,,451037.66,2025-04-01
139465388,62025,,357000.0,2025-04-01
139462673,12025,,581000.0,2025-04-01
139447155,22026,,27549.49,2025-04-01
139457173,22025,,232000.0,2025-04-01
139447409,122025,,351414.22,2025-04-01
139458179,42025,,309000.0,2025-04-01
139454478,12026,,368643.85,2025-04-01
139463954,32025,,638000.0,2025-04-01
139451739,42025,,463000.0,2025-04-01
139438964,32026,,146870.59,2025-04-01
139467428,32025,,468000.0,2025-04-01
139463677,72025,,211000.0,2025-04-01
139442927,112025,,521027.68,2025-04-01
139436628,52025,,496000.0,2025-04-01
139437544,82025,,249694.65,2025-04-01
139464119,92025,,373154.74,2025-04-01
139446226,122025,,532927.72,2025-04-01
139450792,62025,,207000.0,2025-04-01
139456690,12026,,119533.6,2025-04-01
139446263,32025,,163000.0,2025-04-01
139446073,12026,,278120.25,2025-04-01
139452198,12025,,200000.0,2025-04-01
139454403,102025,,68101.7,2025-04-01
139462471,92025,,240881.05,2025-04-01
139464045,12026,,245946.38,2025-04-01
139460499,92025,,619410.62,2025-04-01
139469392,52025,,794000.0,2025-04-01
139461860,102025,,121251.49,2025-04-01
139468485,62025,,224000.0,2025-04-01
139436717,12026,,79015.7,2025-04-01
139446401,92025,,310689.34,2025-04-01
139454011,82025,,113763.54,2025-04-01
139462149,102025,,654069.59,2025-04-01
139462292,12026,,504472.56,2025-04-01
139461585,62025,,487000.0,2025-04-01
139468203,82025,,94686.21,2025-04-01
139448458,52025,,55000.0,2025-04-01
139465481,52025,,581000.0,2025-04-01
139456158,12026,,155651.02,2025-04-01
139435840,12025,,382000.0,2025-04-01
139453676,42025,,234000.0,2025-04-01
139447677,82025,,302000.0,2025-04-01
139460084,12026,,177350.39,2025-04-01
139461571,122025,,558913.11,2025-04-01
139437705,42025,,577000.0,2025-04-01
139447932,102025,,487466.25,2025-04-01
139463002,102025,,611726.63,2025-04-01
139458961,52025,,114000.0,2025-04-01
139468273,72025,,175000.0,2025-04-01
139450844,82025,,234766.6,2025-04-01
139446014,92025,,346902.58,2025-04-01
139456240,82025,,654355.15,2025-04-01
139456635,12025,,285000.0,2025-04-01
139459727,22026,,256917.07,2025-04-01
139440082,42025,,110000.0,2025-04-01
139460416,42025,,165000.0,2025-04-01
139445726,122025,,487818.84,2025-04-01
139447455,102025,,420543.69,2025-04-01
139445715,32025,,806000.0,2025-04-01
139441813,12026,,307434.57,2025-04-01
139466607,52025,,471000.0,2025-04-01
139447523,92025,,298871.36,2025-04-01
139467166,52025,,266000.0,2025-04-01
139451650,62025,,757000.0,2025-04-01
139463634,12025,,100000.0,2025-04-01
139461886,52025,,568000.0,2025-04-01
139469957,62025,,314682.43,2025-04-01
139449772,22025,,684000.0,2025-04-01
139456841,42025,,398000.0,2025-04-01
139437758,12025,,155000.0,2025-04-01
139439113,12025,,221000.0,2025-04-01
139467662,92025,,131396.83,2025-04-01
139442286,12025,,199000.0,2025-04-01
139468906,82025,,297734.38,2025-04-01
139446624,32026,,591316.16,2025-04-01
139458942,122025,,614946.64,2025-04-01
139442410,22025,,480000.0,2025-04-01
139457861,42025,,169000.0,2025-04-01
139447229,82025,,466051.5,2025-04-01
139454228,12025,,555000.0,2025-04-01
139449139,32026,,237334.68,2025-04-01
139443839,12026,,311397.1,2025-04-01
139452144,32025,,264000.0,2025-04-01
139464323,52025,,523000.0,2025-04-01
139438990,62025,,227000.0,2025-04-01
139468833,72025,,135000.0,2025-04-01
139442600,112025,,196280.69,2025-04-01
139441359,72025,,529023.42,2025-04-01
139436183,82025,,468809.45,2025-04-01
139463425,112025,,362460.98,2025-04-01
139443310,102025,,165736.44,2025-04-01
139445741,22025,,279000.0,2025-04-01
139465548,12025,,171000.0,2025-04-01
139450866,12025,,806000.0,2025-04-01
139446811,32026,,111059.41,2025-04-01
139459369,22026,,106860.7,2025-04-01
139463658,52025,,298000.0,2025-04-01
139463470,22025,,338000.0,2025-04-01
139440593,112025,,157880.01,2025-04-01
139437937,92025,,494533.03,2025-04-01
139468960,52025,,240000.0,2025-04-01
139457909,122025,,118997.26,2025-04-01
139454138,32025,,201000.0,2025-04-01
139452801,92025,,545753.49,2025-04-01
139452961,102025,,162684.82,2025-04-01
139458693,22025,,687000.0,2025-04-01
139448047,12025,,548000.0,2025-04-01
139464392,52025,,175000.0,2025-04-01
139458913,22026,,169882.3,2025-04-01
139459246,62025,,232000.0,2025-04-01
139465877,22026,,281083.17,2025-04-01
139467719,32026,,140760.15,2025-04-01
139464186,22025,,100000.0,2025-04-01
139467818,72025,,89000.0,2025-04-01
139460683,52025,,533000.0,2025-04-01
139447836,52025,,459000.0,2025-04-01
139446536,62025,,499000.0,2025-04-01
139453623,92025,,594244.36,2025-04-01
139456132,112025,,462571.43,2025-04-01
139448043,62025,,175000.0,2025-04-01
139435579,32025,,296000.0,2025-04-01
139448738,22025,,308000.0,2025-04-01
139466920,22026,,264896.88,2025-04-01
139441336,102025,,127825.98,2025-04-01
139457255,32025,,232000.0,2025-04-01
139435807,12025,,266000.0,2025-04-01
139457734,72025,,796000.0,2025-04-01
139456703,52025,,384000.0,2025-04-01
139441809,82025,,212561.44,2025-04-01
139466678,22025,,352000.0,2025-04-01
139458407,102025,,434347.97,2025-04-01
139446261,92025,,148226.52,2025-04-01
139448687,42025,,220000.0,2025-04-01
139443403,42025,,146000.0,2025-04-01
139457209,22026,,373944.37,2025-04-01
139453994,82025,,379742.29,2025-04-01
139463637,42025,,464000.0,2025-04-01
139460607,62025,,402000.0,2025-04-01
139462484,22025,,243000.0,2025-04-01
139437722,112025,,173929.13,2025-04-01
139444211,32025,,285000.0,2025-04-01
139456281,52025,,202000.0,2025-04-01
139463037,42025,,483000.0,2025-04-01
139462102,82025,,795213.62,2025-04-01
139452756,32025,,449000.0,2025-04-01
139457428,62025,,190000.0,2025-04-01
139463675,22025,,233000.0,2025-04-01
139461163,12025,,741000.0,2025-04-01
139454527,52025,,591000.0,2025-04-01
139445873,72025,,139725.86,2025-04-01
139440173,22026,,454281.31,2025-04-01
139456897,72025,,118000.0,2025-04-01
139450182,12026,,280477.71,2025-04-01
139447395,112025,,346757.68,2025-04-01
139441278,52025,,122000.0,2025-04-01
139439493,12026,,158207.08,2025-04-01
139443483,52025,,179000.0,2025-04-01
139438208,82025,,310483.19,2025-04-01
139464497,102025,,292109.19,2025-04-01
139449601,62025,,552000.0,2025-04-01
139447348,12026,,663063.68,2025-04-01
139455357,92025,,287185.3,2025-04-01
139447232,52025,,706000.0,2025-04-01
139438609,52025,,222665.82,2025-04-01
139443582,32026,,293872.24,2025-04-01
139450311,32026,,349494.37,2025-04-01
139467652,32026,,327909.52,2025-04-01
139449211,42025,,179000.0,2025-04-01
139454737,32025,,285000.0,2025-04-01
139456077,42025,,308000.0,2025-04-01
139446700,102025,,166464.02,2025-04-01
139455427,22025,,306000.0,2025-04-01
139458088,32026,,793209.14,2025-04-01
139462456,122025,,146425.06,2025-04-01
139462394,82025,,135192.48,2025-04-01
139448766,22025,,212000.0,2025-04-01
139436582,12025,,470000.0,2025-04-01
139448328,52025,,179000.0,2025-04-01
139448068,112025,,79276.39,2025-04-01
139437498,72025,,248087.14,2025-04-01
139458032,52025,,274000.0,2025-04-01
139440297,52025,,320000.0,2025-04-01
139448136,112025,,694179.71,2025-04-01
139453823,92025,,324369.77,2025-04-01
139448907,22025,,327000.0,2025-04-01
139444517,72025,,170754.32,2025-04-01
139469376,22025,,200000.0,2025-04-01
139454736,12025,,665000.0,2025-04-01
139444099,22025,,397000.0,2025-04-01
139465846,32025,,223000.0,2025-04-01
139443995,12025,,210000.0,2025-04-01
139460316,52025,,963000.0,2025-04-01
139464427,62025,,238000.0,2025-04-01
139462120,32026,,349368.66,2025-04-01
139440084,12026,,207671.24,2025-04-01
139469171,62025,,115000.0,2025-04-01
139435647,112025,,90070.76,2025-04-01
139453296,42025,,742000.0,2025-04-01
139455203,12025,,587000.0,2025-04-01
139469296,12026,,177126.21,2025-04-01
139442017,62025,,229000.0,2025-04-01
139452658,42025,,294000.0,2025-04-01
139466492,12026,,363243.65,2025-04-01
139446820,62025,,219000.0,2025-04-01
139436316,82025,,139588.29,2025-04-01
139441312,92025,,297685.28,2025-04-01
139450925,32026,,609253.0,2025-04-01
139441123,42025,,523000.0,2025-04-01
139445367,72025,,78000.0,2025-04-01
139468384,32025,,455000.0,2025-04-01
139461307,12026,,201877.38,2025-04-01
139450798,122025,,357662.9,2025-04-01
139465331,102025,,349445.73,2025-04-01
139447439,22026,,420372.66,2025-04-01
139458981,52025,,370000.0,2025-04-01
139464462,22026,,219539.11,2025-04-01
139440316,62025,,197000.0,2025-04-01
139452228,22026,,136464.09,2025-04-01
139443641,22026,,197403.1,2025-04-01
139444392,12025,,277000.0,2025-04-01
139451950,102025,,163973.74,2025-04-01
139447860,62025,,206000.0,2025-04-01
139460518,22025,,690000.0,2025-04-01
139438024,12026,,351229.79,2025-04-01
139452421,32026,,133831.62,2025-04-01
139468102,42025,,488000.0,2025-04-01
139467929,22026,,174800.41,2025-04-01
139459286,32026,,304434.56,2025-04-01
139440408,22026,,369423.03,2025-04-01
139446240,22025,,150000.0,2025-04-01
139458015,122025,,270643.24,2025-04-01
139463425,62025,,364000.0,2025-04-01
139465463,22025,,175000.0,2025-04-01
139457262,32025,,206000.0,2025-04-01
139469972,112025,,147996.21,2025-04-01
139458929,102025,,416759.81,2025-04-01
139454334,72025,,131000.0,2025-04-01
139440387,22025,,644000.0,2025-04-01
139470119,22026,,560434.94,2025-04-01
139448413,62025,,80000.0,2025-04-01
139469282,12025,,437000.0,2025-04-01
139445401,62025,,529000.0,2025-04-01
139437934,32025,,438000.0,2025-04-01
139462767,32026,,176455.72,2025-04-01
139459146,22026,,455373.55,2025-04-01
139454729,42025,,143000.0,2025-04-01
139460925,112025,,1134714.67,2025-04-01
139444247,122025,,265261.53,2025-04-01
139441296,12025,,142000.0,2025-04-01
139455985,12026,,201634.51,2025-04-01
139448343,32025,,384000.0,2025-04-01
139461987,102025,,199669.18,2025-04-01
139469791,32025,,383000.0,2025-04-01
139462609,32025,,259000.0,2025-04-01
139436112,82025,,147944.01,2025-04-01
139436301,92025,,362192.46,2025-04-01
139441449,82025,,164525.2,2025-04-01
139463690,32025,,359000.0,2025-04-01
139458817,22026,,409974.22,2025-04-01
139456462,112025,,172203.78,2025-04-01
139469217,122025,,629104.5,2025-04-01
139441152,82025,,72708.91,2025-04-01
139443545,112025,,408174.84,2025-04-01
139453922,62025,,149000.0,2025-04-01
139440320,42025,,225000.0,2025-04-01
139461046,52025,,161000.0,2025-04-01
139456439,52025,,546000.0,2025-04-01
139464448,112025,,923837.54,2025-04-01
139462793,32025,,202000.0,2025-04-01
139453780,112025,,471149.3,2025-04-01
139449795,82025,,220688.12,2025-04-01
139460706,112025,,115674.29,2025-04-01
139439480,92025,,494494.7,2025-04-01
139443322,82025,,116133.75,2025-04-01
139465773,82025,,293000.0,2025-04-01
139442464,32025,,510000.0,2025-04-01
139454699,42025,,330000.0,2025-04-01
139456325,82025,,1186234.75,2025-04-01
139462815,122025,,193614.28,2025-04-01
139466640,112025,,221610.62,2025-04-01
139446148,62025,,332000.0,2025-04-01
139462874,72025,,237000.0,2025-04-01
139466093,12025,,515000.0,2025-04-01
139436066,32025,,299000.0,2025-04-01
139461838,72025,,291000.0,2025-04-01
139463222,12026,,293924.0,2025-04-01
139464661,12026,,555812.35,2025-04-01
139455191,102025,,165356.39,2025-04-01
139456247,12026,,273536.67,2025-04-01
139437440,42025,,638000.0,2025-04-01
139448562,12026,,788210.54,2025-04-01
139452459,112025,,265554.78,2025-04-01
139447358,72025,,216912.2,2025-04-01
139466136,42025,,151000.0,2025-04-01
139466452,12025,,252000.0,2025-04-01
139469857,102025,,153695.61,2025-04-01
139458053,12026,,758948.96,2025-04-01
139440504,82025,,136543.7,2025-04-01
139437688,82025,,165082.14,2025-04-01
139449809,22026,,446563.08,2025-04-01
139461656,32026,,316172.97,2025-04-01
139447064,42025,,299000.0,2025-04-01
139466641,62025,,438000.0,2025-04-01
139461173,12026,,186637.11,2025-04-01
139451084,82025,,128000.0,2025-04-01
139440882,12026,,471613.04,2025-04-01
139441735,52025,,227000.0,2025-04-01
139438309,102025,,142671.75,2025-04-01
139461180,112025,,249827.49,2025-04-01
139449598,62025,,75000.0,2025-04-01
139439587,82025,,802000.0,2025-04-01
139459446,52025,,318000.0,2025-04-01
139460983,52025,,542000.0,2025-04-01
139460272,52025,,264000.0,2025-04-01
139456340,52025,,306000.0,2025-04-01
139448514,112025,,39774.83,2025-04-01
139470066,102025,,159816.3,2025-04-01
139470123,12026,,225155.2,2025-04-01
139442931,72025,,194000.0,2025-04-01
139469447,102025,,421487.31,2025-04-01
139455931,42025,,198000.0,2025-04-01
139439056,22025,,266000.0,2025-04-01
139439862,102025,,320684.11,2025-04-01
139468567,22026,,56739.12,2025-04-01
139436655,32026,,398195.12,2025-04-01
139456310,32025,,254000.0,2025-04-01
139446428,62025,,184000.0,2025-04-01
139441001,62025,,99000.0,2025-04-01
139454142,72025,,387000.0,2025-04-01
139458807,12026,,189801.75,2025-04-01
139445565,82025,,383000.0,2025-04-01
139460526,52025,,143000.0,2025-04-01
139437123,22026,,249854.73,2025-04-01
139460740,122025,,150780.45,2025-04-01
139440246,122025,,237333.42,2025-04-01
139450245,62025,,75000.0,2025-04-01
139456202,102025,,253735.86,2025-04-01
139468841,62025,,281000.0,2025-04-01
139460385,12025,,227000.0,2025-04-01
139453802,112025,,170644.56,2025-04-01
139438717,22025,,129000.0,2025-04-01
139443954,22026,,338333.55,2025-04-01
139454180,42025,,243000.0,2025-04-01
139466643,112025,,396547.16,2025-04-01
139437739,22026,,268133.94,2025-04-01
139461154,12025,,460000.0,2025-04-01
139449141,102025,,649216.66,2025-04-01
139449447,122025,,298142.88,2025-04-01
139447940,32025,,322000.0,2025-04-01
139454485,92025,,221287.7,2025-04-01
139437061,82025,,607344.42,2025-04-01
139466382,32025,,137000.0,2025-04-01
139439004,22025,,223000.0,2025-04-01
139443750,92025,,813746.24,2025-04-01
139452811,12025,,529000.0,2025-04-01
139466581,32026,,331469.19,2025-04-01
139454343,32026,,335782.12,2025-04-01
139454833,12026,,631130.32,2025-04-01
139443008,12025,,405000.0,2025-04-01
139470032,52025,,233000.0,2025-04-01
139465988,82025,,129000.0,2025-04-01
139450748,32025,,174000.0,2025-04-01
139468832,62025,,636000.0,2025-04-01
139445410,72025,,223898.02,2025-04-01
139465446,32025,,291000.0,2025-04-01
139446969,92025,,406339.47,2025-04-01
139439441,72025,,557000.0,2025-04-01
139454298,12025,,702000.0,2025-04-01
139464080,32025,,95000.0,2025-04-01
139435652,122025,,347168.79,2025-04-01
139467894,52025,,462000.0,2025-04-01
139436825,22026,,188682.89,2025-04-01
139436944,112025,,369130.65,2025-04-01
139469923,102025,,435144.91,2025-04-01
139461412,42025,,323000.0,2025-04-01
139450057,52025,,645000.0,2025-04-01
139444952,102025,,222951.29,2025-04-01
139469601,112025,,82998.89,2025-04-01
139454841,52025,,97000.0,2025-04-01
139459553,72025,,277000.0,2025-04-01
139458793,52025,,343000.0,2025-04-01
139462361,122025,,280284.22,2025-04-01
139450721,92025,,262317.13,2025-04-01
139451954,82025,,648095.27,2025-04-01
139444234,52025,,378000.0,2025-04-01
139456674,52025,,303000.0,2025-04-01
139457899,62025,,139000.0,2025-04-01
139437441,72025,,649177.2,2025-04-01
139466689,32026,,96614.08,2025-04-01
139459171,92025,,780200.19,2025-04-01
139447299,32025,,639000.0,2025-04-01
139457215,112025,,362595.93,2025-04-01
139445186,102025,,276771.85,2025-04-01
139451350,22026,,102494.38,2025-04-01
139443858,32025,,414000.0,2025-04-01
139460772,102025,,223204.43,2025-04-01
139462500,22025,,252000.0,2025-04-01
139460608,102025,,384141.06,2025-04-01
139444418,22026,,588763.42,2025-04-01
139452582,72025,,297192.73,2025-04-01
139465902,32026,,234878.73,2025-04-01
139468140,52025,,233000.0,2025-04-01
139451072,12025,,555000.0,2025-04-01
139445142,12026,,536237.94,2025-04-01
139464162,72025,,553000.0,2025-04-01
139450499,102025,,579506.96,2025-04-01
139462488,22025,,420000.0,2025-04-01
139467422,112025,,173646.03,2025-04-01
139447603,32026,,492444.25,2025-04-01
139463679,12025,,367000.0,2025-04-01
139445136,12025,,80000.0,2025-04-01
139437466,22026,,358003.91,2025-04-01
139469480,122025,,411951.1,2025-04-01
139461278,12026,,582876.0,2025-04-01
139439071,102025,,212226.92,2025-04-01
139450293,122025,,399553.01,2025-04-01
139452542,32026,,85488.1,2025-04-01
139449406,32025,,245000.0,2025-04-01
139437264,62025,,74000.0,2025-04-01
139454850,112025,,480173.14,2025-04-01
139467427,62025,,187000.0,2025-04-01
139445244,112025,,84356.83,2025-04-01
139458483,32025,,231000.0,2025-04-01
139437680,62025,,532000.0,2025-04-01
139442753,102025,,168387.28,2025-04-01
139468230,12025,,243000.0,2025-04-01
139458137,22025,,617000.0,2025-04-01
139437678,42025,,199000.0,2025-04-01
139465511,22025,,132000.0,2025-04-01
139450836,122025,,98978.18,2025-04-01
139442640,72025,,767000.0,2025-04-01
139460573,12026,,341356.94,2025-04-01
139462529,42025,,260000.0,2025-04-01
139465455,32025,,119000.0,2025-04-01
139461403,92025,,406374.96,2025-04-01
139451242,42025,,209000.0,2025-04-01
139446895,12026,,289642.13,2025-04-01
139443691,22026,,389463.07,2025-04-01
139463511,22026,,733908.29,2025-04-01
139456794,62025,,306000.0,2025-04-01
139439249,32025,,548000.0,2025-04-01
139447764,12025,,295000.0,2025-04-01
139438975,32026,,755975.56,2025-04-01
139442642,62025,,217000.0,2025-04-01
139461055,42025,,503000.0,2025-04-01
139436524,112025,,778403.7,2025-04-01
139466443,12025,,100000.0,2025-04-01
139449503,32025,,322000.0,2025-04-01
139470020,102025,,59670.3,2025-04-01
139440414,32026,,179169.12,2025-04-01
139437344,62025,,347581.96,2025-04-01
139465450,32026,,424659.62,2025-04-01
139436519,62025,,760000.0,2025-04-01
139453704,52025,,204000.0,2025-04-01
139438729,82025,,422754.92,2025-04-01
139455791,62025,,115000.0,2025-04-01
139439144,22025,,206000.0,2025-04-01
139448321,102025,,284899.54,2025-04-01
139449157,12026,,216649.78,2025-04-01
139469281,102025,,474847.94,2025-04-01
139462558,52025,,214000.0,2025-04-01
139464069,112025,,354411.68,2025-04-01
139462528,52025,,992000.0,2025-04-01
139445200,62025,,647000.0,2025-04-01
139447156,82025,,474998.69,2025-04-01
139453817,92025,,74612.67,2025-04-01
139449124,62025,,482000.0,2025-04-01
139454458,122025,,123628.98,2025-04-01
139452601,12026,,327482.08,2025-04-01
139448962,112025,,129673.95,2025-04-01
139468190,72025,,226000.0,2025-04-01
139443748,72025,,198000.0,2025-04-01
139458248,82025,,252513.95,2025-04-01
139466295,52025,,423000.0,2025-04-01
139465378,12025,,708000.0,2025-04-01
139463394,82025,,268977.83,2025-04-01
139460688,62025,,271000.0,2025-04-01
139455874,32026,,203295.44,2025-04-01
139437523,62025,,154000.0,2025-04-01
139469015,112025,,0.0,2025-04-01
139469903,102025,,322186.38,2025-04-01
139466753,102025,,203015.91,2025-04-01
139447611,102025,,44668.37,2025-04-01
139454398,112025,,209585.18,2025-04-01
139464323,112025,,518414.9,2025-04-01
139442664,32026,,248647.27,2025-04-01
139441831,32025,,591000.0,2025-04-01
139436215,82025,,240385.54,2025-04-01
139454540,112025,,368792.04,2025-04-01
139455350,62025,,220000.0,2025-04-01
139465046,122025,,47819.66,2025-04-01
139466404,102025,,99073.6,2025-04-01
139469302,112025,,201709.61,2025-04-01
139442807,22025,,464000.0,2025-04-01
139459929,112025,,224882.12,2025-04-01
139436375,62025,,154000.0,2025-04-01
139459625,12026,,174830.86,2025-04-01
139459095,72025,,603000.0,2025-04-01
139459997,122025,,213642.43,2025-04-01
139452776,122025,,106891.45,2025-04-01
139454265,102025,,96168.54,2025-04-01
139459616,42025,,393000.0,2025-04-01
139460154,22025,,457000.0,2025-04-01
139462592,12026,,0.0,2025-04-01
139442562,112025,,563097.44,2025-04-01
139438064,102025,,612241.87,2025-04-01
139451351,92025,,337553.3,2025-04-01
139454765,52025,,99000.0,2025-04-01
139467606,62025,,149000.0,2025-04-01
139457277,12025,,1188000.0,2025-04-01
139458894,122025,,356944.55,2025-04-01
139436280,112025,,232823.04,2025-04-01
139439094,122025,,238795.28,2025-04-01
139451133,32026,,310771.39,2025-04-01
139464602,72025,,513000.0,2025-04-01
139445735,22026,,147520.33,2025-04-01
139464441,32025,,282000.0,2025-04-01
139441363,42025,,599000.0,2025-04-01
139446808,12025,,576000.0,2025-04-01
139441087,12026,,29727.06,2025-04-01
139446203,22025,,364000.0,2025-04-01
139456229,72025,,739000.0,2025-04-01
139449901,72025,,117000.0,2025-04-01
139467269,72025,,723977.24,2025-04-01
139456358,22026,,351396.22,2025-04-01
139464562,42025,,288000.0,2025-04-01
139466398,112025,,338179.95,2025-04-01
139459560,82025,,106000.0,2025-04-01
139461537,102025,,471440.75,2025-04-01
139467783,32025,,156000.0,2025-04-01
139462817,72025,,388591.92,2025-04-01
139468057,52025,,250000.0,2025-04-01
139438675,92025,,267147.45,2025-04-01
139447453,12025,,264000.0,2025-04-01
139451768,102025,,365416.31,2025-04-01
139467167,42025,,443000.0,2025-04-01
139457450,82025,,74574.08,2025-04-01
139468622,12025,,513000.0,2025-04-01
139469635,22025,,279000.0,2025-04-01
139460879,92025,,104401.3,2025-04-01
139460484,72025,,667000.0,2025-04-01
139456396,62025,,279000.0,2025-04-01
139469021,22026,,414485.52,2025-04-01
139437813,42025,,135000.0,2025-04-01
139447768,32025,,224000.0,2025-04-01
139453121,92025,,70858.6,2025-04-01
139448400,12025,,577000.0,2025-04-01
139451990,22026,,375344.35,2025-04-01
139440240,82025,,252828.25,2025-04-01
139441612,42025,,384000.0,2025-04-01
139446595,52025,,445000.0,2025-04-01
139447706,12026,,630568.41,2025-04-01
139442562,52025,,568000.0,2025-04-01
139443122,82025,,184415.77,2025-04-01
139443073,62025,,60000.0,2025-04-01
139442331,22026,,418575.98,2025-04-01
139466897,42025,,132000.0,2025-04-01
139439542,62025,,215000.0,2025-04-01
139455659,92025,,275526.32,2025-04-01
139440731,62025,,451000.0,2025-04-01
139451908,102025,,744659.82,2025-04-01
139450556,102025,,362064.38,2025-04-01
139455838,12026,,449913.86,2025-04-01
139451499,42025,,419000.0,2025-04-01
139461065,12025,,150000.0,2025-04-01
139464747,22025,,315000.0,2025-04-01
139440931,22026,,591754.27,2025-04-01
139455939,102025,,147462.66,2025-04-01
139436185,72025,,336000.0,2025-04-01
139466558,32026,,217391.44,2025-04-01
139450983,62025,,213000.0,2025-04-01
139438987,32025,,180000.0,2025-04-01
139442594,42025,,239000.0,2025-04-01
139441719,72025,,384062.85,2025-04-01
139460054,112025,,494118.79,2025-04-01
139468740,92025,,357575.36,2025-04-01
139468343,122025,,409434.91,2025-04-01
139469346,32026,,192380.94,2025-04-01
139466172,22025,,82000.0,2025-04-01
139470192,12026,,650589.65,2025-04-01
139468359,122025,,259793.04,2025-04-01
139462059,122025,,354045.41,2025-04-01
139446675,122025,,258591.07,2025-04-01
139465304,42025,,471000.0,2025-04-01
139438224,82025,,278171.04,2025-04-01
139444058,22025,,250000.0,2025-04-01
139446798,72025,,91000.0,2025-04-01
139462565,32025,,106000.0,2025-04-01
139449424,42025,,467000.0,2025-04-01
139464442,32025,,388000.0,2025-04-01
139462719,122025,,477813.01,2025-04-01
139444142,32026,,147514.11,2025-04-01
139457536,12026,,221141.18,2025-04-01
139460131,122025,,590897.29,2025-04-01
139465503,12025,,165000.0,2025-04-01
139437135,52025,,601000.0,2025-04-01
139440373,72025,,313000.0,2025-04-01
139464450,102025,,53379.78,2025-04-01
139458144,112025,,524838.02,2025-04-01
139450850,32025,,381000.0,2025-04-01
139442766,32025,,290000.0,2025-04-01
139458771,102025,,161856.8,2025-04-01
139452548,112025,,493980.4,2025-04-01
139466199,42025,,672000.0,2025-04-01
139455997,82025,,159063.89,2025-04-01
139460489,122025,,116548.26,2025-04-01
139445140,12026,,238569.0,2025-04-01
139447720,72025,,227000.0,2025-04-01
139450884,62025,,97000.0,2025-04-01
139452287,32025,,98000.0,2025-04-01
139460827,32025,,277000.0,2025-04-01
139440893,62025,,815000.0,2025-04-01
139466010,22025,,125000.0,2025-04-01
139462066,32026,,0.0,2025-04-01
139451816,12025,,474000.0,2025-04-01
139452327,52025,,473000.0,2025-04-01
139441192,22026,,494168.58,2025-04-01
139454318,112025,,638960.66,2025-04-01
139448044,22025,,353000.0,2025-04-01
139445748,102025,,491230.68,2025-04-01
139454353,62025,,203000.0,2025-04-01
139443231,12026,,441618.72,2025-04-01
139440664,102025,,154642.79,2025-04-01
139460808,112025,,422833.93,2025-04-01
139464791,72025,,375000.0,2025-04-01
139439836,12026,,388362.32,2025-04-01
139461030,92025,,241567.3,2025-04-01
139462176,112025,,168038.92,2025-04-01
139457903,52025,,761346.84,2025-04-01
139451001,112025,,226310.57,2025-04-01
139458157,102025,,664397.77,2025-04-01
139437713,12025,,493000.0,2025-04-01
139454016,12026,,363908.57,2025-04-01
139464084,122025,,163273.53,2025-04-01
139462843,102025,,214520.7,2025-04-01
139453051,22026,,167430.99,2025-04-01
139459586,12026,,201298.27,2025-04-01
139455866,92025,,166107.83,2025-04-01
139438916,102025,,158762.09,2025-04-01
139450534,12026,,446146.69,2025-04-01
139455419,62025,,245000.0,2025-04-01
139459831,32026,,347152.06,2025-04-01
139438065,22025,,362000.0,2025-04-01
139466259,52025,,124000.0,2025-04-01
139457362,72025,,497786.07,2025-04-01
139449356,32026,,169914.86,2025-04-01
139456792,122025,,416138.1,2025-04-01
139438388,92025,,197522.66,2025-04-01
139447561,82025,,217557.28,2025-04-01
139462093,102025,,208247.14,2025-04-01
139439832,32026,,277042.65,2025-04-01
139440644,112025,,654435.09,2025-04-01
139463370,42025,,130000.0,2025-04-01
139445781,32025,,0.0,2025-04-01
139458733,22026,,70034.58,2025-04-01
139457627,12026,,292344.47,2025-04-01
139454404,102025,,281197.3,2025-04-01
139463271,22025,,586000.0,2025-04-01
139450137,22025,,416000.0,2025-04-01
139455997,62025,,159000.0,2025-04-01
139440972,62025,,234000.0,2025-04-01
139436006,102025,,257663.89,2025-04-01
139447390,82025,,123149.72,2025-04-01
139454963,52025,,188000.0,2025-04-01
139458463,22025,,203000.0,2025-04-01
139453679,32025,,692000.0,2025-04-01
139452636,12026,,441440.08,2025-04-01
139439025,52025,,184000.0,2025-04-01
139445960,22026,,131077.09,2025-04-01
139465389,102025,,243010.97,2025-04-01
139440688,52025,,147000.0,2025-04-01
139453502,22025,,178000.0,2025-04-01
139457933,52025,,288000.0,2025-04-01
139445016,72025,,136871.91,2025-04-01
139446130,82025,,318497.93,2025-04-01
139442933,22025,,427000.0,2025-04-01
139454323,112025,,314103.62,2025-04-01
139447078,92025,,198220.35,2025-04-01
139454329,52025,,288000.0,2025-04-01
139444386,82025,,194695.9,2025-04-01
139459911,32025,,372000.0,2025-04-01
139467092,32025,,343000.0,2025-04-01
139452190,112025,,412622.89,2025-04-01
139443477,92025,,766790.16,2025-04-01
139464841,122025,,0.0,2025-04-01
139448659,42025,,169000.0,2025-04-01
139439711,72025,,250000.0,2025-04-01
139466993,32025,,246000.0,2025-04-01
139451331,12025,,266000.0,2025-04-01
139443227,22026,,332201.53,2025-04-01
139457238,92025,,273420.29,2025-04-01
139466084,52025,,189000.0,2025-04-01
139440264,32026,,494241.55,2025-04-01
139440975,52025,,410000.0,2025-04-01
139445516,52025,,378000.0,2025-04-01
139469320,12026,,154105.84,2025-04-01
139453316,112025,,295312.86,2025-04-01
139455119,12026,,498138.41,2025-04-01
139446171,22026,,71618.1,2025-04-01
139448367,22026,,373596.99,2025-04-01
139459822,12025,,167000.0,2025-04-01
139468058,12026,,620078.39,2025-04-01
139448270,72025,,286000.0,2025-04-01
139459996,62025,,293000.0,2025-04-01
139446976,62025,,191000.0,2025-04-01
139464229,12025,,130000.0,2025-04-01
139438146,92025,,139385.23,2025-04-01
139444378,32026,,717023.23,2025-04-01
139456187,32025,,140000.0,2025-04-01
139456944,112025,,356072.16,2025-04-01
139464674,32026,,679944.78,2025-04-01
139452316,42025,,375000.0,2025-04-01
139453546,22026,,136155.74,2025-04-01
139446159,122025,,207604.77,2025-04-01
139439309,12026,,263776.46,2025-04-01
139459254,32025,,719000.0,2025-04-01
139456625,122025,,531581.59,2025-04-01
139446939,22026,,759130.94,2025-04-01
139448556,92025,,282848.58,2025-04-01
139453335,122025,,268320.37,2025-04-01
139453357,22026,,171961.31,2025-04-01
139451363,72025,,653748.95,2025-04-01
139447898,112025,,133553.68,2025-04-01
139442252,92025,,292744.83,2025-04-01
139442127,22026,,481505.39,2025-04-01
139449884,52025,,136000.0,2025-04-01
139457308,82025,,550205.89,2025-04-01
139466870,92025,,496571.39,2025-04-01
139440110,12026,,222202.77,2025-04-01
139465961,22026,,147835.97,2025-04-01
139453812,62025,,307000.0,2025-04-01
139443347,32025,,157000.0,2025-04-01
139458260,12025,,215000.0,2025-04-01
139468856,82025,,436928.6,2025-04-01
139439709,32025,,311000.0,2025-04-01
139463507,52025,,799000.0,2025-04-01
139447033,32025,,429000.0,2025-04-01
139453553,12025,,140000.0,2025-04-01
139447519,22025,,566000.0,2025-04-01
139455480,12025,,248000.0,2025-04-01
139453668,82025,,319626.61,2025-04-01
139440943,42025,,55000.0,2025-04-01
139439397,72025,,462000.0,2025-04-01
139455625,12025,,329000.0,2025-04-01
139439994,52025,,541000.0,2025-04-01
139443022,62025,,282000.0,2025-04-01
139460784,112025,,456923.2,2025-04-01
139437337,32025,,128000.0,2025-04-01
139436531,22026,,443664.0,2025-04-01
139464902,32025,,280000.0,2025-04-01
139460196,122025,,763598.62,2025-04-01
139459871,42025,,293000.0,2025-04-01
139437788,32025,,371000.0,2025-04-01
139459162,12025,,284000.0,2025-04-01
139445372,22025,,297000.0,2025-04-01
139438834,72025,,340000.0,2025-04-01
139451867,12026,,74256.29,2025-04-01
139462512,122025,,267723.81,2025-04-01
139469860,42025,,267000.0,2025-04-01
139462327,12026,,329235.49,2025-04-01
139449509,22026,,0.0,2025-04-01
139467007,52025,,0.0,2025-04-01
139455738,12026,,65391.62,2025-04-01
139452966,72025,,478000.0,2025-04-01
139442906,72025,,794330.1,2025-04-01
139462517,42025,,494000.0,2025-04-01
139450471,92025,,99315.08,2025-04-01
139454716,62025,,312000.0,2025-04-01
139437844,42025,,131000.0,2025-04-01
139459684,112025,,145387.6,2025-04-01
139458378,72025,,421000.0,2025-04-01
139460851,22025,,279000.0,2025-04-01
139454803,12025,,72000.0,2025-04-01
139458602,112025,,67701.09,2025-04-01
139469783,22025,,249000.0,2025-04-01
139459309,82025,,381642.97,2025-04-01
139458384,82025,,260914.99,2025-04-01
139465970,32025,,85000.0,2025-04-01
139442681,32025,,0.0,2025-04-01
139436469,52025,,398000.0,2025-04-01
139463160,22025,,407000.0,2025-04-01
139467269,92025,,722477.72,2025-04-01
139452146,32026,,116248.63,2025-04-01
139455523,92025,,596080.8,2025-04-01
139439838,72025,,443000.0,2025-04-01
139446036,32026,,569938.87,2025-04-01
139452731,122025,,118749.18,2025-04-01
139439914,32025,,203000.0,2025-04-01
139441770,122025,,183662.1,2025-04-01
139461386,22025,,195000.0,2025-04-01
139455747,122025,,176465.47,2025-04-01
139450316,102025,,409465.18,2025-04-01
139460044,12025,,233000.0,2025-04-01
139459013,22025,,448000.0,2025-04-01
139436624,82025,,49637.87,2025-04-01
139453434,82025,,424517.07,2025-04-01
139451327,32025,,258000.0,2025-04-01
139442076,22026,,167777.82,2025-04-01
139456929,92025,,247313.41,2025-04-01
139470158,122025,,113154.99,2025-04-01
139443512,22026,,354606.6,2025-04-01
139445146,52025,,263000.0,2025-04-01
139464848,92025,,238188.26,2025-04-01
139448858,82025,,214754.38,2025-04-01
139448152,92025,,657572.85,2025-04-01
139440027,62025,,259000.0,2025-04-01
139460083,12025,,180000.0,2025-04-01
139436846,12026,,345566.42,2025-04-01
139458647,12026,,398667.78,2025-04-01
139441534,82025,,406000.0,2025-04-01
139469194,12026,,92941.32,2025-04-01
139454981,92025,,231722.15,2025-04-01
139454216,122025,,396614.17,2025-04-01
139441323,22026,,0.0,2025-04-01
139435915,82025,,563005.32,2025-04-01
139440159,112025,,406449.56,2025-04-01
139447058,32025,,386000.0,2025-04-01
139438629,82025,,186083.51,2025-04-01
139462191,92025,,707841.63,2025-04-01
139450337,92025,,296042.26,2025-04-01
139463069,112025,,141235.28,2025-04-01
139437831,52025,,467000.0,2025-04-01
139437184,32026,,125715.94,2025-04-01
139458063,52025,,150000.0,2025-04-01
139438470,42025,,411000.0,2025-04-01
139444471,122025,,161833.43,2025-04-01
139456550,72025,,797487.5,2025-04-01
139465261,52025,,264000.0,2025-04-01
139468597,42025,,467000.0,2025-04-01
139469478,62025,,299000.0,2025-04-01
139436375,112025,,153533.81,2025-04-01
139459368,22026,,321276.43,2025-04-01
139467668,102025,,348385.88,2025-04-01
139443823,82025,,567357.34,2025-04-01
139440034,82025,,245000.0,2025-04-01
139438564,112025,,181503.36,2025-04-01
139442715,22026,,137732.41,2025-04-01
139455409,22026,,210812.36,2025-04-01
139458947,82025,,432808.02,2025-04-01
139468796,22025,,572000.0,2025-04-01
139448186,72025,,298175.81,2025-04-01
139443584,32025,,497000.0,2025-04-01
139445681,82025,,271444.03,2025-04-01
139460953,32026,,161370.69,2025-04-01
139445244,12025,,85000.0,2025-04-01
139438596,22025,,287000.0,2025-04-01
139466408,42025,,256000.0,2025-04-01
139448785,72025,,529000.0,2025-04-01
139470145,62025,,387000.0,2025-04-01
139453338,42025,,180000.0,2025-04-01
139463034,22025,,251000.0,2025-04-01
139465229,102025,,196559.16,2025-04-01
139438954,12026,,143805.03,2025-04-01
139459630,22025,,168000.0,2025-04-01
139459846,62025,,400377.28,2025-04-01
139467724,32026,,280493.51,2025-04-01
139449382,22025,,542000.0,2025-04-01
139464880,52025,,462000.0,2025-04-01
139439426,52025,,180000.0,2025-04-01
139455312,32025,,664000.0,2025-04-01
139459952,102025,,305532.47,2025-04-01
139467477,62025,,177000.0,2025-04-01
139438798,72025,,221000.0,2025-04-01
139467676,32026,,301001.75,2025-04-01
139438649,42025,,326000.0,2025-04-01
139439642,32026,,124387.16,2025-04-01
139441124,32025,,74000.0,2025-04-01
139440843,72025,,102590.34,2025-04-01
139444529,12026,,329122.44,2025-04-01
139444475,82025,,759804.74,2025-04-01
139466588,32025,,100000.0,2025-04-01
139441730,112025,,220902.41,2025-04-01
139442538,22025,,186000.0,2025-04-01
139446759,12026,,629852.32,2025-04-01
139457901,122025,,151867.07,2025-04-01
139442096,82025,,284141.18,2025-04-01
139451942,82025,,159000.0,2025-04-01
139456202,12026,,252723.27,2025-04-01
139468823,72025,,359506.16,2025-04-01
139452423,102025,,411703.99,2025-04-01
139436492,32026,,317832.48,2025-04-01
139455351,12026,,289668.6,2025-04-01
139456766,12025,,107000.0,2025-04-01
139456711,92025,,0.0,2025-04-01
139435599,122025,,266112.49,2025-04-01
139436310,112025,,705853.58,2025-04-01
139455107,22025,,154000.0,2025-04-01
139453889,22025,,159000.0,2025-04-01
139457021,62025,,250000.0,2025-04-01
139452496,32025,,225000.0,2025-04-01
139448419,102025,,213276.47,2025-04-01
139438079,122025,,406016.85,2025-04-01
139448420,62025,,224000.0,2025-04-01
139460093,32026,,315526.82,2025-04-01
139465851,82025,,121000.0,2025-04-01
139456385,72025,,572000.0,2025-04-01
139465047,72025,,308000.0,2025-04-01
139441787,32026,,235273.76,2025-04-01
139450687,112025,,273381.7,2025-04-01
139453347,92025,,241952.51,2025-04-01
139457076,22026,,171124.71,2025-04-01
139437568,52025,,302000.0,2025-04-01
139457359,62025,,228000.0,2025-04-01
139458350,52025,,292000.0,2025-04-01
139453457,82025,,64615.97,2025-04-01
139459910,62025,,358000.0,2025-04-01
139443866,82025,,249426.14,2025-04-01
139448697,102025,,296329.8,2025-04-01
139457123,102025,,245590.77,2025-04-01
139451136,82025,,199049.58,2025-04-01
139450489,32025,,456000.0,2025-04-01
139449117,12026,,376329.43,2025-04-01
139455974,42025,,173000.0,2025-04-01
139457901,22026,,150715.46,2025-04-01
139440910,92025,,607223.12,2025-04-01
139440831,62025,,175000.0,2025-04-01
139440437,42025,,94000.0,2025-04-01
139449184,22026,,269648.65,2025-04-01
139468926,22026,,377102.69,2025-04-01
139465042,52025,,199000.0,2025-04-01
139467571,82025,,415000.0,2025-04-01
139455184,112025,,335858.0,2025-04-01
139447474,62025,,175000.0,2025-04-01
139435667,62025,,797000.0,2025-04-01
139436491,62025,,544000.0,2025-04-01
139453652,62025,,465000.0,2025-04-01
139441305,52025,,371000.0,2025-04-01
139470133,12025,,180000.0,2025-04-01
139449629,32026,,427467.15,2025-04-01
139453716,52025,,84000.0,2025-04-01
139457638,42025,,134000.0,2025-04-01
139461784,72025,,312000.0,2025-04-01
139442845,32026,,134792.39,2025-04-01
139439788,72025,,288000.0,2025-04-01
139457435,12025,,199000.0,2025-04-01
139437620,52025,,694000.0,2025-04-01
139442173,112025,,334520.56,2025-04-01
139470169,62025,,223000.0,2025-04-01
139448322,12025,,424000.0,2025-04-01
139450441,72025,,293000.0,2025-04-01
139444351,22026,,659305.49,2025-04-01
139449648,122025,,290129.3,2025-04-01
139448165,52025,,441000.0,2025-04-01
139452157,62025,,258000.0,2025-04-01
139453588,12025,,247000.0,2025-04-01
139448540,42025,,188000.0,2025-04-01
139461937,12026,,113497.5,2025-04-01
139449557,102025,,121391.99,2025-04-01
139443777,32026,,446623.77,2025-04-01
139451017,42025,,211000.0,2025-04-01
139438250,32025,,653000.0,2025-04-01
139436287,32025,,280000.0,2025-04-01
139450453,92025,,121147.79,2025-04-01
139464465,92025,,263344.6,2025-04-01
139445011,72025,,387476.81,2025-04-01
139440604,22025,,239000.0,2025-04-01
139457332,92025,,285927.1,2025-04-01
139459283,122025,,105413.84,2025-04-01
139458077,102025,,162586.8,2025-04-01
139457529,22026,,180314.02,2025-04-01
139439084,22025,,397000.0,2025-04-01
139454632,62025,,328000.0,2025-04-01
139437210,112025,,242890.55,2025-04-01
139449285,82025,,74460.32,2025-04-01
139454344,42025,,304000.0,2025-04-01
139453076,12025,,154000.0,2025-04-01
139453404,62025,,334000.0,2025-04-01
139442587,32025,,260000.0,2025-04-01
139467180,92025,,178580.21,2025-04-01
139445115,62025,,204786.53,2025-04-01
139450891,62025,,380000.0,2025-04-01
139449394,62025,,184000.0,2025-04-01
139460946,12026,,385257.32,2025-04-01
139460982,72025,,620000.0,2025-04-01
139451083,22026,,116574.32,2025-04-01
139450894,32025,,392000.0,2025-04-01
139467407,32025,,447000.0,2025-04-01
139465031,52025,,221000.0,2025-04-01
139469382,12025,,243000.0,2025-04-01
139454156,92025,,148645.83,2025-04-01
139440823,42025,,201000.0,2025-04-01
139438794,112025,,526848.24,2025-04-01
139454921,12025,,1027000.0,2025-04-01
139466455,122025,,318787.3,2025-04-01
139469930,82025,,214392.6,2025-04-01
139462661,42025,,87000.0,2025-04-01
139448526,92025,,159146.44,2025-04-01
139468148,12026,,95001.0,2025-04-01
139447816,52025,,343000.0,2025-04-01
139467187,92025,,415148.16,2025-04-01
139449799,32025,,270000.0,2025-04-01
139443251,122025,,403974.11,2025-04-01
139451760,102025,,399853.18,2025-04-01
139453139,72025,,289000.0,2025-04-01
139437593,92025,,502153.42,2025-04-01
139458603,12025,,334000.0,2025-04-01
139451989,12025,,149000.0,2025-04-01
139457788,22025,,299000.0,2025-04-01
139462131,52025,,185000.0,2025-04-01
139439247,82025,,129000.0,2025-04-01
139461440,42025,,1069000.0,2025-04-01
139444532,52025,,761000.0,2025-04-01
139456988,62025,,526000.0,2025-04-01
139435896,122025,,523037.67,2025-04-01
139469750,22026,,0.0,2025-04-01
139448628,32026,,210945.54,2025-04-01
139457699,112025,,77231.97,2025-04-01
139470205,72025,,189000.0,2025-04-01
139464904,32026,,394647.75,2025-04-01
139450885,22026,,287630.7,2025-04-01
139443870,122025,,326159.94,2025-04-01
139446327,62025,,204000.0,2025-04-01
139452372,12025,,279000.0,2025-04-01
139452461,102025,,284404.05,2025-04-01
139443650,102025,,367021.3,2025-04-01
139448859,82025,,1118000.0,2025-04-01
139460982,22026,,617046.47,2025-04-01
139437773,22025,,147000.0,2025-04-01
139461565,12025,,266000.0,2025-04-01
139449884,92025,,134805.83,2025-04-01
139464573,102025,,456609.55,2025-04-01
139465401,22025,,678000.0,2025-04-01
139446148,42025,,332000.0,2025-04-01
139442933,42025,,426000.0,2025-04-01
139453382,12025,,800000.0,2025-04-01
139460758,32026,,159381.11,2025-04-01
139447346,52025,,603000.0,2025-04-01
139462043,62025,,568000.0,2025-04-01
139438557,112025,,852936.01,2025-04-01
139464554,52025,,161000.0,2025-04-01
139450414,82025,,80425.9,2025-04-01
139439426,22025,,180000.0,2025-04-01
139467466,62025,,714000.0,2025-04-01
139465004,22026,,397431.52,2025-04-01
139455514,12026,,369613.62,2025-04-01
139438605,32025,,200000.0,2025-04-01
139454691,22026,,395992.03,2025-04-01
139449227,82025,,97295.12,2025-04-01
139454964,32026,,254691.4,2025-04-01
139470020,22026,,59426.37,2025-04-01
139463635,122025,,186124.3,2025-04-01
139454269,62025,,331000.0,2025-04-01
139443318,22026,,269107.93,2025-04-01
139464506,62025,,417000.0,2025-04-01
139436748,52025,,105000.0,2025-04-01
139467202,112025,,124178.86,2025-04-01
139453273,12026,,246229.7,2025-04-01
139450283,12025,,195000.0,2025-04-01
139446283,92025,,304109.7,2025-04-01
139458867,102025,,203100.92,2025-04-01
139437715,122025,,476474.62,2025-04-01
139443103,102025,,178538.74,2025-04-01
139465487,12025,,200000.0,2025-04-01
139469504,32026,,286312.46,2025-04-01
139450090,62025,,496000.0,2025-04-01
139444281,92025,,146544.43,2025-04-01
139462597,22025,,250000.0,2025-04-01
139455927,52025,,109000.0,2025-04-01
139468544,32025,,382000.0,2025-04-01
139469539,102025,,281858.3,2025-04-01
139453155,112025,,209538.84,2025-04-01
139453987,82025,,536043.8,2025-04-01
139447442,22026,,43296.6,2025-04-01
139440976,92025,,869422.39,2025-04-01
139467593,82025,,260203.41,2025-04-01
139469865,32025,,140000.0,2025-04-01
139446646,122025,,607927.69,2025-04-01
139454038,22025,,232000.0,2025-04-01
139447340,12026,,750649.67,2025-04-01
139436232,22026,,661203.45,2025-04-01
139448966,32025,,395000.0,2025-04-01
139450657,12025,,266000.0,2025-04-01
139460423,32025,,326000.0,2025-04-01
139466071,32025,,284000.0,2025-04-01
139446334,92025,,313158.62,2025-04-01
139456148,32026,,28566.52,2025-04-01
139441275,82025,,382624.26,2025-04-01
139437905,82025,,276000.0,2025-04-01
139435621,122025,,198051.61,2025-04-01
139462440,122025,,227915.56,2025-04-01
139453783,92025,,136618.56,2025-04-01
139469515,82025,,270000.0,2025-04-01
139461556,52025,,600000.0,2025-04-01
139451861,12025,,797000.0,2025-04-01
139455108,22026,,144882.16,2025-04-01
139452395,122025,,540629.39,2025-04-01
139450456,12026,,185511.95,2025-04-01
139446896,92025,,210767.03,2025-04-01
139456634,62025,,117124.74,2025-04-01
139469199,102025,,162406.88,2025-04-01
139436802,102025,,239160.64,2025-04-01
139468195,42025,,353000.0,2025-04-01
139468683,82025,,203972.3,2025-04-01
139443681,22025,,272000.0,2025-04-01
139453101,22025,,295000.0,2025-04-01
139459718,22025,,195000.0,2025-04-01
139459182,32026,,413810.5,2025-04-01
139449446,32026,,285052.5,2025-04-01
139467867,22026,,185048.47,2025-04-01
139449454,72025,,302000.0,2025-04-01
139447435,82025,,310483.33,2025-04-01
139464105,42025,,338000.0,2025-04-01
139466277,22026,,293721.96,2025-04-01
139441952,22026,,277378.95,2025-04-01
139436288,102025,,406621.95,2025-04-01
139439760,112025,,623702.32,2025-04-01
139469104,42025,,279000.0,2025-04-01
139470207,82025,,325000.0,2025-04-01
139453732,62025,,588000.0,2025-04-01
139444547,92025,,638565.2,2025-04-01
139436942,112025,,362642.38,2025-04-01
139437398,122025,,0.0,2025-04-01
139460791,12025,,599000.0,2025-04-01
139436443,62025,,167000.0,2025-04-01
139465477,12025,,394000.0,2025-04-01
139463890,62025,,341000.0,2025-04-01
139459962,92025,,171185.63,2025-04-01
139447644,102025,,368307.67,2025-04-01
139468026,112025,,318138.4,2025-04-01
139438941,42025,,414000.0,2025-04-01
139456786,32026,,870611.57,2025-04-01
139444110,62025,,247000.0,2025-04-01
139445251,52025,,319000.0,2025-04-01
139467533,22025,,123000.0,2025-04-01
139458767,92025,,423024.74,2025-04-01
139469571,22025,,399000.0,2025-04-01
139469008,52025,,784000.0,2025-04-01
139466812,122025,,499186.59,2025-04-01
139467958,122025,,686075.42,2025-04-01
139456733,12025,,480000.0,2025-04-01
139460955,52025,,415000.0,2025-04-01
139455535,42025,,550000.0,2025-04-01
139454396,62025,,255000.0,2025-04-01
139439250,72025,,476425.83,2025-04-01
139450349,42025,,414000.0,2025-04-01
139467716,22026,,114479.02,2025-04-01
139444238,32025,,450000.0,2025-04-01
139460896,102025,,276213.29,2025-04-01
139449174,52025,,169000.0,2025-04-01
139445694,122025,,183294.57,2025-04-01
139463268,32026,,284896.94,2025-04-01
139456715,22026,,295005.45,2025-04-01
139436986,42025,,261000.0,2025-04-01
139460726,62025,,355000.0,2025-04-01
139455657,22025,,263000.0,2025-04-01
139459486,102025,,385071.62,2025-04-01
139464821,42025,,256000.0,2025-04-01
139437877,12026,,282156.39,2025-04-01
139450956,62025,,712000.0,2025-04-01
139460409,32026,,163823.38,2025-04-01
139435532,92025,,268301.64,2025-04-01
139458338,112025,,158902.37,2025-04-01
139440899,122025,,147097.68,2025-04-01
139447975,112025,,118270.48,2025-04-01
139436195,42025,,420000.0,2025-04-01
139442729,72025,,394913.22,2025-04-01
139453116,52025,,268000.0,2025-04-01
139447527,62025,,259000.0,2025-04-01
139454740,12026,,222653.26,2025-04-01
139437590,52025,,309000.0,2025-04-01
139442514,92025,,231062.67,2025-04-01
139445395,32025,,208000.0,2025-04-01
139435744,32026,,158046.35,2025-04-01
139467811,32025,,756000.0,2025-04-01
139438125,102025,,392900.38,2025-04-01
139446598,12026,,222447.09,2025-04-01
139437473,72025,,292000.0,2025-04-01
139467404,62025,,442000.0,2025-04-01
139460956,22026,,599115.33,2025-04-01
139445810,22026,,181680.06,2025-04-01
139451989,72025,,148590.5,2025-04-01
139444249,62025,,176000.0,2025-04-01
139452285,32026,,183559.66,2025-04-01
139470036,112025,,306712.2,2025-04-01
139452543,12025,,339000.0,2025-04-01
139466980,62025,,350000.0,2025-04-01
139462198,82025,,290936.74,2025-04-01
139441573,72025,,659028.41,2025-04-01
139456920,42025,,266000.0,2025-04-01
139468336,32026,,131402.58,2025-04-01
139454673,92025,,127996.91,2025-04-01
139436023,42025,,237000.0,2025-04-01
139451805,52025,,125000.0,2025-04-01
139451079,32026,,296149.58,2025-04-01
139464553,12026,,672992.5,2025-04-01
139467974,12026,,202556.46,2025-04-01
139466514,72025,,195000.0,2025-04-01
139440158,72025,,101762.39,2025-04-01
139446975,42025,,192000.0,2025-04-01
139436261,92025,,505895.57,2025-04-01
139462543,22026,,236803.69,2025-04-01
139450931,102025,,90003.71,2025-04-01
139442161,72025,,254000.0,2025-04-01
139436772,122025,,392388.17,2025-04-01
139458407,12025,,440000.0,2025-04-01
139447498,92025,,516261.52,2025-04-01
139453103,112025,,276652.13,2025-04-01
139454963,12026,,186218.95,2025-04-01
139435678,92025,,453225.44,2025-04-01
139461039,82025,,309659.76,2025-04-01
139466403,52025,,244000.0,2025-04-01
139466238,92025,,55622.2,2025-04-01
139458624,42025,,108000.0,2025-04-01
139459358,92025,,198136.38,2025-04-01
139444157,12025,,669000.0,2025-04-01
139449255,12026,,227451.05,2025-04-01
139456661,72025,,292000.0,2025-04-01
139452960,42025,,348000.0,2025-04-01
139468155,32026,,69145.31,2025-04-01
139456911,12026,,417192.72,2025-04-01
139442218,22025,,419000.0,2025-04-01
139463434,32025,,394000.0,2025-04-01
139464433,12025,,377000.0,2025-04-01
139452258,72025,,794243.09,2025-04-01
139443417,102025,,306756.38,2025-04-01
139463816,122025,,485339.79,2025-04-01
139441951,22026,,33738.7,2025-04-01
139457181,72025,,527000.0,2025-04-01
139466391,42025,,181000.0,2025-04-01
139450388,32026,,193896.2,2025-04-01
139445184,22026,,225928.2,2025-04-01
139446134,22026,,437799.79,2025-04-01
139462670,32025,,153000.0,2025-04-01
139446393,52025,,804000.0,2025-04-01
139461263,52025,,267000.0,2025-04-01
139461455,72025,,139000.0,2025-04-01
139440967,112025,,46899.97,2025-04-01
139458893,52025,,378000.0,2025-04-01
139465780,82025,,350270.57,2025-04-01
139439957,92025,,171074.64,2025-04-01
139439922,62025,,447000.0,2025-04-01
139439278,92025,,445084.87,2025-04-01
139447643,112025,,123946.03,2025-04-01
139454737,42025,,284000.0,2025-04-01
139437868,92025,,407428.88,2025-04-01
139444310,112025,,242398.13,2025-04-01
139458343,122025,,227039.07,2025-04-01
139466473,52025,,103000.0,2025-04-01
139468780,52025,,368000.0,2025-04-01
139460597,12026,,326761.51,2025-04-01
139462859,62025,,466000.0,2025-04-01
139457398,112025,,335920.43,2025-04-01
139448259,22026,,138576.91,2025-04-01
139443504,102025,,801091.58,2025-04-01
139451071,32025,,164000.0,2025-04-01
139437320,62025,,349000.0,2025-04-01
139454382,22026,,101764.26,2025-04-01
139439989,52025,,254000.0,2025-04-01
139443682,82025,,303000.0,2025-04-01
139458521,12025,,257000.0,2025-04-01
139458498,62025,,373000.0,2025-04-01
139445054,32025,,490000.0,2025-04-01
139443920,62025,,463000.0,2025-04-01
139443034,42025,,598000.0,2025-04-01
139469577,52025,,442000.0,2025-04-01
139459017,12026,,250904.79,2025-04-01
139454239,22025,,215000.0,2025-04-01
139442345,52025,,304000.0,2025-04-01
139451111,32026,,171746.32,2025-04-01
139465744,12026,,195975.06,2025-04-01
139452230,112025,,296559.25,2025-04-01
139457418,42025,,470000.0,2025-04-01
139443816,42025,,257000.0,2025-04-01
139460640,52025,,709000.0,2025-04-01
139444507,12026,,580072.28,2025-04-01
139435882,102025,,246668.44,2025-04-01
139435990,102025,,223129.15,2025-04-01
139469751,62025,,315000.0,2025-04-01
139443015,102025,,366274.09,2025-04-01
139452492,32025,,397000.0,2025-04-01
139438238,22025,,659000.0,2025-04-01
139468070,12026,,371168.23,2025-04-01
139464663,42025,,328000.0,2025-04-01
139466724,72025,,362000.0,2025-04-01
139444006,82025,,214122.06,2025-04-01
139453167,82025,,308072.88,2025-04-01
139448375,92025,,194167.05,2025-04-01
139467897,42025,,295000.0,2025-04-01
139456999,42025,,458000.0,2025-04-01
139445143,12025,,272000.0,2025-04-01
139447852,92025,,249938.39,2025-04-01
139460087,32025,,779000.0,2025-04-01
139463502,122025,,19013.87,2025-04-01
139469012,32025,,509000.0,2025-04-01
139447165,62025,,253436.84,2025-04-01
139463825,22026,,134798.99,2025-04-01
139462493,82025,,392000.0,2025-04-01
139461706,32026,,587646.85,2025-04-01
139454556,72025,,186000.0,2025-04-01
139447180,102025,,241685.29,2025-04-01
139462465,42025,,60000.0,2025-04-01
139461240,82025,,199000.0,2025-04-01
139465869,12026,,133565.25,2025-04-01
139458033,52025,,258000.0,2025-04-01
139451471,32026,,229728.32,2025-04-01
139441556,72025,,222000.0,2025-04-01
139462834,12025,,153000.0,2025-04-01
139468437,92025,,570261.18,2025-04-01
139440182,52025,,414000.0,2025-04-01
139435793,12025,,802000.0,2025-04-01
139450321,122025,,169974.35,2025-04-01
139456717,22025,,42000.0,2025-04-01
139446322,32026,,186650.41,2025-04-01
139450266,82025,,1094893.08,2025-04-01
139454795,72025,,297440.35,2025-04-01
139438489,12025,,135000.0,2025-04-01
139452130,12025,,170000.0,2025-04-01
139465892,52025,,707459.8,2025-04-01
139455531,32025,,422000.0,2025-04-01
139470026,62025,,605000.0,2025-04-01
139440105,62025,,781201.63,2025-04-01
139447416,12026,,156348.42,2025-04-01
139450030,32026,,446005.04,2025-04-01
139450007,112025,,226302.78,2025-04-01
139454561,62025,,169000.0,2025-04-01
139450081,92025,,268349.62,2025-04-01
139458405,52025,,390000.0,2025-04-01
139469947,32026,,127714.09,2025-04-01
139452773,62025,,292000.0,2025-04-01
139442078,32026,,335045.64,2025-04-01
139447131,12026,,235860.94,2025-04-01
139457175,62025,,302000.0,2025-04-01
139465616,92025,,262614.39,2025-04-01
139439381,12026,,70664.42,2025-04-01
139469388,102025,,300702.22,2025-04-01
139448188,12026,,610532.27,2025-04-01
139446478,112025,,281395.0,2025-04-01
139461152,72025,,198000.0,2025-04-01
139464936,122025,,171626.57,2025-04-01
139463341,112025,,69862.41,2025-04-01
139460603,72025,,265000.0,2025-04-01
139466458,112025,,490117.26,2025-04-01
139438111,122025,,416252.26,2025-04-01
139465139,22025,,100000.0,2025-04-01
139466706,72025,,398000.0,2025-04-01
139452154,42025,,239000.0,2025-04-01
139450213,82025,,679055.22,2025-04-01
139463558,42025,,448000.0,2025-04-01
139440348,62025,,124000.0,2025-04-01
139460011,62025,,376000.0,2025-04-01
139454770,42025,,358000.0,2025-04-01
139450478,102025,,250463.15,2025-04-01
139456842,112025,,223012.97,2025-04-01
139465333,82025,,187499.97,2025-04-01
139436460,12025,,491000.0,2025-04-01
139469863,32025,,236000.0,2025-04-01
139462616,92025,,497403.38,2025-04-01
139462350,12025,,225000.0,2025-04-01
139461512,112025,,96508.42,2025-04-01
139436290,42025,,225000.0,2025-04-01
139465145,122025,,736677.76,2025-04-01
139450436,22025,,646000.0,2025-04-01
139450787,32026,,289105.25,2025-04-01
139468654,12026,,417964.27,2025-04-01
139450493,112025,,310998.8,2025-04-01
139442288,42025,,105000.0,2025-04-01
139465298,52025,,487000.0,2025-04-01
139468267,12025,,980000.0,2025-04-01
139454534,32025,,227000.0,2025-04-01
139443259,112025,,389628.8,2025-04-01
139465799,72025,,74659.29,2025-04-01
139448640,82025,,790127.06,2025-04-01
139448045,32025,,300000.0,2025-04-01
139466381,42025,,347000.0,2025-04-01
139462381,62025,,646000.0,2025-04-01
139463441,22025,,479000.0,2025-04-01
139439520,122025,,288750.16,2025-04-01
139437864,112025,,147456.0,2025-04-01
139461119,122025,,438520.07,2025-04-01
139460669,32025,,180000.0,2025-04-01
139455652,82025,,134895.64,2025-04-01
139463087,102025,,228346.48,2025-04-01
139462054,62025,,461000.0,2025-04-01
139438804,102025,,277241.33,2025-04-01
139458382,82025,,456779.1,2025-04-01
139436743,92025,,174793.16,2025-04-01
139449759,32026,,756402.28,2025-04-01
139446262,122025,,138471.87,2025-04-01
139469709,62025,,342000.0,2025-04-01
139464980,22025,,581000.0,2025-04-01
139468528,22025,,356000.0,2025-04-01
139458103,102025,,558275.73,2025-04-01
139462865,62025,,239000.0,2025-04-01
139456809,22026,,239392.58,2025-04-01
139440404,122025,,198708.65,2025-04-01
139436694,22026,,580989.09,2025-04-01
139459324,92025,,0.0,2025-04-01
139451170,72025,,405000.0,2025-04-01
139440282,22025,,487000.0,2025-04-01
139469760,82025,,123797.04,2025-04-01
139444118,92025,,220938.3,2025-04-01
139453553,62025,,140000.0,2025-04-01
139469606,12025,,768000.0,2025-04-01
139442259,112025,,742066.01,2025-04-01
139461086,102025,,231735.16,2025-04-01
139449726,62025,,234000.0,2025-04-01
139451755,52025,,313000.0,2025-04-01
139444187,12025,,361000.0,2025-04-01
139465031,82025,,220893.1,2025-04-01
139450212,52025,,205000.0,2025-04-01
139435852,22025,,165000.0,2025-04-01
139453345,122025,,246789.59,2025-04-01
139441145,12025,,576000.0,2025-04-01
139443938,72025,,0.0,2025-04-01
139443663,62025,,397000.0,2025-04-01
139451978,42025,,227000.0,2025-04-01
139469512,22025,,349000.0,2025-04-01
139437022,12026,,476057.11,2025-04-01
139449646,22026,,105230.45,2025-04-01
139438012,82025,,246709.53,2025-04-01
139438531,42025,,271000.0,2025-04-01
139458970,112025,,288331.43,2025-04-01
139436443,82025,,166839.33,2025-04-01
139462322,112025,,264718.89,2025-04-01
139438820,12025,,285000.0,2025-04-01
139443953,122025,,261959.99,2025-04-01
139454644,92025,,521703.45,2025-04-01
139449641,32025,,246000.0,2025-04-01
139452548,102025,,494540.52,2025-04-01
139443641,52025,,201000.0,2025-04-01
139456414,42025,,251000.0,2025-04-01
139465422,52025,,551000.0,2025-04-01
139456286,62025,,304000.0,2025-04-01
139463804,112025,,283675.2,2025-04-01
139449761,92025,,233752.11,2025-04-01
139445324,12025,,213000.0,2025-04-01
139443343,122025,,375614.9,2025-04-01
139452690,52025,,231000.0,2025-04-01
139450131,92025,,169863.76,2025-04-01
139436583,22026,,635299.45,2025-04-01
139454718,82025,,240743.24,2025-04-01
139446351,32025,,130000.0,2025-04-01
139440676,72025,,301000.0,2025-04-01
139436371,72025,,151000.0,2025-04-01
139454611,62025,,798000.0,2025-04-01
139454379,102025,,59950.61,2025-04-01
139439484,12025,,400000.0,2025-04-01
139443375,32026,,342759.25,2025-04-01
139466621,122025,,166752.87,2025-04-01
139465884,92025,,348149.56,2025-04-01
139435505,12025,,140000.0,2025-04-01
139466671,62025,,378000.0,2025-04-01
139466515,102025,,142604.39,2025-04-01
139447733,112025,,237168.24,2025-04-01
139456297,22026,,537724.44,2025-04-01
139468371,92025,,88412.32,2025-04-01
139443203,122025,,132853.49,2025-04-01
139459949,22025,,152000.0,2025-04-01
139443700,42025,,139000.0,2025-04-01
139465728,12025,,494000.0,2025-04-01
139440605,52025,,111000.0,2025-04-01
139441770,52025,,185000.0,2025-04-01
139448815,42025,,269000.0,2025-04-01
139438708,82025,,189760.15,2025-04-01
139456134,22026,,726064.86,2025-04-01
139438132,112025,,105388.37,2025-04-01
139466436,62025,,224000.0,2025-04-01
139436618,82025,,314860.45,2025-04-01
139449590,12026,,146853.31,2025-04-01
139445554,62025,,687000.0,2025-04-01
139447185,122025,,317387.3,2025-04-01
139439067,72025,,299847.32,2025-04-01
139459943,62025,,315328.34,2025-04-01
139463060,22026,,77929.76,2025-04-01
139448761,12026,,525073.08,2025-04-01
139437806,32025,,53000.0,2025-04-01
139448278,12025,,180000.0,2025-04-01
139461437,62025,,667133.07,2025-04-01
139469038,32026,,366621.36,2025-04-01
139452476,22026,,272894.68,2025-04-01
139468342,22026,,236623.62,2025-04-01
139436336,72025,,719000.0,2025-04-01
139463321,92025,,349497.11,2025-04-01
139452046,112025,,137105.1,2025-04-01
139457147,42025,,141000.0,2025-04-01
139456301,102025,,337482.1,2025-04-01
139462699,102025,,634933.84,2025-04-01
139447740,102025,,148996.08,2025-04-01
139466539,12025,,191000.0,2025-04-01
139447382,22026,,54251.98,2025-04-01
139464644,22025,,293000.0,2025-04-01
139459131,12026,,243942.4,2025-04-01
139443087,92025,,546228.46,2025-04-01
139467652,82025,,333655.02,2025-04-01
139435734,52025,,679000.0,2025-04-01
139468484,22025,,245000.0,2025-04-01
139442219,82025,,305437.92,2025-04-01
139441211,92025,,129489.16,2025-04-01
139439781,12025,,543000.0,2025-04-01
139450614,22026,,404781.6,2025-04-01
139445278,112025,,328917.09,2025-04-01
139453189,32025,,443000.0,2025-04-01
139464126,52025,,373000.0,2025-04-01
139455648,72025,,105000.0,2025-04-01
139447117,32025,,365000.0,2025-04-01
139443687,32025,,357000.0,2025-04-01
139439285,42025,,588000.0,2025-04-01
139442680,42025,,319000.0,2025-04-01
139455523,112025,,595071.65,2025-04-01
139466805,52025,,485000.0,2025-04-01
139437974,122025,,204084.45,2025-04-01
139446037,92025,,163684.49,2025-04-01
139455044,82025,,348822.4,2025-04-01
139437754,32025,,502000.0,2025-04-01
139449069,52025,,279000.0,2025-04-01
139468611,82025,,163840.85,2025-04-01
139455195,32025,,439000.0,2025-04-01
139451038,32025,,273000.0,2025-04-01
139451159,112025,,269437.25,2025-04-01
139441667,122025,,392810.29,2025-04-01
139448297,42025,,445000.0,2025-04-01
139467399,62025,,198000.0,2025-04-01
139450138,112025,,170622.51,2025-04-01
139436013,92025,,268201.81,2025-04-01
139448583,12025,,243000.0,2025-04-01
139461939,72025,,415000.0,2025-04-01
139443519,22025,,195000.0,2025-04-01
139453051,72025,,168654.3,2025-04-01
139436872,22025,,1014000.0,2025-04-01
139451990,12026,,375640.36,2025-04-01
139459939,12025,,596000.0,2025-04-01
139450616,92025,,150550.1,2025-04-01
139467886,32025,,203000.0,2025-04-01
139467583,22026,,111831.97,2025-04-01
139456392,92025,,179808.3,2025-04-01
139463181,42025,,414000.0,2025-04-01
139465911,92025,,276050.14,2025-04-01
139441622,122025,,792683.59,2025-04-01
139452062,82025,,290210.15,2025-04-01
139438627,32026,,148974.15,2025-04-01
139437182,52025,,50000.0,2025-04-01
139456749,72025,,166000.0,2025-04-01
139442466,22026,,172772.55,2025-04-01
139461913,22026,,529455.48,2025-04-01
139437637,42025,,475000.0,2025-04-01
139436900,62025,,96000.0,2025-04-01
139462717,62025,,728000.0,2025-04-01
139465363,52025,,358000.0,2025-04-01
139444002,72025,,371000.0,2025-04-01
139459822,92025,,165457.27,2025-04-01
139464548,12025,,550000.0,2025-04-01
139460795,22026,,292700.1,2025-04-01
139457765,22026,,635688.31,2025-04-01
139435578,52025,,498000.0,2025-04-01
139451864,32025,,698000.0,2025-04-01
139458079,52025,,107000.0,2025-04-01
139456351,92025,,160069.69,2025-04-01
139455677,42025,,450000.0,2025-04-01
139468305,12025,,749000.0,2025-04-01
139459511,12025,,240000.0,2025-04-01
139450422,12025,,332000.0,2025-04-01
139439231,32025,,519000.0,2025-04-01
139447746,52025,,284000.0,2025-04-01
139442857,22025,,485000.0,2025-04-01
139459900,82025,,187704.53,2025-04-01
139466053,72025,,358000.0,2025-04-01
139458639,62025,,117163.65,2025-04-01
139441038,82025,,193305.84,2025-04-01
139465835,82025,,252293.73,2025-04-01
139467357,12026,,373775.6,2025-04-01
139452944,112025,,98116.14,2025-04-01
139465834,22026,,374049.24,2025-04-01
139454863,122025,,251274.99,2025-04-01
139447453,102025,,261856.82,2025-04-01
139449835,52025,,301000.0,2025-04-01
139446928,112025,,284022.53,2025-04-01
139453906,112025,,118668.1,2025-04-01
139456910,92025,,585325.74,2025-04-01
139439155,52025,,280000.0,2025-04-01
139444660,112025,,234678.16,2025-04-01
139467317,112025,,154944.12,2025-04-01
139446532,32026,,170977.48,2025-04-01
139435866,42025,,555000.0,2025-04-01
139464865,32025,,225000.0,2025-04-01
139449340,82025,,156959.13,2025-04-01
139457837,32025,,800000.0,2025-04-01
139465728,102025,,484873.17,2025-04-01
139448932,62025,,124456.76,2025-04-01
139437999,72025,,205000.0,2025-04-01
139442215,82025,,792743.07,2025-04-01
139470190,102025,,173542.14,2025-04-01
139456666,22026,,232944.63,2025-04-01
139470258,22026,,148341.2,2025-04-01
139454564,122025,,257953.88,2025-04-01
139465953,22025,,403000.0,2025-04-01
139454442,32025,,184000.0,2025-04-01
139447848,12025,,204000.0,2025-04-01
139462499,112025,,191171.81,2025-04-01
139437814,12025,,554000.0,2025-04-01
139448624,22026,,410079.23,2025-04-01
139436000,12025,,307000.0,2025-04-01
139435592,42025,,493000.0,2025-04-01
139456467,102025,,381474.2,2025-04-01
139437987,112025,,412007.69,2025-04-01
139457357,22026,,158138.4,2025-04-01
139460014,52025,,130000.0,2025-04-01
139450970,22026,,353563.99,2025-04-01
139448335,82025,,330486.21,2025-04-01
139442335,42025,,519000.0,2025-04-01
139439367,32026,,590193.85,2025-04-01
139451502,12026,,290135.16,2025-04-01
139444283,32025,,119000.0,2025-04-01
139458607,22026,,304662.98,2025-04-01
139439207,82025,,97566.12,2025-04-01
139442202,72025,,480932.48,2025-04-01
139458818,112025,,613533.5,2025-04-01
139467528,82025,,309844.53,2025-04-01
139446713,12025,,80000.0,2025-04-01
139453035,82025,,528659.51,2025-04-01
139464398,82025,,503000.0,2025-04-01
139445402,122025,,294846.67,2025-04-01
139440084,32026,,207233.34,2025-04-01
139447296,122025,,242354.25,2025-04-01
139449898,112025,,370301.11,2025-04-01
139456703,122025,,382060.99,2025-04-01
139457086,102025,,228497.3,2025-04-01
139436317,82025,,400799.34,2025-04-01
139455197,42025,,537000.0,2025-04-01
139469300,92025,,243852.48,2025-04-01
139441812,42025,,216000.0,2025-04-01
139436680,102025,,538891.42,2025-04-01
139444615,12026,,155860.09,2025-04-01
139449463,12026,,276000.19,2025-04-01
139459056,22026,,615451.1,2025-04-01
139453522,32025,,262000.0,2025-04-01
139439154,22026,,272455.58,2025-04-01
139447046,62025,,179000.0,2025-04-01
139447220,102025,,457851.94,2025-04-01
139457378,22026,,726063.41,2025-04-01
139469821,12026,,192551.73,2025-04-01
139466304,42025,,234000.0,2025-04-01
139459478,112025,,309186.69,2025-04-01
139470184,32025,,340000.0,2025-04-01
139450833,92025,,476781.09,2025-04-01
139445512,92025,,219166.24,2025-04-01
139445539,72025,,398000.0,2025-04-01
139449955,32025,,77000.0,2025-04-01
139436826,122025,,304790.83,2025-04-01
139450372,122025,,244299.3,2025-04-01
139465820,92025,,513503.85,2025-04-01
139451883,22025,,186000.0,2025-04-01
139439821,22026,,0.0,2025-04-01
139440106,112025,,145716.96,2025-04-01
139449665,42025,,279000.0,2025-04-01
139450407,102025,,799205.0,2025-04-01
139459240,32025,,299000.0,2025-04-01
139466976,122025,,123490.88,2025-04-01
139469354,12025,,479000.0,2025-04-01
139448056,12026,,155541.88,2025-04-01
139460152,112025,,228874.41,2025-04-01
139454726,122025,,307481.24,2025-04-01
139445768,22025,,209000.0,2025-04-01
139448402,122025,,624923.22,2025-04-01
139458466,112025,,311015.32,2025-04-01
139466197,122025,,369228.95,2025-04-01
139449038,82025,,231028.11,2025-04-01
139436249,52025,,525000.0,2025-04-01
139447428,122025,,436221.23,2025-04-01
139443170,112025,,794785.73,2025-04-01
139461218,102025,,91420.75,2025-04-01
139468928,82025,,802000.0,2025-04-01
139458668,62025,,315000.0,2025-04-01
139447419,32025,,80000.0,2025-04-01
139454054,32025,,138000.0,2025-04-01
139441991,82025,,571635.88,2025-04-01
139438116,12026,,509441.7,2025-04-01
139438074,52025,,185000.0,2025-04-01
139441080,102025,,240989.33,2025-04-01
139454389,32025,,314000.0,2025-04-01
139439658,12025,,534000.0,2025-04-01
139461416,22026,,68481.74,2025-04-01
139442054,72025,,763000.0,2025-04-01
139456861,12025,,274000.0,2025-04-01
139451756,32025,,370000.0,2025-04-01
139460837,32026,,436712.1,2025-04-01
139454616,92025,,481010.98,2025-04-01
139461019,22025,,299000.0,2025-04-01
139464687,82025,,58945.97,2025-04-01
139467359,12026,,390591.31,2025-04-01
139457692,102025,,98202.21,2025-04-01
139450038,62025,,242000.0,2025-04-01
139439602,22026,,98805.47,2025-04-01
139450267,12025,,680000.0,2025-04-01
139461507,32025,,130000.0,2025-04-01
139468191,12025,,416000.0,2025-04-01
139448187,62025,,1061000.0,2025-04-01
139460691,52025,,598000.0,2025-04-01
139441017,32026,,133330.35,2025-04-01
139442569,92025,,286191.58,2025-04-01
139458232,122025,,781772.09,2025-04-01
139459297,92025,,405263.99,2025-04-01
139436550,32025,,389000.0,2025-04-01
139455342,32025,,249000.0,2025-04-01
139450958,82025,,503380.06,2025-04-01
139456613,12025,,534000.0,2025-04-01
139452651,42025,,130000.0,2025-04-01
139453059,32025,,449000.0,2025-04-01
139436080,62025,,330000.0,2025-04-01
139442906,92025,,792673.5,2025-04-01
139454133,82025,,438742.16,2025-04-01
139463321,32026,,346819.91,2025-04-01
139437759,112025,,96142.44,2025-04-01
139454981,82025,,231722.15,2025-04-01
139448791,122025,,204675.54,2025-04-01
139462003,82025,,491380.11,2025-04-01
139446125,102025,,276759.15,2025-04-01
139456671,72025,,587000.0,2025-04-01
139437231,92025,,206178.19,2025-04-01
139463082,102025,,348853.21,2025-04-01
139444376,12026,,408081.57,2025-04-01
139461388,92025,,261626.41,2025-04-01
139450557,102025,,413237.37,2025-04-01
139467790,82025,,95393.21,2025-04-01
139437654,92025,,377065.09,2025-04-01
139451769,122025,,206864.49,2025-04-01
139437591,22025,,227000.0,2025-04-01
139468865,72025,,99000.0,2025-04-01
139445863,32025,,160000.0,2025-04-01
139441522,122025,,622296.13,2025-04-01
139435945,72025,,248467.59,2025-04-01
139457976,12026,,277777.33,2025-04-01
139462465,62025,,60000.0,2025-04-01
139438298,102025,,361774.86,2025-04-01
139437882,12025,,135000.0,2025-04-01
139447514,32025,,512000.0,2025-04-01
139462170,72025,,205948.57,2025-04-01
139455156,72025,,762000.0,2025-04-01
139470054,112025,,239807.62,2025-04-01
139469901,42025,,658000.0,2025-04-01
139462032,32025,,150000.0,2025-04-01
139436181,112025,,113856.0,2025-04-01
139454691,62025,,398000.0,2025-04-01
139436628,22026,,487697.29,2025-04-01
139451228,102025,,168597.48,2025-04-01
139455137,42025,,39000.0,2025-04-01
139457020,102025,,203136.44,2025-04-01
139456815,12025,,311000.0,2025-04-01
139447047,92025,,196617.28,2025-04-01
139454787,102025,,74351.97,2025-04-01
139454487,52025,,274000.0,2025-04-01
139466363,42025,,597000.0,2025-04-01
139437831,92025,,465204.56,2025-04-01
139466502,12026,,204349.42,2025-04-01
139445922,12025,,201000.0,2025-04-01
139436574,12026,,330469.12,2025-04-01
139438723,122025,,257246.36,2025-04-01
139462077,32025,,261000.0,2025-04-01
139468347,22026,,132180.41,2025-04-01
139452561,112025,,714648.6,2025-04-01
139447311,92025,,465535.59,2025-04-01
139451585,12025,,59000.0,2025-04-01
139444785,92025,,451879.89,2025-04-01
139458134,32025,,84000.0,2025-04-01
139459917,12025,,75000.0,2025-04-01
139449373,92025,,125920.65,2025-04-01
139458857,42025,,224000.0,2025-04-01
139459251,72025,,374000.0,2025-04-01
139445317,42025,,285000.0,2025-04-01
139442360,52025,,211000.0,2025-04-01
139465307,32025,,382000.0,2025-04-01
139458325,112025,,186050.38,2025-04-01
139444733,12025,,292000.0,2025-04-01
139437847,32025,,560000.0,2025-04-01
139451786,32025,,187000.0,2025-04-01
139467580,42025,,334000.0,2025-04-01
139458896,52025,,620000.0,2025-04-01
139451456,112025,,275957.3,2025-04-01
139440478,12026,,456125.13,2025-04-01
139443096,102025,,173527.28,2025-04-01
139470166,12026,,494071.4,2025-04-01
139447964,112025,,262334.7,2025-04-01
139463241,112025,,137766.16,2025-04-01
139450011,32026,,278236.57,2025-04-01
139454545,22026,,247948.65,2025-04-01
139449637,52025,,47000.0,2025-04-01
139444302,112025,,0.0,2025-04-01
139447989,22025,,587000.0,2025-04-01
139436475,72025,,686000.0,2025-04-01
139457023,92025,,346184.39,2025-04-01
139451944,52025,,122000.0,2025-04-01
139449600,82025,,89511.66,2025-04-01
139436640,12025,,252000.0,2025-04-01
139460421,112025,,347387.82,2025-04-01
139467408,12025,,225000.0,2025-04-01
139442220,52025,,349000.0,2025-04-01
139465046,12026,,47819.66,2025-04-01
139468700,62025,,364000.0,2025-04-01
139435866,22026,,548576.8,2025-04-01
139444895,122025,,300411.41,2025-04-01
139443689,22026,,0.0,2025-04-01
139444211,22025,,286000.0,2025-04-01
139454524,12025,,80000.0,2025-04-01
139440487,22026,,157692.36,2025-04-01
139468190,32025,,227000.0,2025-04-01
139468269,12026,,323501.79,2025-04-01
139444596,62025,,709000.0,2025-04-01
139457667,112025,,137080.11,2025-04-01
139445523,82025,,167594.87,2025-04-01
139435618,22025,,466000.0,2025-04-01
139450326,92025,,279529.2,2025-04-01
139466604,122025,,633949.63,2025-04-01
139438941,122025,,384075.63,2025-04-01
139462119,92025,,504764.79,2025-04-01
139453083,52025,,213000.0,2025-04-01
139469767,112025,,335921.21,2025-04-01
139461389,22026,,255044.95,2025-04-01
139469539,62025,,283000.0,2025-04-01
139469878,62025,,950000.0,2025-04-01
139441547,32025,,787000.0,2025-04-01
139457202,12026,,203751.43,2025-04-01
139447547,22025,,687000.0,2025-04-01
139470012,122025,,480932.01,2025-04-01
139466257,82025,,400902.38,2025-04-01
139446909,62025,,214000.0,2025-04-01
139454580,12026,,68748.24,2025-04-01
139442529,32025,,334000.0,2025-04-01
139465499,32026,,445151.54,2025-04-01
139453730,112025,,634424.55,2025-04-01
139439128,12025,,155000.0,2025-04-01
139452822,32025,,532000.0,2025-04-01
139456604,12026,,308309.72,2025-04-01
139462119,22025,,508000.0,2025-04-01
139462096,82025,,368417.59,2025-04-01
139461475,32026,,212045.3,2025-04-01
139453431,122025,,306236.06,2025-04-01
139462879,92025,,173176.38,2025-04-01
139451414,102025,,191843.87,2025-04-01
139455803,42025,,112000.0,2025-04-01
139447308,62025,,0.0,2025-04-01
139436628,32026,,487156.12,2025-04-01
139453367,62025,,119000.0,2025-04-01
139461189,102025,,222305.18,2025-04-01
139461098,42025,,135000.0,2025-04-01
139443205,12026,,412924.77,2025-04-01
139461776,112025,,124959.43,2025-04-01
139454180,92025,,241828.45,2025-04-01
139447763,72025,,223000.0,2025-04-01
139459842,32025,,176000.0,2025-04-01
139460876,42025,,135000.0,2025-04-01
139458193,22026,,316065.68,2025-04-01
139441085,72025,,464000.0,2025-04-01
139464846,42025,,382000.0,2025-04-01
139439007,102025,,131693.16,2025-04-01
139453407,32025,,710000.0,2025-04-01
139439741,92025,,490225.63,2025-04-01
139442956,72025,,228000.0,2025-04-01
139456642,22026,,330363.24,2025-04-01
139435877,92025,,149122.37,2025-04-01
139460468,102025,,217722.67,2025-04-01
139443425,22026,,189146.49,2025-04-01
139451734,12025,,604000.0,2025-04-01
139436462,52025,,407000.0,2025-04-01
139460656,72025,,194000.0,2025-04-01
139437472,102025,,273705.13,2025-04-01
139451050,112025,,259934.2,2025-04-01
139459841,22025,,220000.0,2025-04-01
139453848,32026,,413784.56,2025-04-01
139439262,62025,,187000.0,2025-04-01
139454039,62025,,743000.0,2025-04-01
139438139,42025,,251000.0,2025-04-01
139461809,22025,,110000.0,2025-04-01
139442030,12025,,270000.0,2025-04-01
139469219,12025,,255000.0,2025-04-01
139450868,32025,,276000.0,2025-04-01
139468238,42025,,759000.0,2025-04-01
139438230,122025,,798259.24,2025-04-01
139437363,102025,,243771.68,2025-04-01
139448988,22026,,277932.99,2025-04-01
139452634,12026,,626677.84,2025-04-01
139461973,52025,,149000.0,2025-04-01
139440612,22025,,398000.0,2025-04-01
139453494,22026,,199243.39,2025-04-01
139447524,102025,,312661.68,2025-04-01
139457776,92025,,544470.16,2025-04-01
139446683,92025,,335733.4,2025-04-01
139452319,22026,,1001000.0,2025-04-01
139459430,92025,,366525.47,2025-04-01
139458708,32025,,174000.0,2025-04-01
139460974,102025,,297678.95,2025-04-01
139465449,22026,,115496.29,2025-04-01
139466565,82025,,68425.41,2025-04-01
139467733,22025,,190000.0,2025-04-01
139459390,122025,,507711.72,2025-04-01
139468056,42025,,318000.0,2025-04-01
139460168,42025,,165000.0,2025-04-01
139457429,72025,,188000.0,2025-04-01
139463852,12025,,361000.0,2025-04-01
139439531,42025,,100000.0,2025-04-01
139449876,92025,,196526.45,2025-04-01
139459622,32025,,149000.0,2025-04-01
139458002,12026,,205660.84,2025-04-01
139449747,22025,,190000.0,2025-04-01
139461277,82025,,349581.81,2025-04-01
139449577,72025,,788000.0,2025-04-01
139447810,22025,,209000.0,2025-04-01
139437860,52025,,244000.0,2025-04-01
139457878,22025,,441000.0,2025-04-01
139456675,12026,,282337.28,2025-04-01
139460858,112025,,91728.61,2025-04-01
139465781,112025,,580720.04,2025-04-01
139444609,82025,,179457.55,2025-04-01
139439634,82025,,275000.0,2025-04-01
139446075,82025,,967293.62,2025-04-01
139467429,32025,,323000.0,2025-04-01
139460283,12026,,265194.46,2025-04-01
139458066,42025,,373000.0,2025-04-01
139451445,32026,,588518.44,2025-04-01
139446209,32026,,81492.63,2025-04-01
139466240,12026,,768174.79,2025-04-01
139469769,62025,,447000.0,2025-04-01
139440862,122025,,86329.29,2025-04-01
139444149,12026,,665914.41,2025-04-01
139441366,42025,,236000.0,2025-04-01
139467692,32026,,362444.0,2025-04-01
139447374,82025,,65809.52,2025-04-01
139458038,122025,,166334.09,2025-04-01
139454340,112025,,278917.76,2025-04-01
139439203,22026,,431463.12,2025-04-01
139453648,12025,,250000.0,2025-04-01
139443002,22025,,120000.0,2025-04-01
139450029,32026,,231896.54,2025-04-01
139469062,12025,,294000.0,2025-04-01
139445890,62025,,451000.0,2025-04-01
139447092,52025,,334000.0,2025-04-01
139458501,32026,,256721.24,2025-04-01
139442061,12025,,455000.0,2025-04-01
139436653,62025,,482000.0,2025-04-01
139438018,92025,,381544.78,2025-04-01
139435744,112025,,158620.57,2025-04-01
139454763,122025,,491834.39,2025-04-01
139440257,42025,,151000.0,2025-04-01
139451454,12026,,261917.68,2025-04-01
139469690,102025,,284833.75,2025-04-01
139441351,22025,,182000.0,2025-04-01
139454071,92025,,530731.44,2025-04-01
139446985,82025,,147671.25,2025-04-01
139463673,92025,,261142.35,2025-04-01
139458281,22026,,64351.86,2025-04-01
139442616,82025,,334565.38,2025-04-01
139450706,112025,,306088.19,2025-04-01
139439185,22025,,470000.0,2025-04-01
139452590,12026,,656400.43,2025-04-01
139442582,62025,,202000.0,2025-04-01
139436983,22026,,550949.97,2025-04-01
139458194,22025,,113000.0,2025-04-01
139451379,22026,,129390.86,2025-04-01
139442705,52025,,553000.0,2025-04-01
139465183,12025,,315000.0,2025-04-01
139464756,32025,,144000.0,2025-04-01
139442309,12026,,267210.73,2025-04-01
139452854,22025,,799000.0,2025-04-01
139455681,92025,,553962.66,2025-04-01
139460358,52025,,223000.0,2025-04-01
139463347,22026,,54248.91,2025-04-01
139447961,62025,,233000.0,2025-04-01
139449362,112025,,798708.21,2025-04-01
139438556,32026,,247002.11,2025-04-01
139466870,32026,,493895.12,2025-04-01
139446442,22026,,153359.76,2025-04-01
139460228,112025,,331764.98,2025-04-01
139463000,112025,,466499.35,2025-04-01
139458377,82025,,348143.65,2025-04-01
139466072,22025,,302000.0,2025-04-01
139463227,32026,,158222.39,2025-04-01
139444751,112025,,205973.78,2025-04-01
139439575,92025,,91830.28,2025-04-01
139457976,12025,,281000.0,2025-04-01
139459307,32025,,314000.0,2025-04-01
139440032,12026,,371518.45,2025-04-01
139460147,102025,,99331.75,2025-04-01
139458011,102025,,273937.36,2025-04-01
139454412,82025,,165000.0,2025-04-01
139437857,102025,,628853.12,2025-04-01
139436202,122025,,285574.0,2025-04-01
139445098,22025,,336000.0,2025-04-01
139450788,52025,,239000.0,2025-04-01
139443144,122025,,355703.5,2025-04-01
139438239,112025,,65586.73,2025-04-01
139465781,102025,,581276.33,2025-04-01
139453996,42025,,480000.0,2025-04-01
139443647,32026,,120518.4,2025-04-01
139444992,12025,,800000.0,2025-04-01
139441866,122025,,194728.79,2025-04-01
139459057,122025,,241007.94,2025-04-01
139466055,92025,,218032.39,2025-04-01
139467135,112025,,350166.14,2025-04-01
139460209,22026,,340491.56,2025-04-01
139446180,122025,,410513.56,2025-04-01
139466981,42025,,250000.0,2025-04-01
139456481,72025,,211000.0,2025-04-01
139458114,12026,,481899.05,2025-04-01
139456172,22026,,113744.78,2025-04-01
139462868,102025,,239529.78,2025-04-01
139443005,72025,,246000.0,2025-04-01
139469491,22025,,282000.0,2025-04-01
139447029,92025,,375429.49,2025-04-01
139440086,32025,,247000.0,2025-04-01
139451714,62025,,261000.0,2025-04-01
139454410,122025,,526692.06,2025-04-01
139439615,92025,,244313.15,2025-04-01
139458278,42025,,787000.0,2025-04-01
139466758,122025,,299650.68,2025-04-01
139466214,72025,,416000.0,2025-04-01
139465323,72025,,211000.0,2025-04-01
139444341,92025,,431779.57,2025-04-01
139440965,82025,,388000.0,2025-04-01
139466655,22026,,793774.07,2025-04-01
139435638,12025,,204000.0,2025-04-01
139444823,122025,,227869.3,2025-04-01
139435883,102025,,600945.96,2025-04-01
139459720,22026,,166446.15,2025-04-01
139437141,72025,,97000.0,2025-04-01
139438050,82025,,164012.85,2025-04-01
139437446,112025,,447607.59,2025-04-01
139464777,42025,,399000.0,2025-04-01
139442111,52025,,72000.0,2025-04-01
139464771,32025,,208000.0,2025-04-01
139457826,22025,,125000.0,2025-04-01
139462414,32025,,131000.0,2025-04-01
139443742,72025,,323598.82,2025-04-01
139446371,32026,,295425.07,2025-04-01
139466860,62025,,187000.0,2025-04-01
139441726,22025,,269000.0,2025-04-01
139457326,82025,,453093.33,2025-04-01
139437250,42025,,731000.0,2025-04-01
139452037,62025,,602000.0,2025-04-01
139438858,42025,,279000.0,2025-04-01
139462923,82025,,277756.03,2025-04-01
139441192,112025,,505085.41,2025-04-01
139449085,12025,,346000.0,2025-04-01
139440759,12026,,285434.66,2025-04-01
139464015,22026,,286875.46,2025-04-01
139446512,32025,,308000.0,2025-04-01
139458255,22025,,182000.0,2025-04-01
139439780,22026,,118001.92,2025-04-01
139457337,102025,,382158.39,2025-04-01
139451260,42025,,299000.0,2025-04-01
139447395,62025,,348000.0,2025-04-01
139437879,82025,,342487.48,2025-04-01
139469583,22025,,649000.0,2025-04-01
139448760,42025,,136000.0,2025-04-01
139468352,12026,,303342.93,2025-04-01
139443755,82025,,396668.29,2025-04-01
139452946,12026,,0.0,2025-04-01
139444885,82025,,307000.0,2025-04-01
139441647,122025,,196260.99,2025-04-01
139442897,52025,,127000.0,2025-04-01
139465938,52025,,479000.0,2025-04-01
139464968,112025,,351458.07,2025-04-01
139452924,102025,,169473.3,2025-04-01
139468188,92025,,197285.88,2025-04-01
139449402,122025,,479680.35,2025-04-01
139462499,32025,,193000.0,2025-04-01
139447206,72025,,80000.0,2025-04-01
139459716,102025,,97075.01,2025-04-01
139464143,112025,,134715.9,2025-04-01
139458938,22026,,292072.9,2025-04-01
139468318,72025,,462000.0,2025-04-01
139437702,122025,,562764.47,2025-04-01
139450313,32025,,346000.0,2025-04-01
139450890,22026,,345123.3,2025-04-01
139460941,122025,,160826.13,2025-04-01
139435604,42025,,344000.0,2025-04-01
139467039,32026,,315670.23,2025-04-01
139464485,42025,,297000.0,2025-04-01
139443608,62025,,348000.0,2025-04-01
139454620,62025,,552000.0,2025-04-01
139457181,12025,,536000.0,2025-04-01
139461880,62025,,252000.0,2025-04-01
139467947,22025,,236000.0,2025-04-01
139457103,32026,,358695.78,2025-04-01
139451004,82025,,573000.0,2025-04-01
139448150,12025,,405000.0,2025-04-01
139441482,32026,,327828.65,2025-04-01
139453788,12025,,708000.0,2025-04-01
139440168,92025,,404673.29,2025-04-01
139437539,112025,,280306.26,2025-04-01
139451375,32025,,630000.0,2025-04-01
139445214,62025,,324000.0,2025-04-01
139451912,82025,,547703.41,2025-04-01
139443218,12026,,190002.13,2025-04-01
139461270,82025,,298000.0,2025-04-01
139466874,22026,,240440.83,2025-04-01
139448168,122025,,313985.02,2025-04-01
139450897,62025,,249000.0,2025-04-01
139448857,112025,,408697.18,2025-04-01
139459681,112025,,244917.35,2025-04-01
139439316,32026,,288842.41,2025-04-01
139466605,72025,,442000.0,2025-04-01
139438773,112025,,339967.49,2025-04-01
139436233,32025,,90000.0,2025-04-01
139467654,12026,,0.0,2025-04-01
139450892,62025,,156000.0,2025-04-01
139457190,32025,,472000.0,2025-04-01
139442802,12026,,379703.48,2025-04-01
139454989,82025,,111824.23,2025-04-01
139462355,112025,,115253.88,2025-04-01
139465674,22026,,258620.47,2025-04-01
139448379,62025,,223000.0,2025-04-01
139467118,52025,,221311.46,2025-04-01
139447738,72025,,142000.0,2025-04-01
139469324,102025,,382359.91,2025-04-01
139465834,122025,,374990.47,2025-04-01
139470115,122025,,786727.86,2025-04-01
139440363,102025,,386664.53,2025-04-01
139457910,12025,,120000.0,2025-04-01
139467673,52025,,259000.0,2025-04-01
139460733,92025,,138876.5,2025-04-01
139451730,22026,,637885.95,2025-04-01
139449977,82025,,183819.17,2025-04-01
139464692,12025,,212000.0,2025-04-01
139459087,82025,,159768.41,2025-04-01
139442801,62025,,342000.0,2025-04-01
139454518,92025,,415359.56,2025-04-01
139436771,42025,,127000.0,2025-04-01
139456419,52025,,393000.0,2025-04-01
139441127,112025,,38444.67,2025-04-01
139456727,122025,,296119.56,2025-04-01
139436511,22026,,114557.89,2025-04-01
139465345,92025,,306527.74,2025-04-01
139445778,12026,,328065.36,2025-04-01
139451598,62025,,177000.0,2025-04-01
139451021,62025,,202000.0,2025-04-01
139456081,82025,,99276.59,2025-04-01
139464578,12025,,203000.0,2025-04-01
139459911,22026,,367818.07,2025-04-01
139470155,22025,,114000.0,2025-04-01
139450516,12026,,344413.2,2025-04-01
139452367,92025,,476098.65,2025-04-01
139446137,22026,,188264.17,2025-04-01
139451683,92025,,469561.1,2025-04-01
139442164,82025,,125673.37,2025-04-01
139456872,112025,,426110.53,2025-04-01
139463188,62025,,439000.0,2025-04-01
139469111,42025,,80000.0,2025-04-01
139444197,92025,,331505.58,2025-04-01
139463550,22025,,179000.0,2025-04-01
139454562,22025,,198000.0,2025-04-01
139468873,52025,,160000.0,2025-04-01
139467340,122025,,786073.54,2025-04-01
139440458,52025,,266000.0,2025-04-01
139464185,32026,,462740.71,2025-04-01
139469609,12026,,111847.9,2025-04-01
139454693,22025,,766000.0,2025-04-01
139469313,12026,,152124.29,2025-04-01
139441781,112025,,244531.7,2025-04-01
139447217,22025,,261000.0,2025-04-01
139445623,102025,,349840.93,2025-04-01
139459915,12025,,491000.0,2025-04-01
139463767,22026,,191861.25,2025-04-01
139442532,92025,,629090.2,2025-04-01
139465041,122025,,395019.01,2025-04-01
139460497,22026,,344740.09,2025-04-01
139466603,42025,,786000.0,2025-04-01
139456092,32025,,247000.0,2025-04-01
139459343,42025,,222000.0,2025-04-01
139451848,42025,,149000.0,2025-04-01
139462012,32025,,249000.0,2025-04-01
139441912,122025,,237502.71,2025-04-01
139442061,32025,,454000.0,2025-04-01
139456134,62025,,733000.0,2025-04-01
139466141,12025,,221000.0,2025-04-01
139466993,12026,,243592.91,2025-04-01
139444681,32026,,272250.19,2025-04-01
139464652,102025,,424834.56,2025-04-01
139442285,52025,,521000.0,2025-04-01
139460189,22025,,173000.0,2025-04-01
139445657,32025,,639000.0,2025-04-01
139438722,12025,,135000.0,2025-04-01
139439860,32026,,561215.86,2025-04-01
139461823,112025,,223060.24,2025-04-01
139442485,42025,,88000.0,2025-04-01
139438740,92025,,550308.05,2025-04-01
139458707,22025,,254000.0,2025-04-01
139457174,32026,,56629.49,2025-04-01
139445593,92025,,66444.77,2025-04-01
139435820,102025,,424818.92,2025-04-01
139454546,62025,,115000.0,2025-04-01
139468577,62025,,164000.0,2025-04-01
139454083,112025,,386553.28,2025-04-01
139462214,82025,,301175.36,2025-04-01
139448865,22026,,261072.53,2025-04-01
139466895,42025,,222000.0,2025-04-01
139458868,122025,,148503.34,2025-04-01
139461487,42025,,283000.0,2025-04-01
139451446,52025,,150000.0,2025-04-01
139463449,32025,,104000.0,2025-04-01
139458089,62025,,735000.0,2025-04-01
139439705,52025,,798000.0,2025-04-01
139466849,92025,,124566.75,2025-04-01
139438865,72025,,525000.0,2025-04-01
139450532,22025,,130000.0,2025-04-01
139455439,12026,,241309.8,2025-04-01
139452038,62025,,137000.0,2025-04-01
139441802,122025,,191430.8,2025-04-01
139462309,42025,,428000.0,2025-04-01
139447908,12025,,210000.0,2025-04-01
139446509,72025,,138000.0,2025-04-01
139449055,12026,,48171.97,2025-04-01
139453970,22026,,105552.45,2025-04-01
139461144,32025,,153000.0,2025-04-01
139470206,102025,,257439.81,2025-04-01
139438351,82025,,388000.0,2025-04-01
139455588,92025,,86839.45,2025-04-01
139468686,22025,,238000.0,2025-04-01
139440593,62025,,159000.0,2025-04-01
139456447,32026,,236202.79,2025-04-01
139441171,82025,,205842.13,2025-04-01
139468525,82025,,304000.0,2025-04-01
139456864,32026,,251278.12,2025-04-01
139447835,82025,,789846.49,2025-04-01
139457804,112025,,403410.25,2025-04-01
139468927,122025,,243761.25,2025-04-01
139437646,62025,,186000.0,2025-04-01
139463686,122025,,651560.8,2025-04-01
139455043,82025,,246300.53,2025-04-01
139458504,12025,,117000.0,2025-04-01
139467173,32025,,115000.0,2025-04-01
139440324,12025,,201000.0,2025-04-01
139450263,42025,,617000.0,2025-04-01
139441542,32026,,207607.91,2025-04-01
139460708,12026,,383765.0,2025-04-01
139442826,62025,,197000.0,2025-04-01
139451532,82025,,794970.45,2025-04-01
139443869,22025,,208000.0,2025-04-01
139463801,12026,,292257.9,2025-04-01
139468106,72025,,149000.0,2025-04-01
139444261,42025,,277000.0,2025-04-01
139445753,72025,,227000.0,2025-04-01
139456748,52025,,227000.0,2025-04-01
139457445,82025,,406760.97,2025-04-01
139450846,72025,,834974.38,2025-04-01
139461790,32025,,714000.0,2025-04-01
139453464,22025,,203000.0,2025-04-01
139452943,82025,,440114.45,2025-04-01
139460863,52025,,238000.0,2025-04-01
139458410,102025,,204200.55,2025-04-01
139458864,32025,,263000.0,2025-04-01
139448033,12025,,416000.0,2025-04-01
139439724,12026,,415193.16,2025-04-01
139440796,72025,,507000.0,2025-04-01
139469826,32025,,686000.0,2025-04-01
139456963,32025,,59000.0,2025-04-01
139465714,22025,,100000.0,2025-04-01
139449498,72025,,194000.0,2025-04-01
139464209,32026,,457306.24,2025-04-01
139440589,52025,,145000.0,2025-04-01
139444373,62025,,139000.0,2025-04-01
139470115,112025,,787439.07,2025-04-01
139450148,112025,,199463.2,2025-04-01
139448455,32025,,318000.0,2025-04-01
139447317,72025,,175843.86,2025-04-01
139451834,112025,,0.0,2025-04-01
139463459,102025,,266932.54,2025-04-01
139449679,52025,,294000.0,2025-04-01
139451877,62025,,251000.0,2025-04-01
139436050,12026,,147147.58,2025-04-01
139463757,42025,,165000.0,2025-04-01
139458669,82025,,97000.0,2025-04-01
139466713,32026,,448465.23,2025-04-01
139445814,32026,,192513.66,2025-04-01
139436365,32025,,197000.0,2025-04-01
139461656,12025,,441000.0,2025-04-01
139452519,92025,,323747.71,2025-04-01
139461838,12025,,292000.0,2025-04-01
139445376,112025,,139374.28,2025-04-01
139446521,12025,,477000.0,2025-04-01
139453252,112025,,203693.08,2025-04-01
139463109,102025,,714228.11,2025-04-01
139435888,92025,,707383.56,2025-04-01
139464682,22025,,370000.0,2025-04-01
139457318,122025,,159832.02,2025-04-01
139450551,12026,,223511.73,2025-04-01
139451361,22026,,166106.67,2025-04-01
139438606,102025,,94894.75,2025-04-01
139438133,22025,,203000.0,2025-04-01
139458054,62025,,571000.0,2025-04-01
139466531,112025,,0.0,2025-04-01
139441814,122025,,205838.74,2025-04-01
139462996,52025,,360000.0,2025-04-01
139454411,32025,,351000.0,2025-04-01
139442313,32025,,320000.0,2025-04-01
139446849,92025,,142373.23,2025-04-01
139457219,12025,,372000.0,2025-04-01
139439261,12025,,71000.0,2025-04-01
139436853,22026,,248409.9,2025-04-01
139468505,42025,,174000.0,2025-04-01
139459102,102025,,376764.2,2025-04-01
139450679,42025,,796000.0,2025-04-01
139438372,112025,,346757.68,2025-04-01
139461776,32026,,124426.2,2025-04-01
139438573,22025,,479000.0,2025-04-01
139462862,12025,,325000.0,2025-04-01
139442904,12025,,225000.0,2025-04-01
139445791,42025,,804000.0,2025-04-01
139442325,22026,,59857.62,2025-04-01
139462155,32026,,90115.63,2025-04-01
139440336,22026,,366248.25,2025-04-01
139440749,22026,,164830.6,2025-04-01
139458847,82025,,549704.42,2025-04-01
139464838,32025,,638000.0,2025-04-01
139439082,22025,,244000.0,2025-04-01
139444338,92025,,386290.24,2025-04-01
139455456,112025,,196478.15,2025-04-01
139450681,72025,,251000.0,2025-04-01
139463493,52025,,597000.0,2025-04-01
139448419,52025,,214000.0,2025-04-01
139451368,32025,,235000.0,2025-04-01
139460347,42025,,282000.0,2025-04-01
139439710,32026,,469291.37,2025-04-01
139465134,52025,,372000.0,2025-04-01
139441723,112025,,285605.34,2025-04-01
139463263,122025,,397717.91,2025-04-01
139454847,12026,,359555.03,2025-04-01
139444154,22025,,558000.0,2025-04-01
139463816,92025,,486639.94,2025-04-01
139442419,72025,,161151.65,2025-04-01
139455250,22026,,158477.36,2025-04-01
139458810,112025,,276917.33,2025-04-01
139448520,92025,,195392.91,2025-04-01
139436578,62025,,249000.0,2025-04-01
139449872,112025,,641843.84,2025-04-01
139447977,32026,,361066.5,2025-04-01
139462901,92025,,91676.19,2025-04-01
139436696,22025,,373000.0,2025-04-01
139450665,22025,,540000.0,2025-04-01
139459371,82025,,219111.01,2025-04-01
139466868,12025,,801000.0,2025-04-01
139439026,92025,,417291.96,2025-04-01
139463352,22025,,205000.0,2025-04-01
139445493,102025,,569261.47,2025-04-01
139469850,12026,,239987.56,2025-04-01
139462666,32025,,242000.0,2025-04-01
139457508,112025,,149014.45,2025-04-01
139458605,122025,,202648.62,2025-04-01
139442706,12025,,794000.0,2025-04-01
139467375,22025,,74000.0,2025-04-01
139451799,122025,,715330.68,2025-04-01
139455971,102025,,223098.48,2025-04-01
139437164,52025,,188000.0,2025-04-01
139438566,32025,,223000.0,2025-04-01
139451237,122025,,605670.45,2025-04-01
139443387,82025,,75461.38,2025-04-01
139469201,32025,,207000.0,2025-04-01
139458587,12026,,338177.44,2025-04-01
139439119,102025,,467415.42,2025-04-01
139470152,12026,,249140.65,2025-04-01
139464320,12025,,237000.0,2025-04-01
139450641,82025,,417119.95,2025-04-01
139449771,102025,,319707.28,2025-04-01
139443214,32025,,272000.0,2025-04-01
139468350,122025,,321426.87,2025-04-01
139461214,22026,,796937.03,2025-04-01
139451974,82025,,216705.3,2025-04-01
139447735,62025,,318000.0,2025-04-01
139443164,82025,,132887.27,2025-04-01
139468518,82025,,337159.89,2025-04-01
139438712,32026,,208843.77,2025-04-01
139453428,32025,,315000.0,2025-04-01
139463525,32025,,180000.0,2025-04-01
139442700,92025,,0.0,2025-04-01
139467917,82025,,376322.21,2025-04-01
139452657,102025,,138931.44,2025-04-01
139467394,32026,,327747.95,2025-04-01
139465103,22025,,375000.0,2025-04-01
139453439,92025,,0.0,2025-04-01
139467848,102025,,660351.01,2025-04-01
139455337,62025,,431000.0,2025-04-01
139461079,72025,,209000.0,2025-04-01
139453233,22026,,354307.17,2025-04-01
139444105,102025,,711294.14,2025-04-01
139440049,72025,,114186.4,2025-04-01
139456106,82025,,367377.68,2025-04-01
139465536,42025,,272000.0,2025-04-01
139461087,32025,,244000.0,2025-04-01
139461718,112025,,748005.84,2025-04-01
139440270,82025,,299174.84,2025-04-01
139460992,32026,,625735.85,2025-04-01
139461437,22026,,660755.86,2025-04-01
139445475,92025,,131095.25,2025-04-01
139464036,92025,,291571.65,2025-04-01
139468932,22026,,115382.32,2025-04-01
139457258,12026,,207707.79,2025-04-01
139466342,112025,,269226.8,2025-04-01
139461685,82025,,273354.67,2025-04-01
139465761,102025,,422253.71,2025-04-01
139442646,22025,,769000.0,2025-04-01
139440579,62025,,586000.0,2025-04-01
139466213,22025,,164000.0,2025-04-01
139464948,32026,,0.0,2025-04-01
139456174,122025,,138456.39,2025-04-01
139456110,22025,,95000.0,2025-04-01
139453468,12026,,252339.85,2025-04-01
139468145,92025,,119346.92,2025-04-01
139448798,42025,,572000.0,2025-04-01
139457375,122025,,224139.81,2025-04-01
139437462,32026,,135697.21,2025-04-01
139444960,92025,,520107.91,2025-04-01
139463402,32025,,269000.0,2025-04-01
139461295,32025,,401000.0,2025-04-01
139470202,12026,,289666.84,2025-04-01
139436894,22025,,214000.0,2025-04-01
139469896,22026,,257060.75,2025-04-01
139451078,42025,,526000.0,2025-04-01
139448768,102025,,389831.82,2025-04-01
139461090,22026,,304260.32,2025-04-01
139457995,12026,,182980.7,2025-04-01
139447535,22025,,542000.0,2025-04-01
139465666,112025,,286994.29,2025-04-01
139455313,12025,,380000.0,2025-04-01
139449665,22025,,279000.0,2025-04-01
139449820,122025,,461075.67,2025-04-01
139435807,72025,,264562.72,2025-04-01
139462303,12025,,267000.0,2025-04-01
139460861,12026,,165050.38,2025-04-01
139452986,12025,,254000.0,2025-04-01
139457649,42025,,52000.0,2025-04-01
139466237,92025,,515426.1,2025-04-01
139461550,12025,,313000.0,2025-04-01
139435868,112025,,192125.27,2025-04-01
139453962,12026,,98719.51,2025-04-01
139436729,122025,,343256.45,2025-04-01
139453757,122025,,231879.41,2025-04-01
139463972,72025,,169000.0,2025-04-01
139437855,102025,,153884.21,2025-04-01
139463628,22025,,107000.0,2025-04-01
139460021,42025,,547000.0,2025-04-01
139438324,32025,,225000.0,2025-04-01
139462440,82025,,229000.0,2025-04-01
139464119,62025,,375609.63,2025-04-01
139447106,52025,,238000.0,2025-04-01
139446963,32025,,137000.0,2025-04-01
139441635,12026,,95587.49,2025-04-01
139450670,32025,,787000.0,2025-04-01
139452930,72025,,333000.0,2025-04-01
139455470,102025,,127111.71,2025-04-01
139460737,22025,,311000.0,2025-04-01
139469248,22025,,155000.0,2025-04-01
139462248,112025,,99346.8,2025-04-01
139439958,122025,,143971.19,2025-04-01
139464773,82025,,206805.25,2025-04-01
139457850,22025,,814000.0,2025-04-01
139450266,32025,,1115000.0,2025-04-01
139467919,22025,,221000.0,2025-04-01
139454735,102025,,152707.51,2025-04-01
139442617,42025,,146000.0,2025-04-01
139469972,102025,,148137.98,2025-04-01
139450238,32026,,165271.19,2025-04-01
139446233,72025,,247000.0,2025-04-01
139436496,32025,,542000.0,2025-04-01
139462295,92025,,96969.74,2025-04-01
139437965,32025,,265000.0,2025-04-01
139446149,112025,,245169.54,2025-04-01
139438748,32025,,292000.0,2025-04-01
139464371,32025,,707000.0,2025-04-01
139443599,42025,,117000.0,2025-04-01
139438038,12026,,263363.96,2025-04-01
139457353,82025,,301055.16,2025-04-01
139457083,22025,,328000.0,2025-04-01
139465217,72025,,127000.0,2025-04-01
139443489,72025,,216000.0,2025-04-01
139461783,52025,,202000.0,2025-04-01
139463676,92025,,439773.81,2025-04-01
139467705,42025,,636000.0,2025-04-01
139454548,52025,,314000.0,2025-04-01
139448089,52025,,336000.0,2025-04-01
139442169,32025,,355000.0,2025-04-01
139468253,92025,,198661.44,2025-04-01
139444186,22025,,142000.0,2025-04-01
139444558,112025,,375624.82,2025-04-01
139467808,82025,,268000.0,2025-04-01
139444772,62025,,144000.0,2025-04-01
139448408,82025,,114260.33,2025-04-01
139460586,52025,,257000.0,2025-04-01
139461436,12026,,345292.67,2025-04-01
139466690,82025,,278000.0,2025-04-01
139446771,22025,,355000.0,2025-04-01
139453554,82025,,241643.13,2025-04-01
139437933,22025,,248000.0,2025-04-01
139462995,22025,,575000.0,2025-04-01
139457442,42025,,248000.0,2025-04-01
139449147,52025,,355000.0,2025-04-01
139443116,22026,,376872.97,2025-04-01
139455211,32025,,89000.0,2025-04-01
139468160,62025,,726000.0,2025-04-01
139469850,32026,,239420.45,2025-04-01
139449206,72025,,547000.0,2025-04-01
139464086,92025,,181085.6,2025-04-01
139460839,62025,,806000.0,2025-04-01
139450128,12026,,27487.38,2025-04-01
139464667,82025,,96297.42,2025-04-01
139461709,22025,,645000.0,2025-04-01
139467537,22025,,150000.0,2025-04-01
139447446,32025,,190000.0,2025-04-01
139451008,32025,,398000.0,2025-04-01
139440326,32025,,214000.0,2025-04-01
139457912,22025,,562000.0,2025-04-01
139442870,122025,,898057.21,2025-04-01
139446274,22025,,156000.0,2025-04-01
139469159,92025,,264253.81,2025-04-01
139438030,22026,,558161.26,2025-04-01
139452016,52025,,569000.0,2025-04-01
139462603,102025,,415556.97,2025-04-01
139456157,12026,,574782.68,2025-04-01
139467875,32026,,368572.2,2025-04-01
139456602,12025,,508000.0,2025-04-01
139465527,62025,,50000.0,2025-04-01
139437324,102025,,453345.19,2025-04-01
139460356,32025,,697000.0,2025-04-01
139452368,52025,,219000.0,2025-04-01
139440839,102025,,337369.5,2025-04-01
139468997,52025,,259000.0,2025-04-01
139468531,32025,,221000.0,2025-04-01
139460550,52025,,70000.0,2025-04-01
139469271,32025,,190000.0,2025-04-01
139461688,42025,,295000.0,2025-04-01
139466129,32026,,98591.29,2025-04-01
139449979,22026,,779733.98,2025-04-01
139464263,32026,,204304.3,2025-04-01
139446582,102025,,559236.33,2025-04-01
139468877,102025,,408169.26,2025-04-01
139460361,82025,,124176.52,2025-04-01
139459389,12025,,417000.0,2025-04-01
139462478,22025,,100000.0,2025-04-01
139441018,32026,,192382.23,2025-04-01
139463771,72025,,456117.85,2025-04-01
139451613,62025,,273000.0,2025-04-01
139454103,92025,,158721.96,2025-04-01
139443969,72025,,374000.0,2025-04-01
139462703,62025,,412000.0,2025-04-01
139459177,32025,,294000.0,2025-04-01
139450604,92025,,145889.65,2025-04-01
139443997,52025,,686000.0,2025-04-01
139465155,12026,,247205.69,2025-04-01
139459245,92025,,54682.33,2025-04-01
139462747,22026,,354793.33,2025-04-01
139463700,62025,,339000.0,2025-04-01
139454857,32025,,315000.0,2025-04-01
139455460,82025,,119000.0,2025-04-01
139459255,92025,,235749.48,2025-04-01
139440211,52025,,76000.0,2025-04-01
139469295,12025,,219000.0,2025-04-01
139461005,62025,,240000.0,2025-04-01
139458716,72025,,338000.0,2025-04-01
139455894,82025,,793335.6,2025-04-01
139460135,32025,,583000.0,2025-04-01
139439412,102025,,222388.83,2025-04-01
139455754,122025,,400853.91,2025-04-01
139462845,82025,,396612.8,2025-04-01
139451295,12025,,265000.0,2025-04-01
139449397,32025,,278000.0,2025-04-01
139466312,42025,,573000.0,2025-04-01
139437381,22025,,279000.0,2025-04-01
139466822,22026,,389739.02,2025-04-01
139460369,22025,,316000.0,2025-04-01
139440846,102025,,445417.7,2025-04-01
139453560,12026,,795387.29,2025-04-01
139452588,62025,,383000.0,2025-04-01
139439224,12025,,765000.0,2025-04-01
139436798,52025,,165000.0,2025-04-01
139463103,42025,,0.0,2025-04-01
139437020,32026,,333524.37,2025-04-01
139435869,22025,,785000.0,2025-04-01
139467318,22025,,235000.0,2025-04-01
139454751,92025,,426561.57,2025-04-01
139466319,22026,,467922.78,2025-04-01
139437007,102025,,319096.01,2025-04-01
139436023,32026,,232867.54,2025-04-01
139462994,42025,,239000.0,2025-04-01
139447978,92025,,481388.91,2025-04-01
139462082,62025,,803000.0,2025-04-01
139449659,62025,,241000.0,2025-04-01
139456486,22026,,61728.09,2025-04-01
139463943,42025,,264000.0,2025-04-01
139463270,32025,,60000.0,2025-04-01
139459562,122025,,415697.81,2025-04-01
139444918,22026,,67623.23,2025-04-01
139449301,52025,,435000.0,2025-04-01
139462552,102025,,540387.25,2025-04-01
139462791,122025,,212527.53,2025-04-01
139444556,32025,,349000.0,2025-04-01
139465283,62025,,274000.0,2025-04-01
139456744,42025,,96000.0,2025-04-01
139436138,52025,,418000.0,2025-04-01
139449426,112025,,429658.2,2025-04-01
139444487,92025,,243832.3,2025-04-01
139436257,102025,,91369.17,2025-04-01
139469665,52025,,474000.0,2025-04-01
139442023,12026,,478437.13,2025-04-01
139461843,122025,,339263.51,2025-04-01
139447597,52025,,319000.0,2025-04-01
139448719,32026,,347048.08,2025-04-01
139438495,32025,,174000.0,2025-04-01
139465272,22026,,252266.26,2025-04-01
139451353,32025,,168000.0,2025-04-01
139460836,52025,,426000.0,2025-04-01
139454630,102025,,258129.0,2025-04-01
139465301,42025,,100000.0,2025-04-01
139436918,102025,,172205.42,2025-04-01
139437098,52025,,468000.0,2025-04-01
139453733,62025,,737000.0,2025-04-01
139447480,32026,,398368.34,2025-04-01
139454290,22026,,381141.55,2025-04-01
139450429,102025,,301416.27,2025-04-01
139437144,82025,,286936.52,2025-04-01
139437621,102025,,157647.68,2025-04-01
139469193,62025,,116170.81,2025-04-01
139456198,32025,,315000.0,2025-04-01
139436194,92025,,116095.51,2025-04-01
139465332,102025,,68822.08,2025-04-01
139442045,52025,,591000.0,2025-04-01
139465495,92025,,173773.84,2025-04-01
139437451,72025,,145000.0,2025-04-01
139460715,32025,,219000.0,2025-04-01
139444706,72025,,711000.0,2025-04-01
139437615,112025,,374547.74,2025-04-01
139465002,52025,,159000.0,2025-04-01
139440186,62025,,268000.0,2025-04-01
139462878,82025,,43646.49,2025-04-01
139449516,92025,,219018.83,2025-04-01
139453397,12025,,400000.0,2025-04-01
139445413,22026,,148376.59,2025-04-01
139461031,72025,,389000.0,2025-04-01
139462705,72025,,208000.0,2025-04-01
139447812,12025,,279000.0,2025-04-01
139459945,52025,,199000.0,2025-04-01
139468966,112025,,487753.0,2025-04-01
139448648,32025,,223000.0,2025-04-01
139440052,92025,,362244.93,2025-04-01
139453536,82025,,143140.49,2025-04-01
139452211,42025,,275000.0,2025-04-01
139437681,22025,,280000.0,2025-04-01
139457761,22025,,609000.0,2025-04-01
139443428,92025,,160716.62,2025-04-01
139461439,22025,,390000.0,2025-04-01
139441456,82025,,532217.66,2025-04-01
139458349,102025,,645714.62,2025-04-01
139462866,22026,,565763.96,2025-04-01
139444341,22026,,429886.04,2025-04-01
139447744,82025,,278000.0,2025-04-01
139457351,62025,,582000.0,2025-04-01
139455280,72025,,378000.0,2025-04-01
139460529,42025,,468000.0,2025-04-01
139440408,62025,,373000.0,2025-04-01
139445432,32025,,199000.0,2025-04-01
139440895,112025,,220677.68,2025-04-01
139466066,82025,,218584.99,2025-04-01
139444231,82025,,188776.08,2025-04-01
139447912,92025,,137124.95,2025-04-01
139461243,122025,,279810.46,2025-04-01
139455609,12025,,250000.0,2025-04-01
139436707,122025,,145641.38,2025-04-01
139455346,122025,,271952.27,2025-04-01
139466492,22026,,362876.71,2025-04-01
139456556,22026,,428530.25,2025-04-01
139445525,12026,,420396.16,2025-04-01
139452727,92025,,111172.89,2025-04-01
139457730,32025,,359000.0,2025-04-01
139440648,102025,,325394.24,2025-04-01
139450142,12026,,350125.0,2025-04-01
139454000,32026,,253497.31,2025-04-01
139459437,112025,,787116.9,2025-04-01
139437623,22026,,290824.83,2025-04-01
139435916,72025,,213000.0,2025-04-01
139448040,112025,,175507.55,2025-04-01
139444450,72025,,737000.0,2025-04-01
139444191,52025,,477000.0,2025-04-01
139456625,12025,,538000.0,2025-04-01
139469715,32025,,365000.0,2025-04-01
139438928,112025,,279735.41,2025-04-01
139444724,112025,,425730.66,2025-04-01
139454239,22026,,192410.19,2025-04-01
139446060,122025,,262107.01,2025-04-01
139436333,102025,,587419.86,2025-04-01
139443272,32025,,128000.0,2025-04-01
139455233,32025,,672000.0,2025-04-01
139466614,82025,,524690.47,2025-04-01
139461554,52025,,355000.0,2025-04-01
139463645,92025,,337260.65,2025-04-01
139465168,122025,,153802.86,2025-04-01
139454448,52025,,271000.0,2025-04-01
139449225,12025,,185000.0,2025-04-01
139466361,22025,,337000.0,2025-04-01
139438800,112025,,217900.3,2025-04-01
139456702,12025,,440000.0,2025-04-01
139458140,32026,,223082.72,2025-04-01
139447643,22025,,125000.0,2025-04-01
139450929,52025,,764000.0,2025-04-01
139466760,42025,,455000.0,2025-04-01
139450978,112025,,167772.92,2025-04-01
139443538,12026,,127558.11,2025-04-01
139444616,32025,,182000.0,2025-04-01
139439793,112025,,182460.21,2025-04-01
139463228,42025,,568000.0,2025-04-01
139460829,22025,,470000.0,2025-04-01
139450657,22025,,266000.0,2025-04-01
139466930,102025,,529019.7,2025-04-01
139460157,32025,,498000.0,2025-04-01
139446937,122025,,277467.35,2025-04-01
139436821,122025,,690540.73,2025-04-01
139444353,12026,,317242.21,2025-04-01
139453469,122025,,280269.61,2025-04-01
139441966,32025,,165000.0,2025-04-01
139451313,72025,,242000.0,2025-04-01
139463386,102025,,390154.25,2025-04-01
139445910,22026,,134387.42,2025-04-01
139448603,82025,,131850.81,2025-04-01
139460844,32025,,263000.0,2025-04-01
139468742,42025,,200000.0,2025-04-01
139452015,82025,,177913.66,2025-04-01
139444922,112025,,105013.94,2025-04-01
139439695,22026,,725691.91,2025-04-01
139443705,32025,,216000.0,2025-04-01
139440176,32025,,659000.0,2025-04-01
139449267,52025,,234000.0,2025-04-01
139444315,22026,,177865.67,2025-04-01
139469427,22026,,405340.48,2025-04-01
139452442,22026,,391996.6,2025-04-01
139452796,32026,,782152.27,2025-04-01
139448950,112025,,162165.66,2025-04-01
139447640,112025,,299628.78,2025-04-01
139451134,62025,,290000.0,2025-04-01
139455867,62025,,296000.0,2025-04-01
139465586,32026,,165753.99,2025-04-01
139436363,22026,,289348.42,2025-04-01
139464779,22025,,317000.0,2025-04-01
139436593,22025,,0.0,2025-04-01
139439258,62025,,335000.0,2025-04-01
139443876,12026,,282078.78,2025-04-01
139460986,42025,,256000.0,2025-04-01
139441003,92025,,102790.29,2025-04-01
139462430,92025,,330556.92,2025-04-01
139446239,32026,,490920.78,2025-04-01
139449742,72025,,154000.0,2025-04-01
139454821,22026,,234434.6,2025-04-01
139452686,72025,,284000.0,2025-04-01
139449277,112025,,346988.09,2025-04-01
139443893,122025,,0.0,2025-04-01
139466831,82025,,255000.0,2025-04-01
139466189,42025,,307000.0,2025-04-01
139469034,42025,,536000.0,2025-04-01
139450256,62025,,373000.0,2025-04-01
139457298,12026,,426698.96,2025-04-01
139448461,32025,,172000.0,2025-04-01
139446923,92025,,249061.02,2025-04-01
139455110,12026,,444820.73,2025-04-01
139436071,122025,,342807.49,2025-04-01
139460158,62025,,131000.0,2025-04-01
139464646,22026,,424789.83,2025-04-01
139445724,72025,,149000.0,2025-04-01
139459276,32025,,224000.0,2025-04-01
139457844,62025,,311000.0,2025-04-01
139438553,102025,,274464.17,2025-04-01
139436864,52025,,199000.0,2025-04-01
139462666,82025,,240691.91,2025-04-01
139444792,52025,,516000.0,2025-04-01
139449858,72025,,364000.0,2025-04-01
139446330,62025,,528000.0,2025-04-01
139439045,32025,,105000.0,2025-04-01
139438404,72025,,285000.0,2025-04-01
139450306,42025,,399000.0,2025-04-01
139447499,22025,,32000.0,2025-04-01
139468626,92025,,79468.54,2025-04-01
139468179,12025,,366000.0,2025-04-01
139459110,102025,,435349.1,2025-04-01
139461336,112025,,148746.27,2025-04-01
139442963,12025,,45000.0,2025-04-01
139448648,12026,,213717.57,2025-04-01
139469877,22025,,120000.0,2025-04-01
139447932,12025,,492000.0,2025-04-01
139445950,102025,,424029.5,2025-04-01
139437064,12026,,331214.23,2025-04-01
139454794,62025,,189000.0,2025-04-01
139448403,52025,,214000.0,2025-04-01
139458611,102025,,107012.82,2025-04-01
139462170,112025,,204832.11,2025-04-01
139436840,12025,,263000.0,2025-04-01
139457151,102025,,492162.69,2025-04-01
139447728,112025,,96776.48,2025-04-01
139438499,52025,,194000.0,2025-04-01
139442020,12026,,186103.22,2025-04-01
139461103,32025,,107000.0,2025-04-01
139462784,52025,,139000.0,2025-04-01
139436099,102025,,268195.91,2025-04-01
139437269,112025,,563846.58,2025-04-01
139467526,72025,,259000.0,2025-04-01
139463058,102025,,43195.45,2025-04-01
139462350,22026,,189611.38,2025-04-01
139467504,32026,,545840.1,2025-04-01
139439716,122025,,393830.52,2025-04-01
139437063,52025,,215000.0,2025-04-01
139449945,12025,,276000.0,2025-04-01
139464544,82025,,777977.18,2025-04-01
139440002,92025,,272336.32,2025-04-01
139451844,112025,,396381.96,2025-04-01
139443218,92025,,190683.36,2025-04-01
139452255,42025,,117000.0,2025-04-01
139453829,92025,,335096.3,2025-04-01
139453334,102025,,0.0,2025-04-01
139444701,62025,,292000.0,2025-04-01
139468762,22026,,0.0,2025-04-01
139451233,122025,,607916.26,2025-04-01
139462701,12025,,370000.0,2025-04-01
139458060,22026,,301264.77,2025-04-01
139460578,72025,,127000.0,2025-04-01
139461559,32026,,636028.0,2025-04-01
139464791,22026,,372541.52,2025-04-01
139445992,22026,,69022.12,2025-04-01
139454587,62025,,650000.0,2025-04-01
139443976,62025,,316000.0,2025-04-01
139460031,112025,,453865.01,2025-04-01
139455021,32026,,253075.12,2025-04-01
139470173,92025,,320203.3,2025-04-01
139453710,112025,,162418.83,2025-04-01
139440209,32026,,601126.5,2025-04-01
139454601,32026,,466237.0,2025-04-01
139452068,82025,,249224.39,2025-04-01
139442327,52025,,407000.0,2025-04-01
139467164,22026,,321247.96,2025-04-01
139440996,102025,,228946.09,2025-04-01
139466489,42025,,194000.0,2025-04-01
139440276,12026,,366793.82,2025-04-01
139460963,32026,,349609.33,2025-04-01
139447804,82025,,127968.49,2025-04-01
139465290,112025,,348862.15,2025-04-01
139441375,42025,,373000.0,2025-04-01
139459694,102025,,195567.26,2025-04-01
139447617,12025,,60000.0,2025-04-01
139456456,42025,,217000.0,2025-04-01
139442891,22025,,220000.0,2025-04-01
139469236,32026,,233918.32,2025-04-01
139442474,22025,,396000.0,2025-04-01
139464551,92025,,528681.19,2025-04-01
139461274,112025,,222915.71,2025-04-01
139443417,72025,,307659.84,2025-04-01
139437931,22026,,127330.78,2025-04-01
139469971,32026,,265181.44,2025-04-01
139468474,12025,,359000.0,2025-04-01
139452751,82025,,375501.76,2025-04-01
139439341,22025,,140000.0,2025-04-01
139450592,52025,,296000.0,2025-04-01
139442935,22026,,169824.44,2025-04-01
139440910,62025,,609000.0,2025-04-01
139467832,122025,,221491.26,2025-04-01
139445204,62025,,336000.0,2025-04-01
139441703,92025,,457513.85,2025-04-01
139436571,32025,,184000.0,2025-04-01
139439110,82025,,417387.82,2025-04-01
139444433,62025,,284000.0,2025-04-01
139454755,12025,,160000.0,2025-04-01
139439901,12025,,159000.0,2025-04-01
139467882,42025,,682000.0,2025-04-01
139445348,122025,,387137.05,2025-04-01
139459793,62025,,625910.55,2025-04-01
139445760,12025,,700000.0,2025-04-01
139453391,42025,,204000.0,2025-04-01
139450745,92025,,418161.14,2025-04-01
139460500,12026,,195781.48,2025-04-01
139461284,12025,,248000.0,2025-04-01
139467973,112025,,371442.55,2025-04-01
139442770,12025,,115000.0,2025-04-01
139443727,122025,,267749.05,2025-04-01
139446352,82025,,705698.34,2025-04-01
139464786,12025,,208000.0,2025-04-01
139442291,42025,,308000.0,2025-04-01
139460693,22026,,543021.34,2025-04-01
139456589,112025,,289840.27,2025-04-01
139449746,32025,,134000.0,2025-04-01
139465881,42025,,262000.0,2025-04-01
139447883,102025,,248245.21,2025-04-01
139448595,62025,,378000.0,2025-04-01
139466658,92025,,349994.12,2025-04-01
139448597,22025,,315000.0,2025-04-01
139438960,62025,,81000.0,2025-04-01
139448206,62025,,314000.0,2025-04-01
139446235,12026,,681037.05,2025-04-01
139454909,82025,,354013.03,2025-04-01
139448863,32025,,132000.0,2025-04-01
139445284,82025,,354770.15,2025-04-01
139454468,32025,,126000.0,2025-04-01
139450753,32025,,364000.0,2025-04-01
139444903,52025,,339000.0,2025-04-01
139447355,22026,,248960.49,2025-04-01
139445752,12026,,269217.74,2025-04-01
139443875,42025,,213000.0,2025-04-01
139454649,122025,,179362.43,2025-04-01
139468621,42025,,129000.0,2025-04-01
139454878,42025,,254000.0,2025-04-01
139468074,122025,,194668.89,2025-04-01
139436535,22025,,304000.0,2025-04-01
139451682,12026,,110202.01,2025-04-01
139467387,122025,,290156.07,2025-04-01
139441796,32026,,363287.8,2025-04-01
139439937,92025,,675038.31,2025-04-01
139461689,22025,,160000.0,2025-04-01
139442072,102025,,233687.41,2025-04-01
139448713,102025,,459915.68,2025-04-01
139437073,62025,,173000.0,2025-04-01
139441164,82025,,341195.97,2025-04-01
139441244,12025,,143000.0,2025-04-01
139467582,72025,,234000.0,2025-04-01
139436787,12025,,553000.0,2025-04-01
139448072,22025,,51000.0,2025-04-01
139451077,12026,,0.0,2025-04-01
139452044,42025,,518000.0,2025-04-01
139441971,52025,,276000.0,2025-04-01
139436473,42025,,99000.0,2025-04-01
139446453,82025,,375000.0,2025-04-01
139442335,22025,,520000.0,2025-04-01
139447601,102025,,264627.87,2025-04-01
139437463,112025,,220306.44,2025-04-01
139458119,52025,,124000.0,2025-04-01
139436289,52025,,194000.0,2025-04-01
139450952,62025,,423000.0,2025-04-01
139466042,82025,,398258.36,2025-04-01
139463221,52025,,365000.0,2025-04-01
139436921,12025,,270000.0,2025-04-01
139451538,62025,,224000.0,2025-04-01
139438071,42025,,121000.0,2025-04-01
139461445,62025,,189000.0,2025-04-01
139459797,12026,,201397.21,2025-04-01
139455468,22026,,321384.0,2025-04-01
139450201,52025,,219000.0,2025-04-01
139468101,12025,,730000.0,2025-04-01
139450016,32025,,80000.0,2025-04-01
139468197,112025,,188472.37,2025-04-01
139450663,112025,,254655.03,2025-04-01
139464755,22025,,571000.0,2025-04-01
139445965,12025,,199000.0,2025-04-01
139462637,122025,,270003.81,2025-04-01
139458071,92025,,227233.84,2025-04-01
139451373,32025,,131000.0,2025-04-01
139439565,42025,,593000.0,2025-04-01
139445160,32026,,78640.38,2025-04-01
139455936,42025,,295000.0,2025-04-01
139438669,42025,,430000.0,2025-04-01
139457098,32025,,353000.0,2025-04-01
139450054,92025,,693294.93,2025-04-01
139469769,42025,,448000.0,2025-04-01
139466102,122025,,217065.87,2025-04-01
139448053,12026,,268416.13,2025-04-01
139439293,82025,,102636.61,2025-04-01
139450491,32025,,659000.0,2025-04-01
139460862,92025,,371220.38,2025-04-01
139463508,22025,,257000.0,2025-04-01
139466759,42025,,510000.0,2025-04-01
139460951,102025,,486251.75,2025-04-01
139436586,22025,,249000.0,2025-04-01
139467951,12026,,723057.22,2025-04-01
139454386,92025,,294832.43,2025-04-01
139451226,52025,,763000.0,2025-04-01
139444158,12026,,307322.13,2025-04-01
139462890,52025,,113000.0,2025-04-01
139447999,12026,,125291.26,2025-04-01
139443450,102025,,274520.2,2025-04-01
139446187,62025,,367000.0,2025-04-01
139437088,92025,,508202.06,2025-04-01
139461694,32025,,262000.0,2025-04-01
139462597,82025,,248562.91,2025-04-01
139443766,42025,,391000.0,2025-04-01
139437892,22025,,209000.0,2025-04-01
139469582,62025,,202000.0,2025-04-01
139439808,42025,,126000.0,2025-04-01
139464369,122025,,102894.12,2025-04-01
139467189,92025,,400054.82,2025-04-01
139463094,62025,,299000.0,2025-04-01
139464909,82025,,315491.86,2025-04-01
139468181,62025,,107000.0,2025-04-01
139457671,12026,,409227.49,2025-04-01
139447937,32025,,135000.0,2025-04-01
139452809,92025,,130390.42,2025-04-01
139465904,32026,,240305.22,2025-04-01
139467464,52025,,315000.0,2025-04-01
139443330,22025,,250000.0,2025-04-01
139466320,62025,,339000.0,2025-04-01
139444103,12025,,451000.0,2025-04-01
139457509,62025,,269000.0,2025-04-01
139442980,72025,,150796.76,2025-04-01
139445151,12025,,338000.0,2025-04-01
139467690,32026,,148133.59,2025-04-01
139459152,72025,,47000.0,2025-04-01
139465817,12026,,297006.8,2025-04-01
139468941,42025,,508000.0,2025-04-01
139454829,32025,,276000.0,2025-04-01
139452305,22025,,69000.0,2025-04-01
139469156,22026,,336309.3,2025-04-01
139462403,32026,,610313.48,2025-04-01
139451612,22025,,199000.0,2025-04-01
139450767,12025,,420000.0,2025-04-01
139452913,32025,,504000.0,2025-04-01
139465725,12026,,188735.31,2025-04-01
139439207,32025,,135000.0,2025-04-01
139469345,22026,,455295.88,2025-04-01
139450613,42025,,449000.0,2025-04-01
139467046,122025,,285332.01,2025-04-01
139441941,102025,,595577.72,2025-04-01
139463156,32026,,119806.86,2025-04-01
139464771,92025,,203780.71,2025-04-01
139437255,42025,,120000.0,2025-04-01
139468585,102025,,149921.65,2025-04-01
139464023,92025,,314335.37,2025-04-01
139443144,72025,,363000.0,2025-04-01
139451298,92025,,527585.79,2025-04-01
139441380,12025,,207000.0,2025-04-01
139447819,12025,,650000.0,2025-04-01
139453791,92025,,797528.29,2025-04-01
139461947,22026,,789860.79,2025-04-01
139436384,112025,,382734.42,2025-04-01
139451696,72025,,627191.52,2025-04-01
139442725,112025,,216278.55,2025-04-01
139438256,92025,,118838.63,2025-04-01
139457849,32026,,355279.9,2025-04-01
139448760,102025,,134895.72,2025-04-01
139466305,122025,,690152.5,2025-04-01
139437220,72025,,393758.61,2025-04-01
139456975,52025,,283000.0,2025-04-01
139445615,52025,,70000.0,2025-04-01
139455443,122025,,780174.53,2025-04-01
139461261,12025,,176000.0,2025-04-01
139439626,32025,,194000.0,2025-04-01
139452495,92025,,189641.94,2025-04-01
139459604,72025,,194490.98,2025-04-01
139438862,42025,,165000.0,2025-04-01
139436645,102025,,119025.86,2025-04-01
139444400,122025,,258955.96,2025-04-01
139453082,62025,,83000.0,2025-04-01
139469420,122025,,199956.64,2025-04-01
139459060,102025,,234572.55,2025-04-01
139450431,82025,,307603.47,2025-04-01
139440623,82025,,123284.67,2025-04-01
139452023,122025,,280618.37,2025-04-01
139457080,52025,,245000.0,2025-04-01
139469957,82025,,313629.63,2025-04-01
139438731,122025,,394854.2,2025-04-01
139465160,112025,,301970.32,2025-04-01
139446829,12025,,346000.0,2025-04-01
139453159,122025,,185912.99,2025-04-01
139442344,122025,,221472.83,2025-04-01
139460156,22025,,280000.0,2025-04-01
139467729,22026,,619013.17,2025-04-01
139462226,32025,,136000.0,2025-04-01
139440032,102025,,372490.16,2025-04-01
139450732,62025,,179000.0,2025-04-01
139454126,52025,,102000.0,2025-04-01
139469493,62025,,231000.0,2025-04-01
139436586,42025,,249000.0,2025-04-01
139458631,12025,,194000.0,2025-04-01
139438027,122025,,172712.11,2025-04-01
139442323,82025,,351000.0,2025-04-01
139467125,42025,,288000.0,2025-04-01
139470190,62025,,174000.0,2025-04-01
139444546,122025,,97014.52,2025-04-01
139441116,52025,,579000.0,2025-04-01
139460594,42025,,373000.0,2025-04-01
139462958,82025,,391889.47,2025-04-01
139458514,72025,,131000.0,2025-04-01
139450484,12025,,400000.0,2025-04-01
139456058,122025,,185267.65,2025-04-01
139452752,22026,,153608.53,2025-04-01
139453558,112025,,154333.01,2025-04-01
139468749,82025,,77049.7,2025-04-01
139442854,92025,,419056.03,2025-04-01
139462712,42025,,760000.0,2025-04-01
139438209,22026,,138181.19,2025-04-01
139439241,102025,,578958.1,2025-04-01
139442436,22025,,572000.0,2025-04-01
139460193,22025,,176000.0,2025-04-01
139443047,102025,,126774.95,2025-04-01
139460062,92025,,338028.88,2025-04-01
139461348,12025,,138000.0,2025-04-01
139452148,12025,,327000.0,2025-04-01
139467228,52025,,323000.0,2025-04-01
139440953,12026,,386014.98,2025-04-01
139468478,32026,,397987.07,2025-04-01
139436496,12026,,537212.97,2025-04-01
139443185,52025,,97000.0,2025-04-01
139460347,82025,,281000.0,2025-04-01
139447098,12026,,455067.45,2025-04-01
139454685,22026,,69332.23,2025-04-01
139440293,82025,,259028.21,2025-04-01
139439284,32025,,424000.0,2025-04-01
139469041,22026,,245113.79,2025-04-01
139445974,12026,,206230.0,2025-04-01
139457945,42025,,299000.0,2025-04-01
139436574,52025,,333000.0,2025-04-01
139448468,12025,,135000.0,2025-04-01
139455240,82025,,227847.39,2025-04-01
139449437,32025,,331000.0,2025-04-01
139458655,122025,,277634.77,2025-04-01
139463301,42025,,799000.0,2025-04-01
139452469,82025,,218683.78,2025-04-01
139465115,12026,,472295.7,2025-04-01
139453648,42025,,249000.0,2025-04-01
139466694,42025,,463000.0,2025-04-01
139453007,102025,,412806.32,2025-04-01
139468165,62025,,746000.0,2025-04-01
139454492,22025,,75000.0,2025-04-01
139441657,82025,,176672.32,2025-04-01
139462267,52025,,180000.0,2025-04-01
139451513,22026,,765494.55,2025-04-01
139455347,22025,,801000.0,2025-04-01
139460903,62025,,594000.0,2025-04-01
139465591,32026,,197312.76,2025-04-01
139438525,82025,,631988.91,2025-04-01
139460629,32026,,370217.75,2025-04-01
139442425,52025,,534000.0,2025-04-01
139446951,82025,,209000.0,2025-04-01
139442775,12025,,794000.0,2025-04-01
139457244,92025,,119125.96,2025-04-01
139458108,122025,,452621.15,2025-04-01
139466813,22026,,255486.03,2025-04-01
139447632,102025,,113592.58,2025-04-01
139438351,32026,,384104.61,2025-04-01
139441871,52025,,736000.0,2025-04-01
139462636,52025,,673000.0,2025-04-01
139466587,42025,,714000.0,2025-04-01
139464770,112025,,151264.86,2025-04-01
139460627,92025,,202951.65,2025-04-01
139446606,72025,,298000.0,2025-04-01
139466742,112025,,198263.13,2025-04-01
139448768,92025,,390322.33,2025-04-01
139465528,22025,,171000.0,2025-04-01
139462120,12025,,355000.0,2025-04-01
139455281,12026,,342640.03,2025-04-01
139451635,52025,,497000.0,2025-04-01
139469438,12025,,327000.0,2025-04-01
139447455,32025,,423000.0,2025-04-01
139447771,52025,,267000.0,2025-04-01
139449476,42025,,431000.0,2025-04-01
139469281,12025,,480000.0,2025-04-01
139462439,82025,,888075.68,2025-04-01
139451506,102025,,209760.7,2025-04-01
139468844,52025,,196000.0,2025-04-01
139461019,32025,,299000.0,2025-04-01
139441458,82025,,215884.18,2025-04-01
139464068,12026,,750649.67,2025-04-01
139450600,32025,,541000.0,2025-04-01
139463648,112025,,0.0,2025-04-01
139450696,72025,,179000.0,2025-04-01
139465574,32026,,74623.49,2025-04-01
139455177,42025,,286000.0,2025-04-01
139438124,82025,,415000.0,2025-04-01
139443076,32026,,268617.12,2025-04-01
139441566,32026,,245915.92,2025-04-01
139464550,12025,,245000.0,2025-04-01
139446328,62025,,255000.0,2025-04-01
139450931,122025,,88456.36,2025-04-01
139438714,42025,,180000.0,2025-04-01
139446979,82025,,402133.96,2025-04-01
139468914,122025,,208187.23,2025-04-01
139456034,32025,,204000.0,2025-04-01
139455266,82025,,313363.88,2025-04-01
139444298,22026,,187142.77,2025-04-01
139442415,32025,,603000.0,2025-04-01
139439380,22025,,513000.0,2025-04-01
139447802,42025,,471000.0,2025-04-01
139442274,52025,,808000.0,2025-04-01
139439635,92025,,421205.55,2025-04-01
139462947,102025,,320003.9,2025-04-01
139457403,92025,,343861.34,2025-04-01
139454596,82025,,390000.0,2025-04-01
139439189,62025,,149000.0,2025-04-01
139446849,22025,,145000.0,2025-04-01
139448368,102025,,223259.24,2025-04-01
139451115,92025,,345611.63,2025-04-01
139451413,22025,,254000.0,2025-04-01
139455001,62025,,156000.0,2025-04-01
139456317,62025,,118000.0,2025-04-01
139440125,22026,,201680.91,2025-04-01
139449479,32025,,127000.0,2025-04-01
139443269,122025,,418127.81,2025-04-01
139460598,32025,,320000.0,2025-04-01
139448029,72025,,444000.0,2025-04-01
139445141,32025,,190000.0,2025-04-01
139438466,72025,,449000.0,2025-04-01
139439293,92025,,102270.08,2025-04-01
139465764,12025,,640000.0,2025-04-01
139468519,92025,,229334.19,2025-04-01
139438809,22025,,669000.0,2025-04-01
139449675,32025,,227000.0,2025-04-01
139469250,22026,,209335.29,2025-04-01
139469437,112025,,470969.63,2025-04-01
139465840,112025,,201618.7,2025-04-01
139449544,62025,,125872.42,2025-04-01
139453549,62025,,462000.0,2025-04-01
139436284,72025,,207496.01,2025-04-01
139459620,62025,,478000.0,2025-04-01
139436220,12026,,277430.09,2025-04-01
139444947,32026,,102392.09,2025-04-01
139470030,52025,,542000.0,2025-04-01
139462560,92025,,158366.16,2025-04-01
139462879,122025,,171485.46,2025-04-01
139439435,122025,,539567.69,2025-04-01
139447344,92025,,538441.46,2025-04-01
139443853,32026,,347452.96,2025-04-01
139449365,102025,,226070.39,2025-04-01
139441346,32025,,555000.0,2025-04-01
139469121,32025,,419000.0,2025-04-01
139461257,22025,,170000.0,2025-04-01
139460862,32025,,373000.0,2025-04-01
139441297,32026,,77666.5,2025-04-01
139464292,12026,,192344.88,2025-04-01
139468386,52025,,522000.0,2025-04-01
139462638,82025,,224534.27,2025-04-01
139443354,92025,,178730.71,2025-04-01
139436731,102025,,100363.89,2025-04-01
139455745,122025,,280620.2,2025-04-01
139447095,62025,,76000.0,2025-04-01
139459407,62025,,400000.0,2025-04-01
139454746,52025,,686000.0,2025-04-01
139453737,32026,,0.0,2025-04-01
139452329,62025,,402000.0,2025-04-01
139466804,112025,,233852.45,2025-04-01
139467649,52025,,179000.0,2025-04-01
139449116,12026,,321698.64,2025-04-01
139450881,12026,,472782.69,2025-04-01
139464163,22026,,274718.69,2025-04-01
139455231,32025,,320000.0,2025-04-01
139449735,22026,,417074.19,2025-04-01
139461248,22026,,784113.23,2025-04-01
139454143,12025,,243000.0,2025-04-01
139436807,82025,,790798.18,2025-04-01
139461603,82025,,654000.0,2025-04-01
139445110,72025,,572000.0,2025-04-01
139440618,42025,,431000.0,2025-04-01
139444232,72025,,414000.0,2025-04-01
139441843,22025,,236000.0,2025-04-01
139439652,62025,,427115.83,2025-04-01
139445103,42025,,349000.0,2025-04-01
139450646,12025,,520000.0,2025-04-01
139443818,112025,,575629.46,2025-04-01
139454555,22025,,208000.0,2025-04-01
139464695,22025,,684000.0,2025-04-01
139460161,32026,,378932.58,2025-04-01
139446435,92025,,166731.8,2025-04-01
139463743,32026,,111940.15,2025-04-01
139455643,102025,,621156.17,2025-04-01
139454995,82025,,383433.54,2025-04-01
139451908,12025,,752000.0,2025-04-01
139464626,32025,,293000.0,2025-04-01
139442829,72025,,548000.0,2025-04-01
139467267,62025,,176000.0,2025-04-01
139455070,22025,,392000.0,2025-04-01
139459402,12026,,138320.58,2025-04-01
139465203,22026,,120700.35,2025-04-01
139453674,82025,,405729.39,2025-04-01
139448523,42025,,302000.0,2025-04-01
139448400,52025,,575000.0,2025-04-01
139466437,32026,,160767.9,2025-04-01
139452320,112025,,771838.67,2025-04-01
139456333,102025,,287508.3,2025-04-01
139462654,22026,,196278.48,2025-04-01
139446298,32025,,153000.0,2025-04-01
139458196,22026,,947993.35,2025-04-01
139457580,12025,,270000.0,2025-04-01
139436037,32026,,302606.68,2025-04-01
139447711,62025,,139000.0,2025-04-01
139440576,82025,,356419.52,2025-04-01
139441394,22025,,333000.0,2025-04-01
139466347,12025,,94000.0,2025-04-01
139441890,72025,,176000.0,2025-04-01
139470050,12026,,637916.71,2025-04-01
139439659,42025,,415000.0,2025-04-01
139440292,42025,,577000.0,2025-04-01
139440928,92025,,257741.07,2025-04-01
139448157,12025,,286000.0,2025-04-01
139441922,42025,,149000.0,2025-04-01
139455867,122025,,284132.67,2025-04-01
139440226,12025,,810000.0,2025-04-01
139470027,82025,,486763.69,2025-04-01
139465988,122025,,128766.77,2025-04-01
139462242,102025,,434553.21,2025-04-01
139442808,72025,,412000.0,2025-04-01
139449553,72025,,114224.18,2025-04-01
139440590,32026,,352050.9,2025-04-01
139469628,12026,,103269.6,2025-04-01
139455614,22026,,430437.06,2025-04-01
139438463,112025,,384829.32,2025-04-01
139453547,12026,,150380.04,2025-04-01
139460652,42025,,387000.0,2025-04-01
139442245,22026,,634804.16,2025-04-01
139450628,112025,,265195.77,2025-04-01
139457589,52025,,269000.0,2025-04-01
139458988,122025,,302370.58,2025-04-01
139459654,32026,,232316.48,2025-04-01
139465117,102025,,158190.04,2025-04-01
139441975,52025,,443000.0,2025-04-01
139444920,102025,,1066347.27,2025-04-01
139468642,12026,,212979.68,2025-04-01
139438241,102025,,252186.13,2025-04-01
139438974,102025,,336466.81,2025-04-01
139463431,42025,,502000.0,2025-04-01
139446650,22025,,255000.0,2025-04-01
139444824,112025,,140595.51,2025-04-01
139447536,72025,,439000.0,2025-04-01
139438180,62025,,1143000.0,2025-04-01
139459078,72025,,289000.0,2025-04-01
139435675,12025,,395000.0,2025-04-01
139436690,72025,,344000.0,2025-04-01
139454506,92025,,80234.88,2025-04-01
139455915,72025,,311072.03,2025-04-01
139463854,52025,,143000.0,2025-04-01
139466784,32026,,157146.15,2025-04-01
139437323,22026,,222258.14,2025-04-01
139437444,112025,,665569.93,2025-04-01
139455788,12026,,466848.18,2025-04-01
139447034,82025,,541039.64,2025-04-01
139452563,32026,,126318.85,2025-04-01
139450905,42025,,797000.0,2025-04-01
139447252,32026,,580155.85,2025-04-01
139438851,42025,,310000.0,2025-04-01
139463660,82025,,315165.6,2025-04-01
139452947,12026,,160942.89,2025-04-01
139440676,22026,,298899.94,2025-04-01
139445953,82025,,153000.0,2025-04-01
139453290,82025,,104500.15,2025-04-01
139460257,42025,,252000.0,2025-04-01
139464348,92025,,211015.28,2025-04-01
139440662,82025,,650018.21,2025-04-01
139463367,12026,,194469.68,2025-04-01
139440963,92025,,671690.87,2025-04-01
139468823,82025,,358564.47,2025-04-01
139458026,102025,,440981.53,2025-04-01
139439167,32025,,184000.0,2025-04-01
139467779,62025,,0.0,2025-04-01
139468842,112025,,54118.4,2025-04-01
139442045,22025,,594000.0,2025-04-01
139451890,62025,,60000.0,2025-04-01
139449780,102025,,691837.6,2025-04-01
139463680,22026,,368774.86,2025-04-01
139465474,72025,,152681.46,2025-04-01
139444559,112025,,604743.37,2025-04-01
139465176,82025,,258673.68,2025-04-01
139462941,52025,,255000.0,2025-04-01
139445467,122025,,125499.01,2025-04-01
139465388,12026,,349585.2,2025-04-01
139445179,32025,,255000.0,2025-04-01
139455129,22025,,322000.0,2025-04-01
139452971,42025,,232000.0,2025-04-01
139457120,92025,,646083.83,2025-04-01
139469664,52025,,431000.0,2025-04-01
139469130,82025,,524943.49,2025-04-01
139458034,22026,,290138.23,2025-04-01
139453205,32026,,277046.86,2025-04-01
139450114,22026,,212607.66,2025-04-01
139438419,12025,,494000.0,2025-04-01
139451156,22026,,289247.06,2025-04-01
139469459,32025,,443000.0,2025-04-01
139441764,32026,,177641.53,2025-04-01
139438334,102025,,295350.95,2025-04-01
139459545,22025,,368000.0,2025-04-01
139447945,22025,,235000.0,2025-04-01
139457904,62025,,487000.0,2025-04-01
139468019,72025,,206596.11,2025-04-01
139441960,32025,,249000.0,2025-04-01
139461457,42025,,192000.0,2025-04-01
139470171,102025,,575725.12,2025-04-01
139440709,52025,,247000.0,2025-04-01
139446879,72025,,177000.0,2025-04-01
139453815,72025,,229000.0,2025-04-01
139457583,32025,,85000.0,2025-04-01
139452820,92025,,240815.62,2025-04-01
139461675,112025,,193695.75,2025-04-01
139452005,32025,,66000.0,2025-04-01
139443297,52025,,286000.0,2025-04-01
139464076,12025,,260000.0,2025-04-01
139450794,22026,,307862.0,2025-04-01
139463506,62025,,80000.0,2025-04-01
139465070,32025,,122000.0,2025-04-01
139454131,12025,,85000.0,2025-04-01
139445667,112025,,374404.99,2025-04-01
139444084,32025,,217000.0,2025-04-01
139437064,22026,,331214.23,2025-04-01
139437084,92025,,284921.08,2025-04-01
139440170,32026,,83132.23,2025-04-01
139448482,32025,,210000.0,2025-04-01
139459301,102025,,107714.67,2025-04-01
139447030,72025,,377080.8,2025-04-01
139444772,112025,,143557.82,2025-04-01
139442555,102025,,347292.16,2025-04-01
139454333,82025,,193963.8,2025-04-01
139453840,52025,,265000.0,2025-04-01
139468746,32025,,346000.0,2025-04-01
139439816,72025,,185000.0,2025-04-01
139460259,12026,,378908.0,2025-04-01
139442884,22026,,224639.94,2025-04-01
139449195,92025,,188697.16,2025-04-01
139454546,32026,,113728.24,2025-04-01
139456342,32026,,224738.59,2025-04-01
139449538,12026,,430137.19,2025-04-01
139446870,52025,,223000.0,2025-04-01
139445756,102025,,264226.36,2025-04-01
139454017,52025,,383000.0,2025-04-01
139470147,12026,,174690.94,2025-04-01
139467671,22025,,177000.0,2025-04-01
139454239,72025,,207415.22,2025-04-01
139453849,122025,,274575.6,2025-04-01
139453137,92025,,376485.09,2025-04-01
139438221,22026,,63106.79,2025-04-01
139438620,52025,,273000.0,2025-04-01
139455235,42025,,194000.0,2025-04-01
139452352,62025,,260000.0,2025-04-01
139444602,22026,,284175.69,2025-04-01
139461888,62025,,513000.0,2025-04-01
139440998,22025,,583000.0,2025-04-01
139463796,22025,,520000.0,2025-04-01
139461131,12026,,535581.05,2025-04-01
139438977,22026,,373849.16,2025-04-01
139442519,82025,,370592.13,2025-04-01
139466278,32026,,162506.53,2025-04-01
139447720,102025,,225479.53,2025-04-01
139438401,32026,,94913.77,2025-04-01
139440354,112025,,119435.86,2025-04-01
139437591,32025,,227000.0,2025-04-01
139468771,12026,,574073.67,2025-04-01
139461990,22025,,350000.0,2025-04-01
139445199,12025,,405000.0,2025-04-01
139436242,22025,,196000.0,2025-04-01
139452683,52025,,726000.0,2025-04-01
139458351,52025,,367000.0,2025-04-01
139437813,72025,,134000.0,2025-04-01
139469058,42025,,523000.0,2025-04-01
139443151,12026,,127221.06,2025-04-01
139456205,92025,,449424.25,2025-04-01
139436303,62025,,386000.0,2025-04-01
139450157,92025,,195998.0,2025-04-01
139447536,32026,,435999.52,2025-04-01
139450445,22025,,257000.0,2025-04-01
139466632,42025,,132000.0,2025-04-01
139455361,22025,,180000.0,2025-04-01
139461217,92025,,0.0,2025-04-01
139438931,82025,,197041.29,2025-04-01
139469299,22025,,248000.0,2025-04-01
139462279,52025,,273000.0,2025-04-01
139451243,22026,,63153.31,2025-04-01
139438084,12025,,185000.0,2025-04-01
139451913,82025,,181985.2,2025-04-01
139456033,32025,,261000.0,2025-04-01
139465027,62025,,117000.0,2025-04-01
139442924,112025,,182583.45,2025-04-01
139469534,42025,,195000.0,2025-04-01
139441672,72025,,125000.0,2025-04-01
139463176,32026,,333286.28,2025-04-01
139456168,62025,,356000.0,2025-04-01
139461783,42025,,202000.0,2025-04-01
139462192,112025,,153829.47,2025-04-01
139468930,52025,,381000.0,2025-04-01
139447942,62025,,125000.0,2025-04-01
139462427,32025,,128000.0,2025-04-01
139462530,12025,,371000.0,2025-04-01
139445914,112025,,150657.66,2025-04-01
139460868,12026,,197322.88,2025-04-01
139457339,72025,,358000.0,2025-04-01
139452412,12025,,332000.0,2025-04-01
139456569,102025,,250455.77,2025-04-01
139460864,92025,,241820.52,2025-04-01
139462501,82025,,378000.0,2025-04-01
139451042,12026,,604764.67,2025-04-01
139462984,52025,,418000.0,2025-04-01
139447435,112025,,306976.06,2025-04-01
139438745,112025,,189689.24,2025-04-01
139463614,52025,,279000.0,2025-04-01
139462631,32025,,514000.0,2025-04-01
139461912,22026,,0.0,2025-04-01
139465607,122025,,76124.87,2025-04-01
139461794,82025,,318388.07,2025-04-01
139437593,72025,,503000.0,2025-04-01
139469812,12025,,368000.0,2025-04-01
139454146,122025,,153548.74,2025-04-01
139461660,32026,,184531.38,2025-04-01
139454899,12025,,780000.0,2025-04-01
139443214,62025,,271000.0,2025-04-01
139457481,32025,,250000.0,2025-04-01
139446169,62025,,91000.0,2025-04-01
139435928,12026,,71343.96,2025-04-01
139457747,22026,,317450.23,2025-04-01
139448251,122025,,277555.18,2025-04-01
139440084,32025,,210000.0,2025-04-01
139440169,72025,,376000.0,2025-04-01
139437757,122025,,273819.89,2025-04-01
139457268,112025,,281851.08,2025-04-01
139447819,32025,,649000.0,2025-04-01
139469186,72025,,580000.0,2025-04-01
139449614,12026,,296785.92,2025-04-01
139455941,72025,,133375.02,2025-04-01
139443227,92025,,333695.96,2025-04-01
139467564,92025,,479643.55,2025-04-01
139446226,82025,,534809.49,2025-04-01
139447161,62025,,352000.0,2025-04-01
139452661,82025,,449000.0,2025-04-01
139445965,112025,,194597.19,2025-04-01
139437421,12025,,120000.0,2025-04-01
139467672,92025,,570752.55,2025-04-01
139438782,22025,,502000.0,2025-04-01
139454244,62025,,289000.0,2025-04-01
139446143,12026,,138830.43,2025-04-01
139461775,92025,,488866.31,2025-04-01
139468327,82025,,124455.56,2025-04-01
139457379,72025,,264000.0,2025-04-01
139456260,72025,,618000.0,2025-04-01
139442756,52025,,0.0,2025-04-01
139466742,82025,,200000.0,2025-04-01
139458301,42025,,267000.0,2025-04-01
139447175,32025,,467000.0,2025-04-01
139438105,32026,,205460.23,2025-04-01
139447789,52025,,788000.0,2025-04-01
139438998,12026,,194135.81,2025-04-01
139440731,12025,,453000.0,2025-04-01
139467714,82025,,286000.0,2025-04-01
139439340,32026,,92085.74,2025-04-01
139452689,92025,,275301.06,2025-04-01
139457355,32026,,275532.01,2025-04-01
139449420,122025,,510503.26,2025-04-01
139443880,32025,,150000.0,2025-04-01
139446915,82025,,687654.84,2025-04-01
139462166,32025,,295000.0,2025-04-01
139436241,112025,,367101.84,2025-04-01
139450733,122025,,832001.77,2025-04-01
139461697,72025,,471000.0,2025-04-01
139450687,52025,,275000.0,2025-04-01
139445954,42025,,388000.0,2025-04-01
139469217,102025,,630204.66,2025-04-01
139437998,32025,,231000.0,2025-04-01
139447504,12025,,94000.0,2025-04-01
139455571,12025,,589000.0,2025-04-01
139462460,62025,,622000.0,2025-04-01
139448319,102025,,329883.8,2025-04-01
139459761,32025,,173000.0,2025-04-01
139465871,82025,,181913.02,2025-04-01
139455560,62025,,473000.0,2025-04-01
139435665,112025,,0.0,2025-04-01
139451871,102025,,618236.58,2025-04-01
139448233,112025,,224959.1,2025-04-01
139446898,32025,,276000.0,2025-04-01
139437930,32026,,778912.17,2025-04-01
139459814,122025,,654445.49,2025-04-01
139467414,12026,,548003.2,2025-04-01
139459091,42025,,160000.0,2025-04-01
139436073,42025,,323000.0,2025-04-01
139461403,42025,,409000.0,2025-04-01
139446679,22026,,809695.01,2025-04-01
139451612,112025,,196834.29,2025-04-01
139445690,12025,,344000.0,2025-04-01
139437192,22026,,237942.37,2025-04-01
139448784,72025,,313000.0,2025-04-01
139443973,122025,,360590.71,2025-04-01
139448447,32025,,546000.0,2025-04-01
139467007,12025,,162000.0,2025-04-01
139438515,82025,,267282.76,2025-04-01
139439923,52025,,369000.0,2025-04-01
139459921,122025,,181643.9,2025-04-01
139438807,32026,,345518.2,2025-04-01
139451924,22025,,801000.0,2025-04-01
139451518,72025,,100414.87,2025-04-01
139453109,12025,,320000.0,2025-04-01
139440398,22026,,787067.97,2025-04-01
139442237,52025,,630000.0,2025-04-01
139451448,32026,,510735.68,2025-04-01
139440933,32025,,699000.0,2025-04-01
139456287,12025,,341000.0,2025-04-01
139469431,42025,,776000.0,2025-04-01
139444449,52025,,239000.0,2025-04-01
139465225,32026,,303564.98,2025-04-01
139464774,52025,,288000.0,2025-04-01
139450048,112025,,273257.63,2025-04-01
139463523,112025,,179660.13,2025-04-01
139445819,32025,,248000.0,2025-04-01
139464793,12026,,290295.86,2025-04-01
139443736,92025,,148472.63,2025-04-01
139463027,112025,,276490.34,2025-04-01
139450017,22025,,245000.0,2025-04-01
139466254,12026,,175850.35,2025-04-01
139439390,22026,,356165.52,2025-04-01
139462684,22026,,329114.02,2025-04-01
139448537,12025,,829000.0,2025-04-01
139452187,112025,,120595.75,2025-04-01
139469012,102025,,505169.97,2025-04-01
139453959,12026,,516071.69,2025-04-01
139455463,52025,,655000.0,2025-04-01
139439279,42025,,161000.0,2025-04-01
139438991,92025,,165601.46,2025-04-01
139441096,12026,,198812.28,2025-04-01
139447358,102025,,216322.58,2025-04-01
139455460,122025,,118222.61,2025-04-01
139460452,12025,,348000.0,2025-04-01
139442108,62025,,239000.0,2025-04-01
139455349,22026,,179175.94,2025-04-01
139458975,32026,,29273.5,2025-04-01
139451373,102025,,129886.9,2025-04-01
139444454,22025,,116000.0,2025-04-01
139460296,12025,,283000.0,2025-04-01
139455001,32026,,154783.0,2025-04-01
139455071,32025,,227000.0,2025-04-01
139441710,72025,,542000.0,2025-04-01
139437821,82025,,754034.48,2025-04-01
139441169,12025,,350000.0,2025-04-01
139441858,92025,,351998.17,2025-04-01
139445795,12025,,294000.0,2025-04-01
139464488,32026,,330480.27,2025-04-01
139468041,72025,,224000.0,2025-04-01
139455699,52025,,214000.0,2025-04-01
139458447,82025,,147407.57,2025-04-01
139453314,72025,,582000.0,2025-04-01
139448845,42025,,123000.0,2025-04-01
139467587,22026,,3974.32,2025-04-01
139469237,12025,,235000.0,2025-04-01
139461535,62025,,345000.0,2025-04-01
139453041,92025,,201144.64,2025-04-01
139468739,82025,,336000.0,2025-04-01
139465809,22025,,160000.0,2025-04-01
139459566,32025,,277000.0,2025-04-01
139459932,42025,,209000.0,2025-04-01
139449904,42025,,966920.77,2025-04-01
139446009,32025,,723000.0,2025-04-01
139439496,102025,,374296.3,2025-04-01
139468968,102025,,364317.56,2025-04-01
139469458,62025,,217000.0,2025-04-01
139441299,52025,,64000.0,2025-04-01
139450294,42025,,337000.0,2025-04-01
139436713,22025,,172000.0,2025-04-01
139456533,62025,,492000.0,2025-04-01
139452528,72025,,181631.35,2025-04-01
139454526,92025,,774199.21,2025-04-01
139462467,72025,,217000.0,2025-04-01
139456429,22025,,187000.0,2025-04-01
139447755,72025,,593000.0,2025-04-01
139442568,52025,,494000.0,2025-04-01
139449873,92025,,615715.59,2025-04-01
139453053,72025,,434696.71,2025-04-01
139457943,32026,,204152.16,2025-04-01
139443499,52025,,626000.0,2025-04-01
139439048,12025,,711000.0,2025-04-01
139446592,22025,,394000.0,2025-04-01
139466710,12026,,285985.07,2025-04-01
139463831,22025,,535000.0,2025-04-01
139461431,62025,,184000.0,2025-04-01
139463122,52025,,248000.0,2025-04-01
139448600,52025,,563000.0,2025-04-01
139449411,22026,,197342.02,2025-04-01
139449653,62025,,590000.0,2025-04-01
139461957,82025,,190876.69,2025-04-01
139463176,12026,,333990.88,2025-04-01
139458043,12025,,495000.0,2025-04-01
139445272,82025,,800000.0,2025-04-01
139441450,42025,,95000.0,2025-04-01
139455897,122025,,769259.41,2025-04-01
139441933,32026,,427652.32,2025-04-01
139445413,72025,,149000.0,2025-04-01
139457615,92025,,153024.52,2025-04-01
139443716,62025,,172000.0,2025-04-01
139468138,12025,,334000.0,2025-04-01
139456298,72025,,267000.0,2025-04-01
139464262,22026,,255952.4,2025-04-01
139438184,92025,,198560.79,2025-04-01
139450433,112025,,394102.69,2025-04-01
139451423,12025,,382000.0,2025-04-01
139463797,52025,,513000.0,2025-04-01
139436338,52025,,796000.0,2025-04-01
139446576,92025,,371911.55,2025-04-01
139439257,122025,,88508.56,2025-04-01
139467737,82025,,204448.51,2025-04-01
139452913,72025,,502000.0,2025-04-01
139445633,72025,,178869.75,2025-04-01
139464516,12026,,103784.24,2025-04-01
139443335,112025,,0.0,2025-04-01
139454220,52025,,795000.0,2025-04-01
139440328,52025,,552000.0,2025-04-01
139446754,62025,,159000.0,2025-04-01
139445395,82025,,206000.0,2025-04-01
139457297,22025,,418000.0,2025-04-01
139462933,52025,,797000.0,2025-04-01
139441922,12026,,146776.32,2025-04-01
139465071,22025,,350000.0,2025-04-01
139466407,32026,,100193.29,2025-04-01
139438840,12026,,281313.99,2025-04-01
139443365,82025,,280000.0,2025-04-01
139437471,32026,,266013.31,2025-04-01
139436449,32026,,531273.16,2025-04-01
139468276,52025,,282000.0,2025-04-01
139462306,12025,,345000.0,2025-04-01
139444022,102025,,393770.87,2025-04-01
139454035,22026,,178060.65,2025-04-01
139465423,102025,,871664.82,2025-04-01
139445011,102025,,386370.33,2025-04-01
139469648,82025,,320000.0,2025-04-01
139451126,62025,,109000.0,2025-04-01
139436611,22026,,312253.12,2025-04-01
139446312,112025,,281551.57,2025-04-01
139444787,12025,,464000.0,2025-04-01
139453065,12026,,348993.67,2025-04-01
139443971,62025,,202000.0,2025-04-01
139465901,112025,,177444.21,2025-04-01
139450376,92025,,467395.44,2025-04-01
139439835,32026,,606921.18,2025-04-01
139440520,112025,,565207.93,2025-04-01
139444374,82025,,156791.69,2025-04-01
139464671,42025,,338000.0,2025-04-01
139445364,22025,,281000.0,2025-04-01
139447189,62025,,228000.0,2025-04-01
139438668,102025,,536980.09,2025-04-01
139470042,62025,,390000.0,2025-04-01
139445464,12025,,256000.0,2025-04-01
139469349,22025,,236000.0,2025-04-01
139453467,22025,,391000.0,2025-04-01
139451338,32026,,251243.96,2025-04-01
139462465,22025,,60000.0,2025-04-01
139452970,22026,,449567.12,2025-04-01
139454332,42025,,181000.0,2025-04-01
139443529,42025,,232000.0,2025-04-01
139468059,12026,,177279.89,2025-04-01
139443172,22025,,99000.0,2025-04-01
139442299,32025,,343000.0,2025-04-01
139457265,82025,,347157.94,2025-04-01
139446703,62025,,169000.0,2025-04-01
139454578,102025,,303297.71,2025-04-01
139437181,102025,,387193.02,2025-04-01
139463935,122025,,265955.31,2025-04-01
139463881,32026,,344739.93,2025-04-01
139456570,12025,,413000.0,2025-04-01
139439495,82025,,275691.99,2025-04-01
139435624,42025,,116000.0,2025-04-01
139465640,32025,,233000.0,2025-04-01
139461208,62025,,354000.0,2025-04-01
139438514,42025,,444000.0,2025-04-01
139461722,62025,,99000.0,2025-04-01
139468365,12025,,209000.0,2025-04-01
139449213,62025,,655000.0,2025-04-01
139469547,12025,,550000.0,2025-04-01
139442603,122025,,306413.73,2025-04-01
139457921,12025,,75000.0,2025-04-01
139460738,82025,,193492.53,2025-04-01
139446733,92025,,440770.38,2025-04-01
139447934,112025,,658934.27,2025-04-01
139446762,122025,,262038.02,2025-04-01
139447440,32026,,89304.55,2025-04-01
139462010,112025,,110126.99,2025-04-01
139464865,12025,,226000.0,2025-04-01
139465070,92025,,121238.38,2025-04-01
139448722,72025,,378000.0,2025-04-01
139437565,12026,,194566.27,2025-04-01
139447315,82025,,761033.85,2025-04-01
139455723,92025,,149058.09,2025-04-01
139465970,22025,,85000.0,2025-04-01
139443428,12025,,162000.0,2025-04-01
139454888,122025,,346842.07,2025-04-01
139444861,82025,,432202.12,2025-04-01
139442738,32025,,239000.0,2025-04-01
139458304,82025,,679296.84,2025-04-01
139438165,32026,,301633.74,2025-04-01
139455665,92025,,291571.04,2025-04-01
139468447,42025,,417000.0,2025-04-01
139466900,32025,,228000.0,2025-04-01
139455897,82025,,772000.0,2025-04-01
139466549,112025,,346061.04,2025-04-01
139456735,62025,,99000.0,2025-04-01
139448314,112025,,243853.29,2025-04-01
139451510,102025,,287508.3,2025-04-01
139445540,22026,,260729.86,2025-04-01
139448899,112025,,198484.88,2025-04-01
139462552,32026,,538007.66,2025-04-01
139439709,72025,,310000.0,2025-04-01
139446696,62025,,229000.0,2025-04-01
139449418,112025,,537295.16,2025-04-01
139457766,32025,,159000.0,2025-04-01
139439702,62025,,336000.0,2025-04-01
139458449,92025,,134071.64,2025-04-01
139444002,62025,,388000.0,2025-04-01
139445030,12025,,312000.0,2025-04-01
139453531,22026,,110025.43,2025-04-01
139464506,82025,,416564.52,2025-04-01
139462199,72025,,1181000.0,2025-04-01
139469795,72025,,273000.0,2025-04-01
139449416,102025,,188457.48,2025-04-01
139463715,82025,,360792.93,2025-04-01
139467556,12025,,340000.0,2025-04-01
139435765,102025,,79838.83,2025-04-01
139452457,12026,,403871.41,2025-04-01
139440011,32026,,247804.51,2025-04-01
139438035,122025,,473513.36,2025-04-01
139467642,42025,,323000.0,2025-04-01
139457321,42025,,497000.0,2025-04-01
139458374,42025,,85000.0,2025-04-01
139464372,82025,,310205.49,2025-04-01
139462375,122025,,148467.33,2025-04-01
139452493,102025,,124596.48,2025-04-01
139467602,22025,,139000.0,2025-04-01
139437497,12025,,280000.0,2025-04-01
139460996,72025,,312000.0,2025-04-01
139467673,42025,,259000.0,2025-04-01
139466717,122025,,104114.7,2025-04-01
139435665,12025,,559000.0,2025-04-01
139450773,52025,,251000.0,2025-04-01
139446311,12026,,146172.39,2025-04-01
139449732,62025,,349000.0,2025-04-01
139441697,92025,,615538.4,2025-04-01
139443398,92025,,120673.81,2025-04-01
139445393,72025,,245115.89,2025-04-01
139447307,12026,,111760.37,2025-04-01
139454749,42025,,460000.0,2025-04-01
139450047,22025,,450000.0,2025-04-01
139445445,22026,,354499.49,2025-04-01
139466947,52025,,220000.0,2025-04-01
139456225,32026,,327109.22,2025-04-01
139463917,122025,,1049169.07,2025-04-01
139451927,52025,,798000.0,2025-04-01
139456888,52025,,300000.0,2025-04-01
139469609,42025,,113000.0,2025-04-01
139458639,82025,,116919.28,2025-04-01
139464071,62025,,126000.0,2025-04-01
139443498,32026,,274430.75,2025-04-01
139447329,52025,,616000.0,2025-04-01
139456940,22026,,233484.86,2025-04-01
139469746,12026,,544402.29,2025-04-01
139450030,72025,,460000.0,2025-04-01
139460001,12025,,556000.0,2025-04-01
139447813,102025,,96540.03,2025-04-01
139454350,92025,,437458.69,2025-04-01
139443734,22025,,281000.0,2025-04-01
139436093,52025,,232158.46,2025-04-01
139452910,12025,,708000.0,2025-04-01
139468580,62025,,251000.0,2025-04-01
139449376,22025,,180000.0,2025-04-01
139448296,92025,,545049.31,2025-04-01
139459519,22026,,26461.5,2025-04-01
139447322,32026,,167438.7,2025-04-01
139454131,82025,,84000.0,2025-04-01
139458524,22026,,470173.75,2025-04-01
139467198,122025,,239853.21,2025-04-01
139449900,42025,,410000.0,2025-04-01
139438888,22025,,476000.0,2025-04-01
139435790,32025,,175000.0,2025-04-01
139465923,112025,,501476.11,2025-04-01
139452809,112025,,130128.25,2025-04-01
139463776,72025,,334237.37,2025-04-01
139449353,52025,,587000.0,2025-04-01
139460142,12025,,239000.0,2025-04-01
139437808,32025,,168000.0,2025-04-01
139436062,22025,,152000.0,2025-04-01
139443537,122025,,197806.31,2025-04-01
139468551,32025,,301000.0,2025-04-01
139445648,72025,,382000.0,2025-04-01
139451578,32026,,243930.6,2025-04-01
139440568,82025,,327997.32,2025-04-01
139439668,22026,,66870.21,2025-04-01
139467804,102025,,717399.18,2025-04-01
139450889,32026,,195907.8,2025-04-01
139453840,12026,,260120.11,2025-04-01
139468174,62025,,136000.0,2025-04-01
139455207,112025,,270260.02,2025-04-01
139437790,32026,,208693.25,2025-04-01
139466413,12025,,95000.0,2025-04-01
139460974,42025,,299000.0,2025-04-01
139448480,102025,,421790.47,2025-04-01
139455075,12026,,186177.18,2025-04-01
139469802,52025,,140000.0,2025-04-01
139456067,32025,,243000.0,2025-04-01
139469670,42025,,346000.0,2025-04-01
139439862,62025,,322000.0,2025-04-01
139439911,52025,,289000.0,2025-04-01
139468080,122025,,288725.96,2025-04-01
139440046,82025,,297877.42,2025-04-01
139451548,42025,,316000.0,2025-04-01
139469866,42025,,860000.0,2025-04-01
139444874,42025,,165000.0,2025-04-01
139439033,12025,,616000.0,2025-04-01
139454870,12026,,257830.97,2025-04-01
139438784,82025,,245203.59,2025-04-01
139460083,122025,,176624.64,2025-04-01
139451143,122025,,459721.6,2025-04-01
139447188,22025,,147000.0,2025-04-01
139438788,22026,,187598.59,2025-04-01
139440954,22025,,508000.0,2025-04-01
139468890,112025,,262700.11,2025-04-01
139469012,22025,,510000.0,2025-04-01
139444222,32025,,0.0,2025-04-01
139453302,12025,,259000.0,2025-04-01
139451007,122025,,205195.17,2025-04-01
139468400,22026,,684799.51,2025-04-01
139457073,62025,,749000.0,2025-04-01
139453534,62025,,287000.0,2025-04-01
139465289,22025,,441000.0,2025-04-01
139461312,52025,,219000.0,2025-04-01
139467597,52025,,479000.0,2025-04-01
139445732,112025,,139658.97,2025-04-01
139437951,22026,,620479.6,2025-04-01
139468678,12025,,390000.0,2025-04-01
139442709,82025,,400712.29,2025-04-01
139443781,82025,,321000.0,2025-04-01
139469713,102025,,297154.02,2025-04-01
139450349,22026,,409800.11,2025-04-01
139455511,12025,,145000.0,2025-04-01
139444777,92025,,246695.56,2025-04-01
139468564,102025,,279177.08,2025-04-01
139450222,102025,,134706.45,2025-04-01
139456458,102025,,790796.8,2025-04-01
139454024,42025,,243000.0,2025-04-01
139457330,32025,,496000.0,2025-04-01
139457896,42025,,211000.0,2025-04-01
139461215,62025,,610000.0,2025-04-01
139444857,72025,,565000.0,2025-04-01
139441109,82025,,197686.59,2025-04-01
139449376,122025,,178482.25,2025-04-01
139459331,92025,,148971.35,2025-04-01
139443422,122025,,253628.54,2025-04-01
139466255,42025,,477000.0,2025-04-01
139439654,12025,,150000.0,2025-04-01
139462538,22026,,251285.21,2025-04-01
139442733,62025,,69000.0,2025-04-01
139465878,72025,,297445.45,2025-04-01
139437617,22025,,500000.0,2025-04-01
139457519,82025,,339218.29,2025-04-01
139460549,22026,,234547.43,2025-04-01
139444276,22026,,246964.55,2025-04-01
139436374,12025,,300000.0,2025-04-01
139453170,102025,,310924.91,2025-04-01
139453003,22025,,261000.0,2025-04-01
139468212,72025,,696000.0,2025-04-01
139467645,72025,,194000.0,2025-04-01
139465483,22025,,175000.0,2025-04-01
139448094,92025,,77336.14,2025-04-01
139447218,12026,,643597.78,2025-04-01
139463051,122025,,606306.96,2025-04-01
139442011,62025,,159000.0,2025-04-01
139460923,52025,,315000.0,2025-04-01
139440392,12026,,614221.95,2025-04-01
139467463,32026,,32180.11,2025-04-01
139445207,82025,,140948.41,2025-04-01
139453728,32025,,578000.0,2025-04-01
139450498,12026,,178152.23,2025-04-01
139443968,12026,,301503.64,2025-04-01
139448440,22025,,246000.0,2025-04-01
139469880,22025,,115000.0,2025-04-01
139442519,32025,,374000.0,2025-04-01
139460729,32026,,194225.06,2025-04-01
139452720,42025,,277000.0,2025-04-01
139448117,52025,,379000.0,2025-04-01
139456806,72025,,251000.0,2025-04-01
139458949,12026,,147908.35,2025-04-01
139448792,22025,,274000.0,2025-04-01
139438567,32026,,518007.63,2025-04-01
139446535,72025,,803000.0,2025-04-01
139442506,52025,,390000.0,2025-04-01
139465565,42025,,319000.0,2025-04-01
139435857,22025,,200000.0,2025-04-01
139437392,12026,,211380.61,2025-04-01
139442127,42025,,488000.0,2025-04-01
139448382,32026,,138961.16,2025-04-01
139450663,122025,,254443.79,2025-04-01
139469146,12026,,593605.49,2025-04-01
139444627,92025,,231544.91,2025-04-01
139454539,82025,,453000.0,2025-04-01
139460647,42025,,323000.0,2025-04-01
139465437,12025,,262000.0,2025-04-01
139465244,102025,,69109.07,2025-04-01
139456011,12025,,428000.0,2025-04-01
139462411,22025,,299000.0,2025-04-01
139466722,12025,,278000.0,2025-04-01
139460592,92025,,222593.46,2025-04-01
139463676,42025,,442000.0,2025-04-01
139464670,112025,,691928.66,2025-04-01
139453163,112025,,506661.34,2025-04-01
139458698,112025,,495476.11,2025-04-01
139447877,22025,,799000.0,2025-04-01
139461926,112025,,327486.8,2025-04-01
139439768,12026,,197738.96,2025-04-01
139463558,62025,,447000.0,2025-04-01
139435977,112025,,125959.66,2025-04-01
139441264,92025,,172184.9,2025-04-01
139444695,32026,,427385.87,2025-04-01
139463523,52025,,181000.0,2025-04-01
139466061,12025,,432000.0,2025-04-01
139463399,122025,,381159.98,2025-04-01
139440000,32025,,318000.0,2025-04-01
139440478,112025,,456849.55,2025-04-01
139459615,62025,,168619.9,2025-04-01
139444595,72025,,187000.0,2025-04-01
139456291,12025,,199000.0,2025-04-01
139450082,72025,,802000.0,2025-04-01
139442572,12025,,504000.0,2025-04-01
139443984,32026,,224961.2,2025-04-01
139463700,32025,,343000.0,2025-04-01
139454618,52025,,233000.0,2025-04-01
139446223,22025,,623000.0,2025-04-01
139462815,22026,,193434.05,2025-04-01
139438252,22026,,122816.69,2025-04-01
139448641,82025,,518147.9,2025-04-01
139438063,22025,,627000.0,2025-04-01
139437752,112025,,174904.5,2025-04-01
139445829,22026,,281324.17,2025-04-01
139462679,82025,,150873.02,2025-04-01
139446221,32025,,758000.0,2025-04-01
139436414,22025,,802000.0,2025-04-01
139458790,72025,,273000.0,2025-04-01
139454831,42025,,346000.0,2025-04-01
139463976,92025,,149011.91,2025-04-01
139463068,52025,,424000.0,2025-04-01
139450398,12025,,90000.0,2025-04-01
139465588,122025,,521158.04,2025-04-01
139436451,32025,,417000.0,2025-04-01
139454049,32025,,144000.0,2025-04-01
139464820,12026,,133693.58,2025-04-01
139437682,122025,,393139.81,2025-04-01
139441907,102025,,552100.44,2025-04-01
139448322,32025,,423000.0,2025-04-01
139463892,62025,,219000.0,2025-04-01
139453372,12025,,387000.0,2025-04-01
139453817,22025,,75000.0,2025-04-01
139439740,12026,,355966.27,2025-04-01
139462261,82025,,52479.54,2025-04-01
139444995,22025,,421000.0,2025-04-01
139442301,112025,,160534.7,2025-04-01
139465945,102025,,597793.44,2025-04-01
139456881,12026,,578084.69,2025-04-01
139437893,112025,,68353.83,2025-04-01
139457340,62025,,270000.0,2025-04-01
139449054,112025,,531331.02,2025-04-01
139448113,92025,,108587.02,2025-04-01
139454920,62025,,353000.0,2025-04-01
139445963,32026,,311523.22,2025-04-01
139452493,112025,,124484.34,2025-04-01
139463596,12025,,482000.0,2025-04-01
139436281,62025,,481000.0,2025-04-01
139437823,62025,,321983.12,2025-04-01
139437855,82025,,154000.0,2025-04-01
139448979,22025,,74000.0,2025-04-01
139449286,32025,,145000.0,2025-04-01
139463039,72025,,99000.0,2025-04-01
139465030,102025,,370250.76,2025-04-01
139439859,72025,,240781.33,2025-04-01
139443158,32026,,291829.5,2025-04-01
139456657,112025,,159590.22,2025-04-01
139452428,32025,,231000.0,2025-04-01
139448947,12025,,253000.0,2025-04-01
139438722,82025,,134249.3,2025-04-01
139456597,32025,,402000.0,2025-04-01
139449795,122025,,220022.11,2025-04-01
139464284,22026,,239136.64,2025-04-01
139443974,122025,,228954.56,2025-04-01
139457475,42025,,384000.0,2025-04-01
139446134,62025,,452000.0,2025-04-01
139435521,92025,,228025.56,2025-04-01
139436082,122025,,235591.22,2025-04-01
139450103,112025,,263726.57,2025-04-01
139438568,82025,,321192.1,2025-04-01
139442295,92025,,396045.95,2025-04-01
139438900,82025,,134000.0,2025-04-01
139442716,62025,,280000.0,2025-04-01
139469352,42025,,450000.0,2025-04-01
139443870,32025,,329000.0,2025-04-01
139453613,52025,,410000.0,2025-04-01
139464837,62025,,199000.0,2025-04-01
139452909,122025,,541911.74,2025-04-01
139441409,52025,,0.0,2025-04-01
139465903,32026,,354414.31,2025-04-01
139446570,12025,,188000.0,2025-04-01
139443568,122025,,219054.96,2025-04-01
139450505,102025,,834104.01,2025-04-01
139467543,12025,,767000.0,2025-04-01
139452647,12025,,100000.0,2025-04-01
139455211,62025,,89000.0,2025-04-01
139460955,22026,,411067.39,2025-04-01
139456045,62025,,794330.17,2025-04-01
139442199,102025,,123697.16,2025-04-01
139461740,112025,,431295.86,2025-04-01
139464206,32025,,193000.0,2025-04-01
139457986,12025,,189000.0,2025-04-01
139440561,82025,,490017.18,2025-04-01
139464362,32026,,423879.32,2025-04-01
139457504,22025,,289000.0,2025-04-01
139447689,82025,,470797.61,2025-04-01
139456018,92025,,277038.73,2025-04-01
139445327,92025,,303500.91,2025-04-01
139443101,112025,,377925.01,2025-04-01
139440362,52025,,389000.0,2025-04-01
139439971,32026,,115702.58,2025-04-01
139452787,12025,,262000.0,2025-04-01
139463053,102025,,196429.13,2025-04-01
139450975,92025,,345021.44,2025-04-01
139446178,32025,,1132000.0,2025-04-01
139457152,82025,,377613.86,2025-04-01
139462760,82025,,656000.0,2025-04-01
139460980,72025,,306000.0,2025-04-01
139459997,22025,,216000.0,2025-04-01
139445272,22026,,795182.13,2025-04-01
139447935,72025,,339000.0,2025-04-01
139468355,32026,,303961.63,2025-04-01
139458514,22026,,130394.26,2025-04-01
139449584,112025,,292217.48,2025-04-01
139467479,12025,,136000.0,2025-04-01
139466360,102025,,373058.49,2025-04-01
139440488,72025,,417000.0,2025-04-01
139439493,32025,,160000.0,2025-04-01
139460708,32026,,383031.56,2025-04-01
139459728,62025,,142000.0,2025-04-01
139465558,52025,,66000.0,2025-04-01
139458224,102025,,158884.68,2025-04-01
139438157,112025,,87008.56,2025-04-01
139463666,82025,,247955.72,2025-04-01
139441578,102025,,143254.25,2025-04-01
139439994,42025,,542000.0,2025-04-01
139469585,22026,,161528.0,2025-04-01
139453885,42025,,391000.0,2025-04-01
139451336,22026,,691699.82,2025-04-01
139445911,112025,,228695.89,2025-04-01
139437841,42025,,334000.0,2025-04-01
139439636,22026,,181252.53,2025-04-01
139439932,32025,,419000.0,2025-04-01
139460116,102025,,256764.99,2025-04-01
139457021,92025,,249845.14,2025-04-01
139443890,112025,,89260.72,2025-04-01
139447303,122025,,247440.61,2025-04-01
139448634,92025,,607167.47,2025-04-01
139451060,22026,,127851.88,2025-04-01
139438061,32025,,259000.0,2025-04-01
139466407,22026,,101083.09,2025-04-01
139469891,32026,,467264.89,2025-04-01
139452839,122025,,178635.6,2025-04-01
139456712,122025,,489528.93,2025-04-01
139445783,32026,,422134.77,2025-04-01
139442525,122025,,589217.44,2025-04-01
139444381,32025,,798000.0,2025-04-01
139464583,22025,,352000.0,2025-04-01
139448741,102025,,221570.12,2025-04-01
139449045,62025,,426000.0,2025-04-01
139448476,62025,,552000.0,2025-04-01
139436439,12026,,130546.68,2025-04-01
139470150,122025,,152958.48,2025-04-01
139439862,32025,,323000.0,2025-04-01
139452703,22025,,275000.0,2025-04-01
139466979,112025,,617468.01,2025-04-01
139442712,92025,,207459.54,2025-04-01
139442472,102025,,167711.77,2025-04-01
139467460,12026,,275299.52,2025-04-01
139441349,122025,,547417.51,2025-04-01
139442616,72025,,335000.0,2025-04-01
139452976,32026,,167981.35,2025-04-01
139463492,52025,,165000.0,2025-04-01
139455975,32025,,719000.0,2025-04-01
139454100,22026,,207468.98,2025-04-01
139438712,42025,,211000.0,2025-04-01
139442748,12025,,245000.0,2025-04-01
139449922,12025,,104000.0,2025-04-01
139463693,22026,,136211.59,2025-04-01
139455573,22026,,56288.79,2025-04-01
139455078,72025,,772337.5,2025-04-01
139457156,12025,,340000.0,2025-04-01
139454057,62025,,554000.0,2025-04-01
139446033,82025,,176128.95,2025-04-01
139451024,122025,,277527.36,2025-04-01
139448534,62025,,298000.0,2025-04-01
139467372,122025,,592941.67,2025-04-01
139447215,12026,,145292.42,2025-04-01
139453882,32025,,272000.0,2025-04-01
139462788,72025,,298745.25,2025-04-01
139447800,92025,,136669.02,2025-04-01
139455001,22026,,154929.82,2025-04-01
139439092,22026,,289607.56,2025-04-01
139467013,112025,,545744.78,2025-04-01
139457051,12025,,218000.0,2025-04-01
139467606,32025,,150000.0,2025-04-01
139460789,12025,,439000.0,2025-04-01
139467043,32026,,0.0,2025-04-01
139443490,52025,,364000.0,2025-04-01
139467651,52025,,184000.0,2025-04-01
139458444,52025,,466000.0,2025-04-01
139437567,102025,,347515.5,2025-04-01
139438182,32025,,243000.0,2025-04-01
139438072,82025,,191694.38,2025-04-01
139465089,82025,,397606.82,2025-04-01
139452052,32025,,232000.0,2025-04-01
139460966,62025,,446000.0,2025-04-01
139466272,12026,,247000.87,2025-04-01
139456687,122025,,441355.91,2025-04-01
139462193,72025,,346000.0,2025-04-01
139456809,92025,,240419.26,2025-04-01
139460475,62025,,494000.0,2025-04-01
139453927,82025,,190569.99,2025-04-01
139456869,62025,,434000.0,2025-04-01
139437976,12025,,310000.0,2025-04-01
139454529,52025,,186000.0,2025-04-01
139459500,72025,,133000.0,2025-04-01
139441268,82025,,447307.7,2025-04-01
139437790,22026,,208901.25,2025-04-01
139437152,42025,,311000.0,2025-04-01
139461053,12025,,393000.0,2025-04-01
139440015,72025,,206421.35,2025-04-01
139441559,22026,,123598.14,2025-04-01
139452980,22026,,510264.55,2025-04-01
139468559,112025,,396209.32,2025-04-01
139437137,22025,,208000.0,2025-04-01
139448906,122025,,241730.26,2025-04-01
139449710,112025,,554024.9,2025-04-01
139446510,12025,,238000.0,2025-04-01
139461676,102025,,670634.77,2025-04-01
139466673,112025,,441247.84,2025-04-01
139457032,52025,,767000.0,2025-04-01
139458349,82025,,646855.9,2025-04-01
139466745,72025,,505000.0,2025-04-01
139456114,62025,,246000.0,2025-04-01
139464994,32026,,350986.69,2025-04-01
139436318,122025,,207041.33,2025-04-01
139441590,92025,,414070.54,2025-04-01
139461804,92025,,759464.24,2025-04-01
139464089,92025,,48738.56,2025-04-01
139438262,52025,,639000.0,2025-04-01
139439278,42025,,447000.0,2025-04-01
139440033,32026,,112612.86,2025-04-01
139437357,92025,,344175.32,2025-04-01
139445699,32025,,600000.0,2025-04-01
139465134,112025,,369894.05,2025-04-01
139462970,82025,,70000.0,2025-04-01
139456615,92025,,458037.07,2025-04-01
139470131,12026,,59398.88,2025-04-01
139466026,52025,,260000.0,2025-04-01
139460163,32025,,229000.0,2025-04-01
139436041,62025,,111000.0,2025-04-01
139437226,22025,,179000.0,2025-04-01
139459606,92025,,371674.45,2025-04-01
139461837,112025,,586205.87,2025-04-01
139443724,12025,,191000.0,2025-04-01
139439774,82025,,316560.85,2025-04-01
139461901,112025,,511662.31,2025-04-01
139447719,22026,,221976.88,2025-04-01
139469964,92025,,158750.46,2025-04-01
139468463,52025,,415000.0,2025-04-01
139462885,122025,,343949.23,2025-04-01
139463345,82025,,516640.37,2025-04-01
139438924,82025,,114192.12,2025-04-01
139442861,32025,,262000.0,2025-04-01
139437126,92025,,1140488.32,2025-04-01
139437382,32026,,267921.68,2025-04-01
139436513,92025,,405268.73,2025-04-01
139470146,32025,,0.0,2025-04-01
139436456,12026,,553785.93,2025-04-01
139442115,52025,,160000.0,2025-04-01
139440043,72025,,255728.93,2025-04-01
139441041,32026,,0.0,2025-04-01
139461811,62025,,161000.0,2025-04-01
139445385,22026,,225825.02,2025-04-01
139453435,22026,,326771.21,2025-04-01
139435762,42025,,804000.0,2025-04-01
139460402,12026,,198312.08,2025-04-01
139468983,82025,,151532.57,2025-04-01
139459471,22025,,694000.0,2025-04-01
139445947,22025,,239000.0,2025-04-01
139439125,42025,,219000.0,2025-04-01
139445843,12025,,159000.0,2025-04-01
139462187,122025,,132254.87,2025-04-01
139457758,102025,,123013.23,2025-04-01
139461833,82025,,486131.35,2025-04-01
139454553,112025,,183046.9,2025-04-01
139447697,32025,,132000.0,2025-04-01
139440366,92025,,131548.18,2025-04-01
139458074,72025,,270450.05,2025-04-01
139467709,112025,,202309.15,2025-04-01
139445619,42025,,307000.0,2025-04-01
139446790,122025,,229737.71,2025-04-01
139446503,112025,,294634.82,2025-04-01
139435599,112025,,266363.7,2025-04-01
139442940,72025,,259122.81,2025-04-01
139459595,62025,,0.0,2025-04-01
139438215,82025,,110911.84,2025-04-01
139462178,52025,,179000.0,2025-04-01
139466000,22026,,278881.56,2025-04-01
139454190,92025,,726225.11,2025-04-01
139448395,72025,,363000.0,2025-04-01
139462612,22025,,310000.0,2025-04-01
139445081,32025,,256000.0,2025-04-01
139445179,12025,,255000.0,2025-04-01
139455309,22025,,493000.0,2025-04-01
139442135,92025,,373829.62,2025-04-01
139467847,112025,,57722.0,2025-04-01
139452301,62025,,799000.0,2025-04-01
139445367,12026,,0.0,2025-04-01
139439398,42025,,292000.0,2025-04-01
139459405,52025,,238000.0,2025-04-01
139457852,112025,,230783.12,2025-04-01
139447478,12026,,641218.01,2025-04-01
139453346,12026,,465460.64,2025-04-01
139464996,82025,,81760.35,2025-04-01
139464050,32026,,0.0,2025-04-01
139438427,22026,,49196.4,2025-04-01
139456151,122025,,144138.09,2025-04-01
139439445,12026,,381562.4,2025-04-01
139462338,112025,,181222.38,2025-04-01
139439584,62025,,366000.0,2025-04-01
139453043,72025,,207000.0,2025-04-01
139447353,92025,,238492.97,2025-04-01
139466553,82025,,294000.0,2025-04-01
139449831,42025,,789000.0,2025-04-01
139437833,122025,,98882.1,2025-04-01
139465342,72025,,308000.0,2025-04-01
139448472,62025,,564000.0,2025-04-01
139461339,82025,,241864.43,2025-04-01
139436182,22026,,488846.13,2025-04-01
139466973,12026,,198004.42,2025-04-01
139445393,112025,,244264.85,2025-04-01
139436945,62025,,74000.0,2025-04-01
139439129,82025,,381570.74,2025-04-01
139461787,82025,,39760.69,2025-04-01
139438066,92025,,275763.37,2025-04-01
139467192,22025,,364000.0,2025-04-01
139436916,22025,,96000.0,2025-04-01
139443637,32026,,792611.37,2025-04-01
139436877,12025,,290000.0,2025-04-01
139438498,32025,,1147000.0,2025-04-01
139443025,112025,,492561.94,2025-04-01
139456425,52025,,111000.0,2025-04-01
139457537,52025,,419000.0,2025-04-01
139456089,22025,,782000.0,2025-04-01
139454088,82025,,708000.0,2025-04-01
139464704,12026,,191683.82,2025-04-01
139446647,22025,,435000.0,2025-04-01
139445384,52025,,179000.0,2025-04-01
139464332,92025,,122854.54,2025-04-01
139466209,22026,,275862.0,2025-04-01
139450686,92025,,777613.59,2025-04-01
139447151,112025,,600846.73,2025-04-01
139465222,92025,,174065.81,2025-04-01
139448660,42025,,769000.0,2025-04-01
139455129,92025,,319618.92,2025-04-01
139454342,92025,,350372.82,2025-04-01
139450339,22026,,586013.71,2025-04-01
139445930,112025,,195495.05,2025-04-01
139446888,42025,,426000.0,2025-04-01
139436307,62025,,336000.0,2025-04-01
139463371,52025,,443000.0,2025-04-01
139446090,32025,,353312.6,2025-04-01
139456244,52025,,38000.0,2025-04-01
139446874,22026,,673266.96,2025-04-01
139461700,92025,,325992.67,2025-04-01
139436253,82025,,626230.79,2025-04-01
139459445,112025,,511656.81,2025-04-01
139462518,82025,,801198.93,2025-04-01
139447132,12025,,511000.0,2025-04-01
139449618,12026,,263555.39,2025-04-01
139449117,32026,,374861.46,2025-04-01
139467261,32025,,696000.0,2025-04-01
139460723,102025,,302798.28,2025-04-01
139438030,32026,,553597.05,2025-04-01
139450086,22025,,0.0,2025-04-01
139459016,62025,,677000.0,2025-04-01
139450135,12026,,474624.74,2025-04-01
139453041,62025,,202000.0,2025-04-01
139454726,52025,,309000.0,2025-04-01
139466513,22025,,522000.0,2025-04-01
139464373,112025,,504159.58,2025-04-01
139454949,52025,,247000.0,2025-04-01
139452883,32026,,779858.29,2025-04-01
139461682,92025,,320200.44,2025-04-01
139461653,82025,,179000.0,2025-04-01
139450157,12025,,198000.0,2025-04-01
139445830,52025,,679000.0,2025-04-01
139464580,102025,,506843.26,2025-04-01
139458997,32026,,751875.08,2025-04-01
139450414,112025,,80173.66,2025-04-01
139445006,12025,,283000.0,2025-04-01
139439422,82025,,279085.83,2025-04-01
139445847,102025,,161571.66,2025-04-01
139458490,72025,,172000.0,2025-04-01
139441748,82025,,145940.3,2025-04-01
139452528,42025,,182000.0,2025-04-01
139460212,112025,,645515.41,2025-04-01
139435885,22025,,369000.0,2025-04-01
139469389,122025,,138471.87,2025-04-01
139449462,102025,,624522.66,2025-04-01
139463135,12025,,218000.0,2025-04-01
139453495,62025,,718000.0,2025-04-01
139464324,32026,,61393.12,2025-04-01
139470121,12026,,196684.99,2025-04-01
139452509,22025,,93000.0,2025-04-01
139446686,22025,,331000.0,2025-04-01
139443337,62025,,116000.0,2025-04-01
139447069,72025,,535725.42,2025-04-01
139451395,22026,,133751.98,2025-04-01
139449959,32025,,305000.0,2025-04-01
139447417,102025,,93854.59,2025-04-01
139442374,32025,,238000.0,2025-04-01
139465317,72025,,255000.0,2025-04-01
139443210,32026,,394755.41,2025-04-01
139457311,22025,,499000.0,2025-04-01
139466393,102025,,382114.62,2025-04-01
139465324,82025,,244796.86,2025-04-01
139449088,92025,,686997.74,2025-04-01
139468107,72025,,410000.0,2025-04-01
139466831,12025,,257000.0,2025-04-01
139460048,52025,,365000.0,2025-04-01
139457423,12025,,247000.0,2025-04-01
139463057,112025,,471186.56,2025-04-01
139460409,82025,,164932.26,2025-04-01
139454186,12025,,803000.0,2025-04-01
139451383,72025,,575060.0,2025-04-01
139452416,42025,,174000.0,2025-04-01
139468520,112025,,248080.47,2025-04-01
139468333,62025,,666000.0,2025-04-01
139460475,32026,,488844.74,2025-04-01
139466419,102025,,316249.87,2025-04-01
139436980,42025,,612000.0,2025-04-01
139459329,52025,,132000.0,2025-04-01
139443310,52025,,166000.0,2025-04-01
139440961,92025,,162125.88,2025-04-01
139458025,22025,,790000.0,2025-04-01
139454476,82025,,417970.43,2025-04-01
139451250,72025,,692000.0,2025-04-01
139458198,72025,,417000.0,2025-04-01
139466193,92025,,166707.1,2025-04-01
139464669,122025,,530992.59,2025-04-01
139459208,42025,,431000.0,2025-04-01
139449998,82025,,105343.57,2025-04-01
139465534,32026,,457575.06,2025-04-01
139456319,22026,,758356.69,2025-04-01
139451636,22026,,280206.45,2025-04-01
139440774,12025,,116000.0,2025-04-01
139454535,12026,,271616.62,2025-04-01
139465489,32026,,54292.3,2025-04-01
139440801,112025,,603391.33,2025-04-01
139435623,102025,,800114.65,2025-04-01
139452082,32026,,194442.54,2025-04-01
139463249,52025,,149000.0,2025-04-01
139459250,22025,,295000.0,2025-04-01
139437815,42025,,793000.0,2025-04-01
139467875,32025,,373000.0,2025-04-01
139453104,82025,,572504.4,2025-04-01
139449627,82025,,773207.63,2025-04-01
139439507,32026,,319695.17,2025-04-01
139462429,82025,,46824.48,2025-04-01
139463266,32026,,177850.04,2025-04-01
139464439,42025,,179000.0,2025-04-01
139466416,112025,,759399.38,2025-04-01
139444000,112025,,328407.37,2025-04-01
139440172,12026,,568362.89,2025-04-01
139436342,22025,,791000.0,2025-04-01
139468561,122025,,76515.98,2025-04-01
139468397,12025,,328000.0,2025-04-01
139446724,12026,,342058.94,2025-04-01
139443191,62025,,268000.0,2025-04-01
139449022,122025,,137341.36,2025-04-01
139466492,32025,,367000.0,2025-04-01
139437196,22026,,981853.1,2025-04-01
139461320,102025,,296724.49,2025-04-01
139459495,102025,,395480.71,2025-04-01
139469650,62025,,377000.0,2025-04-01
139461728,32025,,194000.0,2025-04-01
139440951,22026,,255469.68,2025-04-01
139437213,112025,,226274.85,2025-04-01
139459321,22026,,264287.74,2025-04-01
139445577,122025,,83069.17,2025-04-01
139448522,32026,,230251.94,2025-04-01
139446874,72025,,678000.0,2025-04-01
139464076,32025,,260000.0,2025-04-01
139452485,42025,,299000.0,2025-04-01
139464281,92025,,563831.94,2025-04-01
139437464,72025,,386672.43,2025-04-01
139466869,102025,,153460.79,2025-04-01
139436591,92025,,182382.77,2025-04-01
139455117,122025,,98265.54,2025-04-01
139460624,122025,,186313.62,2025-04-01
139436549,122025,,790102.08,2025-04-01
139466927,22025,,232000.0,2025-04-01
139453833,52025,,90000.0,2025-04-01
139457557,112025,,230362.12,2025-04-01
139437443,112025,,209076.46,2025-04-01
139441112,22025,,270000.0,2025-04-01
139470003,122025,,357685.49,2025-04-01
139463147,42025,,640000.0,2025-04-01
139436340,92025,,418001.66,2025-04-01
139437168,12026,,233924.07,2025-04-01
139458779,82025,,36979.45,2025-04-01
139440707,32025,,300000.0,2025-04-01
139439881,102025,,342091.01,2025-04-01
139468974,12025,,310000.0,2025-04-01
139442574,12025,,228000.0,2025-04-01
139460063,72025,,139000.0,2025-04-01
139454565,92025,,323925.97,2025-04-01
139456797,12026,,54385.23,2025-04-01
139465816,72025,,246404.9,2025-04-01
139447884,42025,,399000.0,2025-04-01
139469241,12025,,204000.0,2025-04-01
139438082,72025,,252000.0,2025-04-01
139437530,52025,,0.0,2025-04-01
139441830,52025,,399000.0,2025-04-01
139458618,32025,,334000.0,2025-04-01
139442157,72025,,299000.0,2025-04-01
139458392,102025,,125972.69,2025-04-01
139442753,32026,,167548.31,2025-04-01
139449430,32026,,256335.62,2025-04-01
139467478,82025,,30556.23,2025-04-01
139458834,32025,,374000.0,2025-04-01
139460474,22025,,403000.0,2025-04-01
139448942,32026,,523678.16,2025-04-01
139460335,32025,,284000.0,2025-04-01
139447605,52025,,556000.0,2025-04-01
139460957,92025,,241217.88,2025-04-01
139463243,12025,,415000.0,2025-04-01
139437613,82025,,133630.64,2025-04-01
139453631,102025,,482329.19,2025-04-01
139464257,102025,,223854.61,2025-04-01
139436302,62025,,220000.0,2025-04-01
139465662,102025,,218214.04,2025-04-01
139456599,82025,,279213.05,2025-04-01
139439998,102025,,248323.46,2025-04-01
139453259,12026,,194523.4,2025-04-01
139440844,12026,,345060.04,2025-04-01
139455534,122025,,330922.45,2025-04-01
139446419,82025,,116604.87,2025-04-01
139442491,112025,,527783.66,2025-04-01
139450743,32025,,499000.0,2025-04-01
139461153,112025,,774470.01,2025-04-01
139454143,82025,,242082.59,2025-04-01
139459664,32026,,373766.79,2025-04-01
139443768,22025,,205000.0,2025-04-01
139463436,112025,,301378.09,2025-04-01
139441078,52025,,191000.0,2025-04-01
139466983,52025,,131000.0,2025-04-01
139441292,22026,,596288.48,2025-04-01
139457754,122025,,412348.52,2025-04-01
139448658,122025,,608189.8,2025-04-01
139439917,52025,,102000.0,2025-04-01
139455112,22025,,246000.0,2025-04-01
139463256,52025,,179000.0,2025-04-01
139445524,72025,,163785.18,2025-04-01
139440535,102025,,841455.75,2025-04-01
139441699,32026,,220105.42,2025-04-01
139455024,82025,,314000.0,2025-04-01
139438063,92025,,623402.53,2025-04-01
139445936,32026,,221976.88,2025-04-01
139453609,62025,,463000.0,2025-04-01
139440592,82025,,210905.11,2025-04-01
139470053,32025,,267000.0,2025-04-01
139449298,72025,,301000.0,2025-04-01
139457571,32025,,192000.0,2025-04-01
139468234,82025,,227000.0,2025-04-01
139465884,42025,,350000.0,2025-04-01
139453520,22026,,200520.34,2025-04-01
139439413,52025,,77000.0,2025-04-01
139454979,102025,,273888.75,2025-04-01
139440157,102025,,709166.38,2025-04-01
139467359,32025,,398000.0,2025-04-01
139449479,102025,,126543.83,2025-04-01
139441349,52025,,551000.0,2025-04-01
139450611,32025,,0.0,2025-04-01
139450864,102025,,197907.37,2025-04-01
139465626,62025,,184000.0,2025-04-01
139457377,32026,,281222.57,2025-04-01
139446199,92025,,513142.92,2025-04-01
139437673,12025,,131000.0,2025-04-01
139458877,82025,,206575.47,2025-04-01
139439483,82025,,269646.41,2025-04-01
139458844,122025,,355203.45,2025-04-01
139446618,12025,,633000.0,2025-04-01
139462760,102025,,654775.55,2025-04-01
139453644,32025,,275000.0,2025-04-01
139450632,122025,,367053.52,2025-04-01
139449716,42025,,320000.0,2025-04-01
139435960,22026,,779859.83,2025-04-01
139436260,32025,,179000.0,2025-04-01
139452739,112025,,186315.68,2025-04-01
139436461,82025,,378384.12,2025-04-01
139467728,92025,,233246.06,2025-04-01
139441091,22026,,574537.5,2025-04-01
139446091,32026,,947112.78,2025-04-01
139468261,62025,,378000.0,2025-04-01
139445051,42025,,113000.0,2025-04-01
139439701,42025,,251000.0,2025-04-01
139459316,32025,,280000.0,2025-04-01
139468286,62025,,363000.0,2025-04-01
139450634,12026,,170399.98,2025-04-01
139438808,22026,,185591.73,2025-04-01
139450972,112025,,469932.32,2025-04-01
139447991,42025,,250000.0,2025-04-01
139453134,22026,,293771.82,2025-04-01
139446798,62025,,92000.0,2025-04-01
139443568,32025,,221000.0,2025-04-01
139455864,122025,,268405.64,2025-04-01
139441414,92025,,759408.45,2025-04-01
139450823,62025,,174000.0,2025-04-01
139450491,72025,,656000.0,2025-04-01
139453277,62025,,416000.0,2025-04-01
139468209,12025,,422000.0,2025-04-01
139439741,22025,,495000.0,2025-04-01
139459300,112025,,288474.1,2025-04-01
139438592,112025,,292081.01,2025-04-01
139453265,112025,,432127.93,2025-04-01
139436801,32025,,646000.0,2025-04-01
139464661,22025,,560000.0,2025-04-01
139457567,42025,,227000.0,2025-04-01
139449620,72025,,207000.0,2025-04-01
139457645,12025,,632000.0,2025-04-01
139445168,122025,,405516.22,2025-04-01
139458001,12026,,346318.94,2025-04-01
139458866,92025,,281766.5,2025-04-01
139454177,102025,,50159.68,2025-04-01
139465866,72025,,680000.0,2025-04-01
139439580,22025,,305000.0,2025-04-01
139440099,52025,,171000.0,2025-04-01
139455747,12026,,176307.14,2025-04-01
139460691,22025,,600000.0,2025-04-01
139459418,32025,,338000.0,2025-04-01
139465849,22025,,287000.0,2025-04-01
139436047,32025,,336000.0,2025-04-01
139450413,22025,,736000.0,2025-04-01
139466006,62025,,132000.0,2025-04-01
139445890,42025,,451000.0,2025-04-01
139435813,102025,,210310.67,2025-04-01
139456565,72025,,161000.0,2025-04-01
139441101,22026,,141649.71,2025-04-01
139441772,42025,,795000.0,2025-04-01
139467658,32025,,158000.0,2025-04-01
139456108,12026,,458976.59,2025-04-01
139461297,32026,,442430.44,2025-04-01
139446506,102025,,538748.88,2025-04-01
139455271,72025,,171000.0,2025-04-01
139455873,52025,,672000.0,2025-04-01
139466314,52025,,281000.0,2025-04-01
139463604,42025,,733000.0,2025-04-01
139435884,22026,,300480.16,2025-04-01
139445346,32025,,97000.0,2025-04-01
139442644,12025,,84000.0,2025-04-01
139467284,72025,,533000.0,2025-04-01
139456041,112025,,244783.86,2025-04-01
139469638,102025,,125151.36,2025-04-01
139456116,72025,,161973.22,2025-04-01
139446205,102025,,154850.2,2025-04-01
139452635,32025,,102000.0,2025-04-01
139451433,42025,,639000.0,2025-04-01
139452773,102025,,290571.8,2025-04-01
139445349,112025,,266602.34,2025-04-01
139441302,42025,,75000.0,2025-04-01
139447917,62025,,278000.0,2025-04-01
139440341,102025,,131325.0,2025-04-01
139463744,92025,,427299.94,2025-04-01
139440613,62025,,792936.01,2025-04-01
139461736,72025,,82000.0,2025-04-01
139438288,12025,,654000.0,2025-04-01
139454367,92025,,184007.71,2025-04-01
139448831,32026,,133351.71,2025-04-01
139461233,22026,,356296.26,2025-04-01
139464473,102025,,200933.01,2025-04-01
139458989,92025,,786017.93,2025-04-01
139449337,12026,,0.0,2025-04-01
139447351,112025,,114976.62,2025-04-01
139451260,122025,,297013.69,2025-04-01
139457895,72025,,399000.0,2025-04-01
139459666,52025,,209000.0,2025-04-01
139460137,112025,,750880.62,2025-04-01
139452610,112025,,793678.62,2025-04-01
139437832,42025,,198000.0,2025-04-01
139451916,82025,,159206.06,2025-04-01
139440472,122025,,263470.18,2025-04-01
139438531,62025,,271000.0,2025-04-01
139444501,122025,,731433.91,2025-04-01
139452061,12025,,616000.0,2025-04-01
139469031,12026,,444278.21,2025-04-01
139453825,32026,,195920.37,2025-04-01
139438491,12025,,398000.0,2025-04-01
139459477,92025,,476787.38,2025-04-01
139446511,42025,,130000.0,2025-04-01
139454904,22026,,624326.37,2025-04-01
139455412,32026,,96449.44,2025-04-01
139466992,52025,,358000.0,2025-04-01
139445834,102025,,278051.98,2025-04-01
139452039,102025,,126741.32,2025-04-01
139449495,32026,,256269.76,2025-04-01
139437894,12026,,301355.87,2025-04-01
139438829,12025,,375000.0,2025-04-01
139469014,12025,,912000.0,2025-04-01
139453607,62025,,313000.0,2025-04-01
139463926,12026,,82944.19,2025-04-01
139469073,12025,,111000.0,2025-04-01
139458565,62025,,222275.59,2025-04-01
139452876,92025,,350438.01,2025-04-01
139462933,102025,,793348.32,2025-04-01
139461373,102025,,18633.66,2025-04-01
139438578,102025,,166637.97,2025-04-01
139447229,72025,,466527.56,2025-04-01
139449076,22025,,766000.0,2025-04-01
139457924,12026,,115050.33,2025-04-01
139445216,22025,,351000.0,2025-04-01
139437973,12025,,632000.0,2025-04-01
139462587,82025,,247775.4,2025-04-01
139454980,12025,,174000.0,2025-04-01
139445583,62025,,188567.07,2025-04-01
139441002,32025,,131000.0,2025-04-01
139438773,22026,,339008.92,2025-04-01
139452684,32025,,509000.0,2025-04-01
139449666,62025,,158000.0,2025-04-01
139466054,52025,,366000.0,2025-04-01
139443707,42025,,253000.0,2025-04-01
139445922,62025,,199000.0,2025-04-01
139464517,122025,,284273.8,2025-04-01
139460740,32026,,150025.53,2025-04-01
139463543,52025,,478000.0,2025-04-01
139469915,72025,,228000.0,2025-04-01
139466566,32026,,572079.48,2025-04-01
139468142,72025,,520807.44,2025-04-01
139458157,112025,,663799.51,2025-04-01
139445094,12026,,424467.49,2025-04-01
139456717,32026,,41193.2,2025-04-01
139468994,42025,,267000.0,2025-04-01
139458203,72025,,467319.96,2025-04-01
139462481,42025,,343000.0,2025-04-01
139447016,72025,,207000.0,2025-04-01
139469174,102025,,141218.11,2025-04-01
139444411,122025,,115811.54,2025-04-01
139439796,82025,,260314.83,2025-04-01
139467282,22025,,392000.0,2025-04-01
139441775,72025,,444829.18,2025-04-01
139467098,32025,,581000.0,2025-04-01
139438728,62025,,372000.0,2025-04-01
139444933,32026,,685507.68,2025-04-01
139443627,12025,,467000.0,2025-04-01
139470106,82025,,517577.79,2025-04-01
139462785,22026,,748495.37,2025-04-01
139457902,112025,,465798.8,2025-04-01
139468358,12025,,393000.0,2025-04-01
139460958,72025,,398000.0,2025-04-01
139441329,22026,,169911.57,2025-04-01
139462672,22025,,200000.0,2025-04-01
139457592,12026,,0.0,2025-04-01
139467744,52025,,209000.0,2025-04-01
139469913,72025,,426000.0,2025-04-01
139446884,102025,,117851.48,2025-04-01
139465841,92025,,795441.19,2025-04-01
139437688,32025,,166000.0,2025-04-01
139436815,32025,,249000.0,2025-04-01
139470241,122025,,249468.52,2025-04-01
139468240,122025,,392681.15,2025-04-01
139454904,52025,,630000.0,2025-04-01
139455174,12026,,149774.18,2025-04-01
139449388,112025,,623624.93,2025-04-01
139465300,112025,,537052.12,2025-04-01
139439142,102025,,235854.99,2025-04-01
139462489,52025,,479000.0,2025-04-01
139447006,22025,,264000.0,2025-04-01
139440509,32026,,248949.88,2025-04-01
139443943,82025,,614931.86,2025-04-01
139438776,32025,,238000.0,2025-04-01
139464851,92025,,545449.82,2025-04-01
139462829,102025,,138329.28,2025-04-01
139458449,122025,,133287.89,2025-04-01
139464883,112025,,225843.56,2025-04-01
139451385,62025,,622000.0,2025-04-01
139449096,12025,,343000.0,2025-04-01
139455426,32026,,572723.95,2025-04-01
139454865,22025,,51000.0,2025-04-01
139463228,72025,,566000.0,2025-04-01
139460430,82025,,282463.99,2025-04-01
139459134,32025,,245000.0,2025-04-01
139445710,22025,,648000.0,2025-04-01
139465690,62025,,111000.0,2025-04-01
139455502,72025,,294000.0,2025-04-01
139444696,62025,,732000.0,2025-04-01
139462882,12025,,175000.0,2025-04-01
139448913,92025,,324739.95,2025-04-01
139468669,62025,,292000.0,2025-04-01
139436905,52025,,628000.0,2025-04-01
139446667,12026,,446333.05,2025-04-01
139435515,52025,,598000.0,2025-04-01
139466055,82025,,218673.02,2025-04-01
139458137,122025,,609066.61,2025-04-01
139460975,92025,,186182.75,2025-04-01
139446310,102025,,57414.29,2025-04-01
139436137,32025,,638000.0,2025-04-01
139443981,32025,,160000.0,2025-04-01
139456989,42025,,169000.0,2025-04-01
139446756,112025,,160389.42,2025-04-01
139456570,32026,,407570.73,2025-04-01
139462445,32026,,86846.19,2025-04-01
139451202,12026,,167188.96,2025-04-01
139469798,22025,,312000.0,2025-04-01
139460266,112025,,261887.45,2025-04-01
139448360,32026,,410509.28,2025-04-01
139469042,122025,,377611.96,2025-04-01
139469715,32026,,361066.5,2025-04-01
139457680,92025,,256434.23,2025-04-01
139439517,122025,,341527.44,2025-04-01
139455848,72025,,278730.58,2025-04-01
139458720,92025,,344344.8,2025-04-01
139436224,122025,,486657.99,2025-04-01
139457887,62025,,292000.0,2025-04-01
139454605,62025,,153823.61,2025-04-01
139440452,62025,,109000.0,2025-04-01
139451156,102025,,290505.91,2025-04-01
139452233,112025,,585904.88,2025-04-01
139466723,22026,,187637.98,2025-04-01
139468735,82025,,356644.36,2025-04-01
139452243,92025,,542124.93,2025-04-01
139436109,12026,,540204.88,2025-04-01
139449008,82025,,315482.41,2025-04-01
139435868,82025,,193333.29,2025-04-01
139451528,52025,,124000.0,2025-04-01
139453898,122025,,499070.22,2025-04-01
139447437,102025,,277913.21,2025-04-01
139463629,102025,,342420.09,2025-04-01
139457171,32026,,494216.46,2025-04-01
139457982,52025,,492000.0,2025-04-01
139450080,72025,,149124.14,2025-04-01
139443358,12025,,244000.0,2025-04-01
139469933,52025,,423000.0,2025-04-01
139469966,12025,,114000.0,2025-04-01
139468198,92025,,166819.78,2025-04-01
139440569,42025,,603000.0,2025-04-01
139443332,12025,,101000.0,2025-04-01
139443295,62025,,291000.0,2025-04-01
139451195,122025,,508674.47,2025-04-01
139438269,12026,,186377.5,2025-04-01
139459312,42025,,193000.0,2025-04-01
139451539,22025,,267000.0,2025-04-01
139467475,112025,,158139.05,2025-04-01
139462089,122025,,414798.6,2025-04-01
139466330,72025,,420000.0,2025-04-01
139464123,122025,,126550.94,2025-04-01
139447529,32025,,75000.0,2025-04-01
139460817,82025,,412580.3,2025-04-01
139439239,92025,,725912.48,2025-04-01
139444950,62025,,292000.0,2025-04-01
139437809,122025,,555466.38,2025-04-01
139438970,92025,,434691.37,2025-04-01
139447998,52025,,337000.0,2025-04-01
139464352,92025,,194290.91,2025-04-01
139466189,102025,,305934.57,2025-04-01
139441824,102025,,226600.06,2025-04-01
139442085,12026,,171604.07,2025-04-01
139435965,92025,,259129.18,2025-04-01
139457808,12025,,116000.0,2025-04-01
139459596,92025,,361007.19,2025-04-01
139446051,22025,,169000.0,2025-04-01
139437030,12026,,78805.76,2025-04-01
139455913,32026,,187438.57,2025-04-01
139462328,92025,,194189.89,2025-04-01
139440650,112025,,195537.25,2025-04-01
139437368,72025,,157000.0,2025-04-01
139450168,32026,,299932.28,2025-04-01
139463897,72025,,338000.0,2025-04-01
139448366,32026,,514798.58,2025-04-01
139446778,32025,,277000.0,2025-04-01
139438637,22026,,161884.55,2025-04-01
139458309,72025,,321000.0,2025-04-01
139463291,102025,,530951.59,2025-04-01
139436946,22026,,417624.75,2025-04-01
139463873,112025,,193677.56,2025-04-01
139445616,42025,,146000.0,2025-04-01
139459618,92025,,274430.17,2025-04-01
139435872,72025,,390000.0,2025-04-01
139445815,22026,,294618.45,2025-04-01
139447209,62025,,608000.0,2025-04-01
139438779,12026,,414063.28,2025-04-01
139455655,92025,,158902.8,2025-04-01
139445871,12025,,522000.0,2025-04-01
139441211,122025,,129066.85,2025-04-01
139436222,52025,,551000.0,2025-04-01
139453466,12025,,285000.0,2025-04-01
139438435,62025,,377000.0,2025-04-01
139467290,12026,,357443.75,2025-04-01
139460282,72025,,966000.0,2025-04-01
139456545,112025,,108291.41,2025-04-01
139437393,112025,,247440.61,2025-04-01
139450335,22025,,403000.0,2025-04-01
139457172,32025,,299000.0,2025-04-01
139461834,32026,,520606.24,2025-04-01
139458929,42025,,419000.0,2025-04-01
139457660,122025,,332233.63,2025-04-01
139447456,52025,,168000.0,2025-04-01
139467320,82025,,546318.88,2025-04-01
139461027,22025,,370000.0,2025-04-01
139468270,82025,,198661.44,2025-04-01
139460046,12026,,403317.29,2025-04-01
139444401,32026,,483095.14,2025-04-01
139464059,12025,,528000.0,2025-04-01
139454232,112025,,394399.96,2025-04-01
139435635,32026,,214304.28,2025-04-01
139452873,122025,,344638.56,2025-04-01
139465102,32026,,193038.72,2025-04-01
139464587,82025,,381874.5,2025-04-01
139442935,52025,,173000.0,2025-04-01
139449265,122025,,515284.36,2025-04-01
139442575,32026,,327357.67,2025-04-01
139445170,72025,,482113.9,2025-04-01
139446033,62025,,344000.0,2025-04-01
139460920,52025,,270000.0,2025-04-01
139452741,32025,,439000.0,2025-04-01
139437961,12025,,252000.0,2025-04-01
139467558,12025,,61000.0,2025-04-01
139444900,62025,,572000.0,2025-04-01
139454230,92025,,66269.23,2025-04-01
139459985,52025,,73000.0,2025-04-01
139469940,32025,,58000.0,2025-04-01
139442854,122025,,417809.64,2025-04-01
139449268,112025,,230643.46,2025-04-01
139447859,32026,,280187.39,2025-04-01
139451501,112025,,273491.84,2025-04-01
139465917,32025,,459000.0,2025-04-01
139469622,32025,,240000.0,2025-04-01
139436312,12025,,518000.0,2025-04-01
139439949,32025,,556000.0,2025-04-01
139460810,22025,,527000.0,2025-04-01
139459920,112025,,278081.82,2025-04-01
139449568,112025,,573162.97,2025-04-01
139450752,32026,,187717.26,2025-04-01
139460841,12025,,172000.0,2025-04-01
139447146,32026,,317441.41,2025-04-01
139442568,12026,,486661.94,2025-04-01
139463027,122025,,276235.0,2025-04-01
139453634,82025,,249099.54,2025-04-01
139446894,112025,,141526.46,2025-04-01
139457407,112025,,268289.05,2025-04-01
139454235,12026,,393102.68,2025-04-01
139457003,32026,,547545.2,2025-04-01
139445260,72025,,187055.47,2025-04-01
139463367,32026,,193310.19,2025-04-01
139444225,122025,,74321.64,2025-04-01
139455538,12025,,136000.0,2025-04-01
139450111,12026,,728899.72,2025-04-01
139449900,22025,,412000.0,2025-04-01
139438719,122025,,182230.24,2025-04-01
139450892,102025,,154751.86,2025-04-01
139436657,102025,,337167.56,2025-04-01
139454290,42025,,388000.0,2025-04-01
139455660,52025,,392000.0,2025-04-01
139444254,42025,,358000.0,2025-04-01
139465786,12025,,295000.0,2025-04-01
139437959,72025,,692000.0,2025-04-01
139469912,62025,,146000.0,2025-04-01
139454866,62025,,303000.0,2025-04-01
139467442,32025,,132000.0,2025-04-01
139459478,122025,,308881.52,2025-04-01
139464800,12025,,187000.0,2025-04-01
139456243,22025,,450000.0,2025-04-01
139459834,52025,,219000.0,2025-04-01
139438344,112025,,218583.76,2025-04-01
139458512,32025,,300000.0,2025-04-01
139442535,122025,,263356.58,2025-04-01
139469956,122025,,475210.87,2025-04-01
139451264,12025,,140000.0,2025-04-01
139466105,122025,,365730.84,2025-04-01
139439238,62025,,103000.0,2025-04-01
139459851,22025,,668000.0,2025-04-01
139469532,12025,,408000.0,2025-04-01
139446288,52025,,125000.0,2025-04-01
139446863,112025,,277139.02,2025-04-01
139459534,32025,,67000.0,2025-04-01
139436232,102025,,663689.39,2025-04-01
139455376,62025,,231000.0,2025-04-01
139440754,22026,,118882.08,2025-04-01
139451095,12025,,78000.0,2025-04-01
139444439,122025,,225831.53,2025-04-01
139468586,22025,,459000.0,2025-04-01
139438975,42025,,789000.0,2025-04-01
139466203,102025,,184122.12,2025-04-01
139460120,32025,,148000.0,2025-04-01
139462433,22025,,179000.0,2025-04-01
139438723,82025,,261227.66,2025-04-01
139444239,72025,,596000.0,2025-04-01
139439749,22026,,130559.26,2025-04-01
139441749,122025,,694246.46,2025-04-01
139437624,122025,,562246.5,2025-04-01
139435589,22025,,555000.0,2025-04-01
139456818,52025,,153000.0,2025-04-01
139468257,72025,,465000.0,2025-04-01
139445574,72025,,383000.0,2025-04-01
139439012,22025,,252000.0,2025-04-01
139448414,62025,,691424.06,2025-04-01
139448925,42025,,187000.0,2025-04-01
139468943,32025,,448000.0,2025-04-01
139467712,52025,,0.0,2025-04-01
139448962,42025,,131000.0,2025-04-01
139442572,72025,,502000.0,2025-04-01
139443039,12025,,397000.0,2025-04-01
139440860,32026,,444988.63,2025-04-01
139462455,12026,,279169.27,2025-04-01
139441160,32026,,272378.94,2025-04-01
139440773,112025,,305137.39,2025-04-01
139461967,122025,,337758.78,2025-04-01
139458383,62025,,252000.0,2025-04-01
139464889,102025,,258886.49,2025-04-01
139463458,22025,,214000.0,2025-04-01
139435524,42025,,764000.0,2025-04-01
139459264,12025,,695000.0,2025-04-01
139439370,12025,,527000.0,2025-04-01
139454980,112025,,172475.43,2025-04-01
139458552,92025,,256354.51,2025-04-01
139454329,32025,,289000.0,2025-04-01
139442644,22025,,83000.0,2025-04-01
139438169,12025,,196000.0,2025-04-01
139447903,72025,,53953.14,2025-04-01
139461046,22025,,164000.0,2025-04-01
139437171,112025,,319573.67,2025-04-01
139444981,32025,,220000.0,2025-04-01
139443877,72025,,109000.0,2025-04-01
139450378,82025,,445524.42,2025-04-01
139442816,22026,,751285.15,2025-04-01
139442179,52025,,307000.0,2025-04-01
139440963,32026,,667714.37,2025-04-01
139436764,12026,,719320.83,2025-04-01
139465929,62025,,207000.0,2025-04-01
139456838,122025,,601895.22,2025-04-01
139446424,92025,,181217.31,2025-04-01
139439355,32025,,152000.0,2025-04-01
139465763,82025,,486848.42,2025-04-01
139447809,32025,,637000.0,2025-04-01
139466569,32026,,330559.8,2025-04-01
139453653,52025,,297000.0,2025-04-01
139458499,12025,,340000.0,2025-04-01
139453086,52025,,199000.0,2025-04-01
139437439,122025,,108949.39,2025-04-01
139437337,52025,,127000.0,2025-04-01
139447664,42025,,568000.0,2025-04-01
139462507,52025,,181000.0,2025-04-01
139464082,32026,,162729.97,2025-04-01
139456751,42025,,189000.0,2025-04-01
139436237,22025,,300000.0,2025-04-01
139456204,22026,,714692.37,2025-04-01
139445297,42025,,483000.0,2025-04-01
139447180,12025,,244000.0,2025-04-01
139441369,22025,,72000.0,2025-04-01
139466625,12025,,410000.0,2025-04-01
139457046,12025,,189000.0,2025-04-01
139437334,22026,,334972.13,2025-04-01
139450327,12026,,234504.61,2025-04-01
139455239,22026,,489996.0,2025-04-01
139445888,22026,,107096.33,2025-04-01
139454720,12025,,401000.0,2025-04-01
139458560,52025,,27000.0,2025-04-01
139464594,42025,,158000.0,2025-04-01
139462659,122025,,225983.34,2025-04-01
139458722,42025,,519000.0,2025-04-01
139438435,112025,,0.0,2025-04-01
139467505,52025,,524000.0,2025-04-01
139448174,102025,,127173.77,2025-04-01
139452154,72025,,238432.26,2025-04-01
139459839,32025,,218000.0,2025-04-01
139453637,22026,,274968.69,2025-04-01
139438628,12025,,324000.0,2025-04-01
139453628,112025,,274066.68,2025-04-01
139443119,32026,,291878.42,2025-04-01
139453471,92025,,231988.69,2025-04-01
139460453,12025,,646000.0,2025-04-01
139439576,92025,,153476.26,2025-04-01
139466102,32025,,219000.0,2025-04-01
139460700,122025,,310219.21,2025-04-01
139449902,42025,,606000.0,2025-04-01
139442441,12026,,511470.96,2025-04-01
139463741,92025,,201161.56,2025-04-01
139436509,32025,,183000.0,2025-04-01
139447605,32025,,557000.0,2025-04-01
139446932,112025,,208168.84,2025-04-01
139465677,102025,,168443.07,2025-04-01
139439825,102025,,233592.44,2025-04-01
139457304,52025,,351000.0,2025-04-01
139445005,102025,,34694.72,2025-04-01
139459944,72025,,194000.0,2025-04-01
139450260,22025,,423000.0,2025-04-01
139439837,102025,,311561.83,2025-04-01
139437776,22026,,299062.71,2025-04-01
139464913,92025,,273415.45,2025-04-01
139469813,112025,,222353.13,2025-04-01
139445244,42025,,85000.0,2025-04-01
139469290,22026,,374356.45,2025-04-01
139436324,42025,,183000.0,2025-04-01
139437754,72025,,500000.0,2025-04-01
139443742,102025,,322609.19,2025-04-01
139466343,122025,,132246.73,2025-04-01
139462073,12025,,210000.0,2025-04-01
139458167,42025,,57000.0,2025-04-01
139449491,82025,,268889.31,2025-04-01
139443546,82025,,343487.81,2025-04-01
139467111,32026,,288958.44,2025-04-01
139457214,12026,,261001.91,2025-04-01
139459267,82025,,760316.89,2025-04-01
139458900,42025,,108000.0,2025-04-01
139469659,32026,,72887.52,2025-04-01
139467516,112025,,774977.3,2025-04-01
139448874,82025,,149123.37,2025-04-01
139449433,72025,,220000.0,2025-04-01
139468110,22026,,395090.49,2025-04-01
139438068,72025,,532455.48,2025-04-01
139452769,92025,,136805.4,2025-04-01
139437948,52025,,127000.0,2025-04-01
139467868,112025,,0.0,2025-04-01
139450293,72025,,401000.0,2025-04-01
139447201,62025,,222000.0,2025-04-01
139435960,32026,,779003.29,2025-04-01
139468194,32025,,163000.0,2025-04-01
139461928,82025,,168731.38,2025-04-01
139462738,32025,,310000.0,2025-04-01
139440733,22025,,95000.0,2025-04-01
139450485,112025,,667291.1,2025-04-01
139441591,22026,,310326.44,2025-04-01
139451313,92025,,241353.56,2025-04-01
139453113,42025,,559000.0,2025-04-01
139461060,122025,,341803.73,2025-04-01
139438036,12026,,295495.0,2025-04-01
139464900,12026,,149376.16,2025-04-01
139456641,72025,,75000.0,2025-04-01
139444991,112025,,225405.8,2025-04-01
139449231,72025,,273000.0,2025-04-01
139460723,122025,,302195.84,2025-04-01
139454825,42025,,280000.0,2025-04-01
139461293,102025,,227150.32,2025-04-01
139438779,112025,,415049.41,2025-04-01
139468624,92025,,396989.08,2025-04-01
139442089,102025,,137249.57,2025-04-01
139469786,32026,,572424.43,2025-04-01
139463851,32025,,295000.0,2025-04-01
139435651,82025,,672051.93,2025-04-01
139460230,12026,,138820.71,2025-04-01
139456652,62025,,251000.0,2025-04-01
139457816,42025,,661000.0,2025-04-01
139449805,32026,,153666.87,2025-04-01
139460686,42025,,542000.0,2025-04-01
139455284,92025,,763758.14,2025-04-01
139444497,62025,,300000.0,2025-04-01
139463416,22025,,90000.0,2025-04-01
139455843,12026,,239452.31,2025-04-01
139442140,122025,,508186.54,2025-04-01
139451006,122025,,275072.16,2025-04-01
139439835,12025,,615000.0,2025-04-01
139462495,92025,,563854.38,2025-04-01
139439972,22025,,213000.0,2025-04-01
139436756,122025,,274066.68,2025-04-01
139446265,82025,,727531.13,2025-04-01
139435928,32026,,71275.54,2025-04-01
139448250,102025,,166551.65,2025-04-01
139457734,22025,,799000.0,2025-04-01
139438911,112025,,310046.51,2025-04-01
139449601,22025,,554000.0,2025-04-01
139458085,22025,,465000.0,2025-04-01
139438022,72025,,285000.0,2025-04-01
139460978,12025,,381000.0,2025-04-01
139459463,112025,,190483.89,2025-04-01
139436945,32025,,75000.0,2025-04-01
139464246,42025,,296000.0,2025-04-01
139443015,12025,,380000.0,2025-04-01
139461881,32025,,368000.0,2025-04-01
139461260,22025,,303000.0,2025-04-01
139469851,82025,,618000.0,2025-04-01
139465241,32026,,307620.95,2025-04-01
139462327,112025,,329833.0,2025-04-01
139441277,82025,,263881.96,2025-04-01
139438046,82025,,50000.0,2025-04-01
139469618,72025,,159000.0,2025-04-01
139448419,22025,,215000.0,2025-04-01
139447658,92025,,198360.88,2025-04-01
139436743,102025,,174638.39,2025-04-01
139466359,22026,,580106.51,2025-04-01
139439426,12025,,181000.0,2025-04-01
139467030,32026,,111240.12,2025-04-01
139451276,12026,,767390.27,2025-04-01
139466144,82025,,0.0,2025-04-01
139465720,32026,,402650.43,2025-04-01
139442676,72025,,318227.24,2025-04-01
139461802,32025,,292000.0,2025-04-01
139460063,52025,,139000.0,2025-04-01
139455131,22026,,252728.11,2025-04-01
139451880,42025,,583000.0,2025-04-01
139466480,122025,,360453.59,2025-04-01
139436012,102025,,84104.94,2025-04-01
139470235,82025,,321596.94,2025-04-01
139444467,22025,,53000.0,2025-04-01
139450268,22025,,88000.0,2025-04-01
139443834,102025,,273263.44,2025-04-01
139468177,52025,,100000.0,2025-04-01
139438194,72025,,265000.0,2025-04-01
139445725,42025,,121000.0,2025-04-01
139458145,82025,,268975.89,2025-04-01
139446232,12026,,177865.67,2025-04-01
139450679,92025,,794056.37,2025-04-01
139462130,42025,,278000.0,2025-04-01
139438981,92025,,348157.05,2025-04-01
139462349,92025,,737243.68,2025-04-01
139447992,72025,,60000.0,2025-04-01
139447541,72025,,328024.64,2025-04-01
139456884,22026,,68186.38,2025-04-01
139467063,62025,,798000.0,2025-04-01
139452567,52025,,169000.0,2025-04-01
139444529,62025,,331000.0,2025-04-01
139461773,12025,,570000.0,2025-04-01
139468714,12026,,233791.8,2025-04-01
139469215,62025,,398000.0,2025-04-01
139465268,12025,,75000.0,2025-04-01
139458525,22025,,255000.0,2025-04-01
139464119,122025,,369968.98,2025-04-01
139463859,52025,,542000.0,2025-04-01
139436207,122025,,225956.63,2025-04-01
139459998,102025,,212151.92,2025-04-01
139443289,122025,,163396.74,2025-04-01
139458423,22025,,282000.0,2025-04-01
139456715,12026,,295296.1,2025-04-01
139450035,72025,,69000.0,2025-04-01
139454252,92025,,761493.22,2025-04-01
139441364,12025,,481000.0,2025-04-01
139451728,12025,,76000.0,2025-04-01
139453304,82025,,451580.39,2025-04-01
139467964,12025,,275000.0,2025-04-01
139464983,82025,,588098.99,2025-04-01
139454238,102025,,168389.14,2025-04-01
139461824,52025,,155000.0,2025-04-01
139469026,102025,,547359.69,2025-04-01
139461352,22026,,466269.08,2025-04-01
139465992,92025,,427319.64,2025-04-01
139437648,12026,,476984.63,2025-04-01
139450037,72025,,1038438.27,2025-04-01
139442679,22025,,430000.0,2025-04-01
139457552,52025,,221000.0,2025-04-01
139466247,32026,,184726.73,2025-04-01
139452369,112025,,347636.52,2025-04-01
139469489,112025,,741554.41,2025-04-01
139460157,72025,,496661.7,2025-04-01
139441156,22025,,63000.0,2025-04-01
139463033,32026,,494828.04,2025-04-01
139467774,12025,,136000.0,2025-04-01
139461430,52025,,25000.0,2025-04-01
139456738,122025,,691120.16,2025-04-01
139452464,12025,,255000.0,2025-04-01
139448686,82025,,410538.69,2025-04-01
139465044,112025,,255409.58,2025-04-01
139469457,22025,,257000.0,2025-04-01
139457301,122025,,232285.03,2025-04-01
139459338,42025,,146000.0,2025-04-01
139449423,62025,,100000.0,2025-04-01
139464097,72025,,231000.0,2025-04-01
139443997,112025,,682717.66,2025-04-01
139446344,32026,,413016.08,2025-04-01
139462460,12026,,617935.8,2025-04-01
139436372,122025,,326250.52,2025-04-01
139463024,12025,,475000.0,2025-04-01
139450551,62025,,225000.0,2025-04-01
139444062,122025,,689318.06,2025-04-01
139466379,32026,,422874.89,2025-04-01
139462409,72025,,196000.0,2025-04-01
139440153,42025,,382000.0,2025-04-01
139463820,32026,,372133.64,2025-04-01
139460769,122025,,433410.93,2025-04-01
139465940,62025,,112000.0,2025-04-01
139450232,22025,,654000.0,2025-04-01
139458035,72025,,251000.0,2025-04-01
139469791,82025,,381000.0,2025-04-01
139458582,122025,,283845.71,2025-04-01
139458200,42025,,494000.0,2025-04-01
139437277,12025,,100000.0,2025-04-01
139458006,52025,,147000.0,2025-04-01
139465460,42025,,547000.0,2025-04-01
139447377,22026,,376355.64,2025-04-01
139457955,102025,,434739.98,2025-04-01
139439908,112025,,148546.58,2025-04-01
139445191,62025,,265000.0,2025-04-01
139460472,82025,,224014.45,2025-04-01
139437389,122025,,347269.62,2025-04-01
139438756,32025,,391000.0,2025-04-01
139462985,112025,,49187.91,2025-04-01
139436966,52025,,203000.0,2025-04-01
139456183,62025,,196212.29,2025-04-01
139450761,92025,,129312.28,2025-04-01
139452588,112025,,381080.57,2025-04-01
139441121,32026,,167102.51,2025-04-01
139445494,22026,,163066.59,2025-04-01
139438219,102025,,145039.62,2025-04-01
139439192,62025,,0.0,2025-04-01
139460977,62025,,535000.0,2025-04-01
139458012,102025,,383482.52,2025-04-01
139466059,122025,,196036.58,2025-04-01
139437950,12025,,190000.0,2025-04-01
139464015,102025,,287862.6,2025-04-01
139444492,82025,,184204.82,2025-04-01
139467976,12026,,755088.69,2025-04-01
139443305,52025,,262000.0,2025-04-01
139435724,42025,,250000.0,2025-04-01
139457760,52025,,276000.0,2025-04-01
139454081,82025,,858945.01,2025-04-01
139450382,42025,,197000.0,2025-04-01
139468040,82025,,776643.32,2025-04-01
139445620,32025,,532000.0,2025-04-01
139459418,22025,,339000.0,2025-04-01
139469042,22026,,376810.4,2025-04-01
139459903,62025,,342000.0,2025-04-01
139450441,22026,,291408.97,2025-04-01
139460029,12026,,192672.43,2025-04-01
139438033,12025,,691000.0,2025-04-01
139441966,42025,,165000.0,2025-04-01
139461127,22025,,81000.0,2025-04-01
139456979,22026,,178800.7,2025-04-01
139438812,32025,,119000.0,2025-04-01
139468726,12026,,176255.01,2025-04-01
139454476,62025,,419000.0,2025-04-01
139455433,12026,,320107.62,2025-04-01
139436666,22025,,254000.0,2025-04-01
139440655,52025,,160000.0,2025-04-01
139454373,62025,,597000.0,2025-04-01
139463492,22026,,60746.41,2025-04-01
139452197,12025,,548000.0,2025-04-01
139438742,82025,,146000.0,2025-04-01
139449516,82025,,219245.16,2025-04-01
139439395,122025,,242353.8,2025-04-01
139449193,42025,,502000.0,2025-04-01
139464459,52025,,230000.0,2025-04-01
139464186,62025,,99000.0,2025-04-01
139453153,12025,,356000.0,2025-04-01
139462719,42025,,482000.0,2025-04-01
139451192,122025,,486466.59,2025-04-01
139455506,22026,,166897.12,2025-04-01
139438138,122025,,619108.65,2025-04-01
139454843,12026,,350790.71,2025-04-01
139443698,62025,,221000.0,2025-04-01
139450846,102025,,832758.26,2025-04-01
139457348,12025,,210000.0,2025-04-01
139456338,22026,,87688.39,2025-04-01
139457923,42025,,405000.0,2025-04-01
139458594,112025,,133739.62,2025-04-01
139466038,92025,,649120.63,2025-04-01
139464680,42025,,214000.0,2025-04-01
139452896,12025,,291000.0,2025-04-01
139436129,32025,,257000.0,2025-04-01
139436847,22026,,113764.17,2025-04-01
139465645,112025,,199315.03,2025-04-01
139470213,42025,,160000.0,2025-04-01
139454928,62025,,453000.0,2025-04-01
139438922,32026,,210316.16,2025-04-01
139463338,62025,,188000.0,2025-04-01
139461212,92025,,476781.09,2025-04-01
139459303,22026,,290676.19,2025-04-01
139469252,12025,,225000.0,2025-04-01
139445633,122025,,178035.33,2025-04-01
139444868,102025,,404396.94,2025-04-01
139446555,122025,,534125.77,2025-04-01
139440378,102025,,795286.82,2025-04-01
139448514,32026,,39611.02,2025-04-01
139441545,62025,,314000.0,2025-04-01
139441531,102025,,133947.79,2025-04-01
139460606,12026,,300475.08,2025-04-01
139440261,62025,,169000.0,2025-04-01
139462771,22025,,258000.0,2025-04-01
139445584,92025,,270619.52,2025-04-01
139459549,52025,,605000.0,2025-04-01
139460749,12026,,440200.36,2025-04-01
139440260,112025,,234476.48,2025-04-01
139439569,72025,,291000.0,2025-04-01
139445931,32026,,173240.32,2025-04-01
139453317,32026,,685032.47,2025-04-01
139454803,12026,,71300.99,2025-04-01
139454384,72025,,447000.0,2025-04-01
139459658,42025,,408000.0,2025-04-01
139466502,32026,,204152.16,2025-04-01
139469467,102025,,56627.66,2025-04-01
139460994,22025,,499000.0,2025-04-01
139457927,32025,,60000.0,2025-04-01
139439957,112025,,170742.64,2025-04-01
139466465,102025,,137851.83,2025-04-01
139461705,112025,,40957.6,2025-04-01
139435963,62025,,517000.0,2025-04-01
139437331,112025,,551682.77,2025-04-01
139452115,62025,,69000.0,2025-04-01
139456817,72025,,143000.0,2025-04-01
139440662,32025,,654000.0,2025-04-01
139440594,92025,,339560.48,2025-04-01
139446854,32025,,623000.0,2025-04-01
139459170,62025,,343000.0,2025-04-01
139444577,12026,,387593.81,2025-04-01
139457391,22025,,224000.0,2025-04-01
139456889,82025,,143000.0,2025-04-01
139444939,102025,,95809.72,2025-04-01
139435628,72025,,485146.97,2025-04-01
139437076,12025,,671000.0,2025-04-01
139438890,112025,,174157.28,2025-04-01
139439194,52025,,119000.0,2025-04-01
139439463,62025,,491000.0,2025-04-01
139437938,82025,,351842.31,2025-04-01
139464954,32026,,150992.67,2025-04-01
139444786,82025,,249919.99,2025-04-01
139448365,22025,,500000.0,2025-04-01
139470026,82025,,604442.8,2025-04-01
139458760,32025,,200000.0,2025-04-01
139470130,32026,,217176.29,2025-04-01
139437896,102025,,136048.69,2025-04-01
139468735,32025,,359000.0,2025-04-01
139451798,72025,,185000.0,2025-04-01
139459611,42025,,189000.0,2025-04-01
139437965,22026,,262738.26,2025-04-01
139451681,12025,,423000.0,2025-04-01
139445290,72025,,287002.41,2025-04-01
139455589,62025,,195000.0,2025-04-01
139437894,62025,,304000.0,2025-04-01
139451051,22025,,100000.0,2025-04-01
139459654,12025,,238000.0,2025-04-01
139446659,122025,,226669.24,2025-04-01
139445603,122025,,213691.7,2025-04-01
139451048,52025,,258000.0,2025-04-01
139464619,12026,,336001.52,2025-04-01
139450163,32025,,299000.0,2025-04-01
139455362,22026,,287791.5,2025-04-01
139468269,82025,,325000.0,2025-04-01
139460613,32026,,182846.5,2025-04-01
139466756,42025,,364000.0,2025-04-01
139441153,42025,,299000.0,2025-04-01
139466174,112025,,202431.63,2025-04-01
139456385,122025,,569124.73,2025-04-01
139461685,42025,,274000.0,2025-04-01
139438771,72025,,175986.34,2025-04-01
139459010,42025,,332000.0,2025-04-01
139439097,92025,,472673.93,2025-04-01
139457754,62025,,415000.0,2025-04-01
139438295,112025,,61526.64,2025-04-01
139461965,22025,,807000.0,2025-04-01
139468331,92025,,407029.0,2025-04-01
139438950,12026,,175815.98,2025-04-01
139437236,122025,,452063.75,2025-04-01
139456310,12026,,251594.64,2025-04-01
139454192,12026,,0.0,2025-04-01
139455935,12025,,450000.0,2025-04-01
139460534,22025,,599000.0,2025-04-01
139462437,102025,,148920.54,2025-04-01
139449582,52025,,175000.0,2025-04-01
139440726,92025,,94299.83,2025-04-01
139470014,62025,,283000.0,2025-04-01
139466029,82025,,608922.75,2025-04-01
139457915,52025,,145000.0,2025-04-01
139456234,22025,,141000.0,2025-04-01
139449503,12025,,323000.0,2025-04-01
139461238,82025,,77410.85,2025-04-01
139459334,52025,,309000.0,2025-04-01
139453412,52025,,189000.0,2025-04-01
139455975,102025,,714821.07,2025-04-01
139459794,72025,,461000.0,2025-04-01
139440396,122025,,339568.69,2025-04-01
139438676,22026,,318687.41,2025-04-01
139439482,72025,,281840.51,2025-04-01
139444993,12025,,369000.0,2025-04-01
139465523,112025,,221299.4,2025-04-01
139436781,32026,,202420.22,2025-04-01
139447081,82025,,159210.89,2025-04-01
139453715,42025,,392000.0,2025-04-01
139451576,42025,,386000.0,2025-04-01
139468760,32025,,655000.0,2025-04-01
139438685,32026,,234418.87,2025-04-01
139463298,72025,,134000.0,2025-04-01
139460141,22026,,553807.44,2025-04-01
139463355,32025,,190000.0,2025-04-01
139470060,92025,,248021.0,2025-04-01
139465595,32026,,120630.17,2025-04-01
139450785,112025,,256734.85,2025-04-01
139461253,122025,,422847.2,2025-04-01
139436999,52025,,667000.0,2025-04-01
139461703,32025,,163000.0,2025-04-01
139461223,32026,,80476.76,2025-04-01
139459986,32025,,303000.0,2025-04-01
139464934,82025,,198995.89,2025-04-01
139447260,92025,,229448.48,2025-04-01
139447200,32025,,140000.0,2025-04-01
139453826,12026,,354147.39,2025-04-01
139437122,92025,,322546.6,2025-04-01
139468422,22026,,227678.8,2025-04-01
139469000,12026,,517014.28,2025-04-01
139465623,22026,,167203.32,2025-04-01
139452091,122025,,169779.56,2025-04-01
139438936,22026,,176749.14,2025-04-01
139468179,102025,,355250.17,2025-04-01
139438020,12025,,372000.0,2025-04-01
139444139,42025,,184000.0,2025-04-01
139464144,92025,,223653.85,2025-04-01
139436712,72025,,316913.8,2025-04-01
139462290,32026,,553628.91,2025-04-01
139449823,72025,,139000.0,2025-04-01
139445762,12026,,246964.55,2025-04-01
139457603,72025,,225000.0,2025-04-01
139448573,72025,,151000.0,2025-04-01
139468812,32026,,32937.46,2025-04-01
139460447,52025,,224000.0,2025-04-01
139449903,32026,,206179.55,2025-04-01
139451541,12025,,277000.0,2025-04-01
139444164,22025,,394000.0,2025-04-01
139443515,42025,,75000.0,2025-04-01
139459431,12026,,184628.46,2025-04-01
139467999,22025,,399000.0,2025-04-01
139467934,12026,,135555.73,2025-04-01
139452621,112025,,202489.11,2025-04-01
139440036,32025,,534000.0,2025-04-01
139453908,32026,,98011.15,2025-04-01
139456201,32025,,729000.0,2025-04-01
139436410,32026,,543541.88,2025-04-01
139451658,62025,,313816.87,2025-04-01
139449990,12025,,423000.0,2025-04-01
139445136,92025,,79575.7,2025-04-01
139453237,102025,,168586.47,2025-04-01
139441977,102025,,185158.96,2025-04-01
139448816,102025,,404569.16,2025-04-01
139457527,112025,,107135.8,2025-04-01
139452306,32026,,261592.76,2025-04-01
139459218,102025,,420759.6,2025-04-01
139465419,62025,,60000.0,2025-04-01
139458316,12025,,140000.0,2025-04-01
139444203,12026,,608999.22,2025-04-01
139452842,92025,,49741.78,2025-04-01
139438763,122025,,0.0,2025-04-01
139443288,12026,,200903.65,2025-04-01
139457683,32025,,440000.0,2025-04-01
139462683,12025,,228000.0,2025-04-01
139461053,122025,,148865.44,2025-04-01
139442832,72025,,274000.0,2025-04-01
139438869,32026,,400000.0,2025-04-01
139446370,12025,,450000.0,2025-04-01
139436286,112025,,799435.88,2025-04-01
139445585,42025,,56000.0,2025-04-01
139469525,102025,,148692.0,2025-04-01
139464356,82025,,515947.51,2025-04-01
139467745,92025,,169769.47,2025-04-01
139469243,22025,,295000.0,2025-04-01
139463896,22025,,298000.0,2025-04-01
139442553,92025,,513541.44,2025-04-01
139458059,52025,,269000.0,2025-04-01
139468660,42025,,755000.0,2025-04-01
139443604,72025,,425000.0,2025-04-01
139464481,62025,,463000.0,2025-04-01
139464338,62025,,257000.0,2025-04-01
139437077,52025,,447000.0,2025-04-01
139450133,32025,,598000.0,2025-04-01
139459185,62025,,223000.0,2025-04-01
139449551,82025,,795299.34,2025-04-01
139437654,12026,,375157.8,2025-04-01
139438669,72025,,429000.0,2025-04-01
139447952,32026,,270446.35,2025-04-01
139447163,22026,,141593.64,2025-04-01
139468262,42025,,199000.0,2025-04-01
139444057,102025,,333076.75,2025-04-01
139467369,112025,,322740.51,2025-04-01
139438398,62025,,169000.0,2025-04-01
139467101,122025,,160304.98,2025-04-01
139458506,112025,,92172.98,2025-04-01
139445916,62025,,299000.0,2025-04-01
139463478,92025,,241685.29,2025-04-01
139465255,22026,,591059.51,2025-04-01
139464471,112025,,104048.52,2025-04-01
139441012,32026,,287721.86,2025-04-01
139440432,22026,,151298.81,2025-04-01
139438523,12025,,299000.0,2025-04-01
139450641,32025,,419000.0,2025-04-01
139439531,32025,,100000.0,2025-04-01
139445554,12026,,0.0,2025-04-01
139464807,112025,,798848.14,2025-04-01
139454367,22026,,183201.44,2025-04-01
139465229,82025,,197055.47,2025-04-01
139448050,112025,,405339.59,2025-04-01
139459637,22025,,764000.0,2025-04-01
139440628,22026,,311124.55,2025-04-01
139436190,42025,,240000.0,2025-04-01
139443703,32026,,670685.33,2025-04-01
139459579,82025,,318146.61,2025-04-01
139445511,42025,,268000.0,2025-04-01
139465211,92025,,713801.59,2025-04-01
139461749,92025,,635509.76,2025-04-01
139468088,32025,,246000.0,2025-04-01
139469002,42025,,240000.0,2025-04-01
139467729,92025,,622778.37,2025-04-01
139447722,32025,,176000.0,2025-04-01
139462530,62025,,369000.0,2025-04-01
139444502,32026,,533348.84,2025-04-01
139442687,92025,,242306.83,2025-04-01
139447833,92025,,261651.32,2025-04-01
139447905,42025,,1144000.0,2025-04-01
139460401,12025,,247000.0,2025-04-01
139439390,12025,,361000.0,2025-04-01
139455181,72025,,381000.0,2025-04-01
139451141,72025,,768000.0,2025-04-01
139437079,122025,,726747.38,2025-04-01
139440652,12026,,259377.45,2025-04-01
139440243,122025,,247398.59,2025-04-01
139444156,72025,,359000.0,2025-04-01
139454431,72025,,223000.0,2025-04-01
139443764,82025,,109221.82,2025-04-01
139435721,32025,,267000.0,2025-04-01
139466268,32025,,469000.0,2025-04-01
139439276,52025,,350000.0,2025-04-01
139436396,42025,,489000.0,2025-04-01
139469219,12026,,252409.19,2025-04-01
139460537,22025,,764000.0,2025-04-01
139460131,32026,,586646.72,2025-04-01
139444412,22025,,279000.0,2025-04-01
139454238,42025,,169000.0,2025-04-01
139461262,22025,,516000.0,2025-04-01
139465847,112025,,446525.09,2025-04-01
139464032,82025,,786414.24,2025-04-01
139462852,32025,,594000.0,2025-04-01
139446908,22025,,646000.0,2025-04-01
139449068,112025,,316028.14,2025-04-01
139456701,32025,,409000.0,2025-04-01
139469121,62025,,418000.0,2025-04-01
139447363,72025,,222377.71,2025-04-01
139470106,52025,,519000.0,2025-04-01
139436369,32026,,183741.58,2025-04-01
139457321,32026,,492363.5,2025-04-01
139459607,122025,,498725.62,2025-04-01
139447936,32026,,178152.23,2025-04-01
139450619,22025,,175000.0,2025-04-01
139464984,102025,,535489.38,2025-04-01
139443429,62025,,395000.0,2025-04-01
139450160,92025,,340052.48,2025-04-01
139440051,22026,,214414.71,2025-04-01
139449474,42025,,0.0,2025-04-01
139467062,52025,,145000.0,2025-04-01
139462307,42025,,316000.0,2025-04-01
139467292,122025,,444031.88,2025-04-01
139469487,52025,,673000.0,2025-04-01
139463243,22025,,414000.0,2025-04-01
139444972,62025,,412000.0,2025-04-01
139438335,52025,,383000.0,2025-04-01
139451802,52025,,53000.0,2025-04-01
139444098,52025,,218000.0,2025-04-01
139440793,42025,,146000.0,2025-04-01
139449606,52025,,262000.0,2025-04-01
139447647,112025,,142728.24,2025-04-01
139446375,12025,,252000.0,2025-04-01
139435795,82025,,256263.84,2025-04-01
139457622,112025,,170193.06,2025-04-01
139448020,12025,,334000.0,2025-04-01
139466864,82025,,54620.0,2025-04-01
139462442,62025,,76000.0,2025-04-01
139460454,12026,,712153.16,2025-04-01
139444561,72025,,509000.0,2025-04-01
139446203,72025,,360000.0,2025-04-01
139448927,122025,,404119.66,2025-04-01
139466927,122025,,229874.24,2025-04-01
139448423,102025,,0.0,2025-04-01
139463001,22026,,0.0,2025-04-01
139445495,22026,,266289.35,2025-04-01
139443521,32026,,158137.82,2025-04-01
139449943,32025,,327000.0,2025-04-01
139457837,42025,,799000.0,2025-04-01
139451785,52025,,295000.0,2025-04-01
139444761,122025,,202109.37,2025-04-01
139465430,12025,,195000.0,2025-04-01
139462237,82025,,227842.23,2025-04-01
139440721,92025,,272654.02,2025-04-01
139438063,42025,,626000.0,2025-04-01
139451625,42025,,233000.0,2025-04-01
139437226,12025,,179000.0,2025-04-01
139460641,32025,,213000.0,2025-04-01
139459243,72025,,154000.0,2025-04-01
139465007,112025,,364823.44,2025-04-01
139462201,92025,,214290.17,2025-04-01
139450274,92025,,443790.35,2025-04-01
139445575,32026,,395774.07,2025-04-01
139450632,32026,,366074.73,2025-04-01
139443051,12025,,370000.0,2025-04-01
139445971,92025,,183265.18,2025-04-01
139467008,42025,,249000.0,2025-04-01
139445935,32025,,654000.0,2025-04-01
139440747,22026,,114814.56,2025-04-01
139468852,22025,,252000.0,2025-04-01
139458691,12025,,427000.0,2025-04-01
139447158,22026,,197628.55,2025-04-01
139442078,12026,,335661.84,2025-04-01
139440534,52025,,223000.0,2025-04-01
139468408,92025,,403890.84,2025-04-01
139439167,52025,,183000.0,2025-04-01
139466824,72025,,392000.0,2025-04-01
139454278,82025,,239579.53,2025-04-01
139444951,32026,,197885.35,2025-04-01
139458330,92025,,337271.54,2025-04-01
139442471,72025,,198035.73,2025-04-01
139466586,22025,,175000.0,2025-04-01
139443825,112025,,0.0,2025-04-01
139451641,72025,,481000.0,2025-04-01
139440207,32025,,155000.0,2025-04-01
139436230,12025,,1034000.0,2025-04-01
139463871,22025,,359000.0,2025-04-01
139452666,92025,,366695.7,2025-04-01
139456045,52025,,795000.0,2025-04-01
139451127,72025,,337178.83,2025-04-01
139447311,112025,,464708.77,2025-04-01
139437819,12025,,90000.0,2025-04-01
139455852,82025,,208743.6,2025-04-01
139464719,102025,,504945.94,2025-04-01
139437917,102025,,308183.07,2025-04-01
139452736,52025,,199000.0,2025-04-01
139439936,72025,,502000.0,2025-04-01
139451113,12026,,756850.67,2025-04-01
139449469,102025,,580090.57,2025-04-01
139462693,42025,,761000.0,2025-04-01
139463448,72025,,90000.0,2025-04-01
139462186,12025,,278000.0,2025-04-01
139440129,102025,,277321.23,2025-04-01
139446584,102025,,970039.92,2025-04-01
139469831,22025,,154000.0,2025-04-01
139437527,12026,,173541.27,2025-04-01
139449439,12026,,260011.15,2025-04-01
139444195,82025,,246051.98,2025-04-01
139436651,102025,,97600.28,2025-04-01
139445521,22026,,306214.92,2025-04-01
139451924,32026,,789231.89,2025-04-01
139465041,12025,,399000.0,2025-04-01
139452584,72025,,192000.0,2025-04-01
139449628,12026,,230198.0,2025-04-01
139445074,82025,,419051.99,2025-04-01
139439295,42025,,313000.0,2025-04-01
139439826,52025,,426000.0,2025-04-01
139447986,12026,,459022.41,2025-04-01
139448374,102025,,538740.43,2025-04-01
139463598,72025,,157000.0,2025-04-01
139448420,122025,,222612.07,2025-04-01
139450458,42025,,798000.0,2025-04-01
139449051,62025,,315000.0,2025-04-01
139446822,62025,,677000.0,2025-04-01
139438912,102025,,198486.64,2025-04-01
139458585,12026,,313084.43,2025-04-01
139463721,22026,,133399.25,2025-04-01
139463387,12026,,162216.64,2025-04-01
139452628,22026,,568018.48,2025-04-01
139468689,52025,,143000.0,2025-04-01
139469006,32026,,65663.73,2025-04-01
139443125,32026,,473306.9,2025-04-01
139445197,62025,,984000.0,2025-04-01
139451339,12025,,403000.0,2025-04-01
139467084,122025,,238298.69,2025-04-01
139448093,62025,,293000.0,2025-04-01
139466371,32025,,313000.0,2025-04-01
139444260,92025,,141939.86,2025-04-01
139459976,72025,,239000.0,2025-04-01
139452845,72025,,425000.0,2025-04-01
139457515,82025,,427029.25,2025-04-01
139437561,102025,,266792.82,2025-04-01
139462016,122025,,483780.07,2025-04-01
139448679,62025,,224000.0,2025-04-01
139451187,12025,,473000.0,2025-04-01
139445478,102025,,555970.2,2025-04-01
139444199,102025,,68214.44,2025-04-01
139467678,72025,,627000.0,2025-04-01
139452292,22025,,350000.0,2025-04-01
139458220,92025,,418977.06,2025-04-01
139452103,42025,,167000.0,2025-04-01
139470130,92025,,218335.38,2025-04-01
139444091,122025,,99171.17,2025-04-01
139444847,12025,,398000.0,2025-04-01
139462338,22026,,180670.84,2025-04-01
139457718,62025,,781000.0,2025-04-01
139440191,122025,,106120.33,2025-04-01
139460759,42025,,483000.0,2025-04-01
139446643,112025,,332978.56,2025-04-01
139439637,12025,,200000.0,2025-04-01
139453036,22026,,162008.62,2025-04-01
139455118,32025,,651000.0,2025-04-01
139469771,102025,,276236.92,2025-04-01
139449789,32026,,107386.97,2025-04-01
139448505,122025,,561918.17,2025-04-01
139442929,42025,,230000.0,2025-04-01
139438038,42025,,296000.0,2025-04-01
139464849,12026,,419855.49,2025-04-01
139445251,22025,,320000.0,2025-04-01
139446811,22026,,111166.03,2025-04-01
139445013,112025,,162627.72,2025-04-01
139468832,12026,,631857.79,2025-04-01
139467286,22026,,473844.92,2025-04-01
139441803,82025,,332732.73,2025-04-01
139469696,22025,,293000.0,2025-04-01
139454203,12025,,245000.0,2025-04-01
139464124,12026,,153403.1,2025-04-01
139439435,22025,,550000.0,2025-04-01
139442968,72025,,793928.4,2025-04-01
139456697,92025,,99280.4,2025-04-01
139439334,62025,,803000.0,2025-04-01
139452662,72025,,98000.0,2025-04-01
139446347,32025,,34000.0,2025-04-01
139461278,102025,,589209.88,2025-04-01
139458066,112025,,371112.6,2025-04-01
139443719,52025,,126000.0,2025-04-01
139441605,122025,,418247.28,2025-04-01
139446388,52025,,240000.0,2025-04-01
139448428,72025,,342000.0,2025-04-01
139454721,92025,,432931.89,2025-04-01
139463902,22025,,118000.0,2025-04-01
139468865,82025,,99385.58,2025-04-01
139468198,42025,,168000.0,2025-04-01
139468580,122025,,249337.9,2025-04-01
139467628,102025,,150766.07,2025-04-01
139436851,12025,,199000.0,2025-04-01
139462153,12026,,109239.19,2025-04-01
139441592,62025,,280000.0,2025-04-01
139456344,32025,,112000.0,2025-04-01
139443793,62025,,139000.0,2025-04-01
139447433,12025,,219000.0,2025-04-01
139451411,122025,,165339.9,2025-04-01
139454866,32025,,305000.0,2025-04-01
139448436,12025,,424000.0,2025-04-01
139463336,112025,,292273.25,2025-04-01
139462186,32025,,0.0,2025-04-01
139469157,112025,,304387.61,2025-04-01
139446611,82025,,605000.0,2025-04-01
139463575,22026,,0.0,2025-04-01
139453563,12025,,293000.0,2025-04-01
139438666,92025,,509904.05,2025-04-01
139452619,102025,,342342.91,2025-04-01
139449201,122025,,557420.52,2025-04-01
139459053,32025,,431000.0,2025-04-01
139436817,112025,,568079.44,2025-04-01
139465072,52025,,166000.0,2025-04-01
139439436,112025,,257461.63,2025-04-01
139449766,22026,,291371.32,2025-04-01
139462199,82025,,1180358.93,2025-04-01
139452120,122025,,394986.92,2025-04-01
139448788,12025,,146000.0,2025-04-01
139449903,92025,,207851.96,2025-04-01
139439104,102025,,475855.34,2025-04-01
139468457,32026,,477255.89,2025-04-01
139439399,72025,,361580.7,2025-04-01
139437767,72025,,296000.0,2025-04-01
139439966,102025,,119048.92,2025-04-01
139446430,12026,,100788.59,2025-04-01
139438734,92025,,439645.45,2025-04-01
139443295,22025,,292000.0,2025-04-01
139461819,12026,,245590.51,2025-04-01
139457448,22026,,383118.94,2025-04-01
139444389,22025,,199000.0,2025-04-01
139442728,32026,,142088.88,2025-04-01
139451611,122025,,190166.28,2025-04-01
139465026,32025,,85000.0,2025-04-01
139465058,12025,,672000.0,2025-04-01
139443772,32026,,192837.6,2025-04-01
139467521,22025,,100000.0,2025-04-01
139439997,22025,,264000.0,2025-04-01
139462765,92025,,262054.14,2025-04-01
139452507,52025,,544000.0,2025-04-01
139458000,72025,,187000.0,2025-04-01
139460031,72025,,455316.29,2025-04-01
139437718,112025,,261549.52,2025-04-01
139452784,32026,,355286.66,2025-04-01
139453793,112025,,541183.18,2025-04-01
139467931,12025,,145000.0,2025-04-01
139452482,22026,,991004.68,2025-04-01
139461388,102025,,261333.5,2025-04-01
139442599,92025,,155235.62,2025-04-01
139452387,12025,,550000.0,2025-04-01
139443111,32025,,150000.0,2025-04-01
139448485,112025,,470679.67,2025-04-01
139442510,22026,,344531.04,2025-04-01
139440490,12025,,432000.0,2025-04-01
139441628,72025,,404091.88,2025-04-01
139439138,32025,,208000.0,2025-04-01
139468937,82025,,194000.0,2025-04-01
139469444,32026,,87284.7,2025-04-01
139444192,22025,,310000.0,2025-04-01
139463687,12025,,285000.0,2025-04-01
139439494,52025,,378000.0,2025-04-01
139445709,112025,,108696.72,2025-04-01
139448632,32026,,194252.2,2025-04-01
139459099,42025,,516000.0,2025-04-01
139469846,42025,,577000.0,2025-04-01
139448229,112025,,296630.83,2025-04-01
139453422,102025,,213415.38,2025-04-01
139448401,112025,,671959.69,2025-04-01
139438955,22025,,431000.0,2025-04-01
139439916,12026,,244026.22,2025-04-01
139457196,32025,,566000.0,2025-04-01
139463073,122025,,361956.64,2025-04-01
139461327,102025,,438546.87,2025-04-01
139464416,22026,,464744.71,2025-04-01
139443247,32026,,214600.28,2025-04-01
139465072,12026,,165061.96,2025-04-01
139464971,62025,,386000.0,2025-04-01
139438373,112025,,475980.03,2025-04-01
139461958,112025,,403043.59,2025-04-01
139467842,32026,,434365.74,2025-04-01
139439608,12025,,171000.0,2025-04-01
139436382,72025,,611000.0,2025-04-01
139442331,32026,,418190.33,2025-04-01
139443301,82025,,236056.27,2025-04-01
139453649,112025,,531398.6,2025-04-01
139437671,102025,,461389.2,2025-04-01
139436483,42025,,525000.0,2025-04-01
139449514,32025,,313000.0,2025-04-01
139447464,62025,,119009.06,2025-04-01
139436373,52025,,391000.0,2025-04-01
139461673,12026,,187926.2,2025-04-01
139467549,52025,,267000.0,2025-04-01
139460116,32025,,258000.0,2025-04-01
139452795,22026,,314072.87,2025-04-01
139467576,82025,,187787.18,2025-04-01
139465873,22026,,393319.31,2025-04-01
139441025,112025,,460162.0,2025-04-01
139464864,62025,,189000.0,2025-04-01
139469317,82025,,260815.19,2025-04-01
139441366,92025,,234588.06,2025-04-01
139458771,12026,,159483.78,2025-04-01
139469650,92025,,374764.07,2025-04-01
139465319,82025,,168768.73,2025-04-01
139449129,72025,,438000.0,2025-04-01
139468115,92025,,478486.56,2025-04-01
139438523,12026,,294341.66,2025-04-01
139451935,12025,,75000.0,2025-04-01
139460638,72025,,543175.99,2025-04-01
139464025,92025,,278730.29,2025-04-01
139449256,72025,,238907.79,2025-04-01
139458864,52025,,262000.0,2025-04-01
139446755,12025,,381000.0,2025-04-01
139458829,102025,,150933.09,2025-04-01
139458521,122025,,253854.33,2025-04-01
139449903,112025,,207300.34,2025-04-01
139462264,62025,,146000.0,2025-04-01
139448829,32026,,585669.96,2025-04-01
139447765,112025,,201007.47,2025-04-01
139468527,42025,,1006000.0,2025-04-01
139460350,22025,,320000.0,2025-04-01
139469835,62025,,215000.0,2025-04-01
139449050,52025,,804000.0,2025-04-01
139447290,22026,,360083.34,2025-04-01
139468310,92025,,702619.69,2025-04-01
139447211,52025,,279000.0,2025-04-01
139448755,112025,,107906.27,2025-04-01
139441365,12026,,356430.24,2025-04-01
139448898,92025,,421867.93,2025-04-01
139468267,52025,,977000.0,2025-04-01
139438177,112025,,431899.95,2025-04-01
139453121,112025,,70712.05,2025-04-01
139466390,72025,,295000.0,2025-04-01
139461690,102025,,178503.39,2025-04-01
139459284,32026,,324383.25,2025-04-01
139469351,22026,,193505.29,2025-04-01
139469025,42025,,265000.0,2025-04-01
139466724,32025,,363000.0,2025-04-01
139436450,12026,,276470.36,2025-04-01
139452636,42025,,448000.0,2025-04-01
139462233,82025,,168000.0,2025-04-01
139439952,12026,,295991.37,2025-04-01
139446565,92025,,748531.11,2025-04-01
139463299,32025,,426000.0,2025-04-01
139465694,22026,,481339.97,2025-04-01
139444205,22026,,0.0,2025-04-01
139451978,112025,,225081.47,2025-04-01
139456990,62025,,599000.0,2025-04-01
139438094,22025,,423000.0,2025-04-01
139445321,12026,,256917.07,2025-04-01
139461713,22025,,135000.0,2025-04-01
139466208,72025,,143460.48,2025-04-01
139439777,52025,,411000.0,2025-04-01
139444402,112025,,158466.23,2025-04-01
139468769,82025,,301113.16,2025-04-01
139436268,52025,,374000.0,2025-04-01
139463188,12026,,423773.39,2025-04-01
139464527,62025,,764000.0,2025-04-01
139469579,62025,,115000.0,2025-04-01
139452479,62025,,164000.0,2025-04-01
139439679,12026,,370227.05,2025-04-01
139468226,112025,,107599.16,2025-04-01
139447244,102025,,192348.05,2025-04-01
139451005,22026,,159067.78,2025-04-01
139455509,92025,,594971.82,2025-04-01
139441527,12025,,798000.0,2025-04-01
139443251,22025,,414000.0,2025-04-01
139468547,122025,,237383.4,2025-04-01
139466715,72025,,307000.0,2025-04-01
139462157,122025,,590311.46,2025-04-01
139438629,22026,,184895.98,2025-04-01
139446683,32025,,337000.0,2025-04-01
139469324,52025,,384000.0,2025-04-01
139456569,12026,,248314.23,2025-04-01
139438355,102025,,292611.99,2025-04-01
139458246,72025,,784315.04,2025-04-01
139451653,72025,,164000.0,2025-04-01
139444290,72025,,298000.0,2025-04-01
139462799,22025,,334000.0,2025-04-01
139452950,82025,,270618.59,2025-04-01
139467711,52025,,562000.0,2025-04-01
139467277,62025,,66000.0,2025-04-01
139437929,62025,,176000.0,2025-04-01
139436862,22026,,481401.58,2025-04-01
139462749,42025,,159000.0,2025-04-01
139454466,102025,,592193.53,2025-04-01
139456247,52025,,275000.0,2025-04-01
139461655,22025,,249000.0,2025-04-01
139445918,112025,,102430.69,2025-04-01
139458256,112025,,312104.61,2025-04-01
139456345,42025,,686000.0,2025-04-01
139454255,82025,,444995.68,2025-04-01
139458248,42025,,253000.0,2025-04-01
139447892,92025,,63647.47,2025-04-01
139461308,22025,,390000.0,2025-04-01
139449085,42025,,346000.0,2025-04-01
139459596,42025,,362000.0,2025-04-01
139451891,72025,,156000.0,2025-04-01
139448023,112025,,179258.15,2025-04-01
139463008,92025,,484200.44,2025-04-01
139443206,82025,,753830.26,2025-04-01
139435723,32026,,395099.24,2025-04-01
139466981,32026,,247488.92,2025-04-01
139435942,72025,,398000.0,2025-04-01
139436228,32026,,428439.82,2025-04-01
139444520,122025,,87151.01,2025-04-01
139452963,22026,,273076.71,2025-04-01
139451696,112025,,608360.89,2025-04-01
139449097,82025,,95615.98,2025-04-01
139469648,52025,,321000.0,2025-04-01
139438736,122025,,215230.1,2025-04-01
139450054,112025,,691765.33,2025-04-01
139444399,22026,,74535.93,2025-04-01
139436114,72025,,73000.0,2025-04-01
139458372,22025,,420000.0,2025-04-01
139463158,102025,,416082.16,2025-04-01
139438227,32025,,244000.0,2025-04-01
139454020,12026,,399153.43,2025-04-01
139463567,42025,,175000.0,2025-04-01
139459865,12025,,293000.0,2025-04-01
139465810,12025,,196000.0,2025-04-01
139437453,52025,,329000.0,2025-04-01
139469564,102025,,109148.99,2025-04-01
139468598,112025,,253628.44,2025-04-01
139457195,92025,,781568.06,2025-04-01
139453743,62025,,435000.0,2025-04-01
139460134,22025,,253000.0,2025-04-01
139464331,12026,,525540.58,2025-04-01
139455119,92025,,499980.08,2025-04-01
139444042,112025,,471870.68,2025-04-01
139457490,12026,,383375.9,2025-04-01
139445329,102025,,36829.04,2025-04-01
139447198,32025,,178000.0,2025-04-01
139466594,12025,,748000.0,2025-04-01
139456494,122025,,196678.2,2025-04-01
139468803,82025,,411510.74,2025-04-01
139451102,32026,,207123.58,2025-04-01
139454813,82025,,389520.95,2025-04-01
139441993,52025,,225000.0,2025-04-01
139442395,92025,,460077.68,2025-04-01
139436558,32025,,223000.0,2025-04-01
139445446,32026,,763385.28,2025-04-01
139436321,22026,,242923.92,2025-04-01
139437084,52025,,286000.0,2025-04-01
139447649,112025,,139600.73,2025-04-01
139451889,22025,,319000.0,2025-04-01
139469302,22025,,203000.0,2025-04-01
139444207,22026,,134529.75,2025-04-01
139459323,32026,,458217.02,2025-04-01
139448656,92025,,198926.32,2025-04-01
139469485,22025,,1209000.0,2025-04-01
139465892,32026,,699947.32,2025-04-01
139453377,22025,,456000.0,2025-04-01
139458442,22025,,87000.0,2025-04-01
139438347,62025,,294000.0,2025-04-01
139456687,62025,,444000.0,2025-04-01
139457153,122025,,273179.83,2025-04-01
139436046,112025,,441624.63,2025-04-01
139459041,32025,,297000.0,2025-04-01
139459597,122025,,374393.33,2025-04-01
139448574,22026,,623033.22,2025-04-01
139436859,112025,,102670.3,2025-04-01
139446683,52025,,337000.0,2025-04-01
139470006,12025,,450000.0,2025-04-01
139455471,32026,,264129.03,2025-04-01
139469658,102025,,198486.73,2025-04-01
139449094,92025,,296229.89,2025-04-01
139442168,12026,,787839.23,2025-04-01
139457421,52025,,85000.0,2025-04-01
139459401,12025,,80000.0,2025-04-01
139444730,72025,,188982.93,2025-04-01
139456536,22026,,251259.73,2025-04-01
139455342,122025,,247293.45,2025-04-01
139459810,62025,,516000.0,2025-04-01
139466041,12026,,202243.23,2025-04-01
139446426,42025,,71000.0,2025-04-01
139435610,12026,,128546.95,2025-04-01
139444623,122025,,366558.25,2025-04-01
139467148,32025,,263000.0,2025-04-01
139437519,12025,,216000.0,2025-04-01
139437791,32026,,563556.22,2025-04-01
139447417,122025,,93651.09,2025-04-01
139463489,22026,,621670.8,2025-04-01
139442037,62025,,106000.0,2025-04-01
139451029,42025,,287000.0,2025-04-01
139442528,112025,,549589.42,2025-04-01
139467090,22025,,455000.0,2025-04-01
139441498,82025,,64564.92,2025-04-01
139440029,32025,,629000.0,2025-04-01
139438715,12025,,314000.0,2025-04-01
139462794,72025,,257000.0,2025-04-01
139446305,12026,,413598.46,2025-04-01
139449950,62025,,268000.0,2025-04-01
139452532,22026,,403135.25,2025-04-01
139451816,12026,,467006.29,2025-04-01
139445215,102025,,348844.03,2025-04-01
139441793,82025,,221400.89,2025-04-01
139451850,62025,,353000.0,2025-04-01
139441824,52025,,228000.0,2025-04-01
139441134,102025,,471972.15,2025-04-01
139441936,22026,,569265.45,2025-04-01
139469866,22025,,861000.0,2025-04-01
139452566,22025,,339000.0,2025-04-01
139442867,112025,,389141.25,2025-04-01
139453807,12025,,238000.0,2025-04-01
139449919,12025,,145000.0,2025-04-01
139440627,32025,,150000.0,2025-04-01
139458051,92025,,166847.98,2025-04-01
139463797,22025,,515000.0,2025-04-01
139443846,62025,,513000.0,2025-04-01
139440222,112025,,296934.02,2025-04-01
139443494,102025,,198376.39,2025-04-01
139445476,72025,,400578.38,2025-04-01
139445661,32026,,557640.09,2025-04-01
139470154,12026,,196920.15,2025-04-01
139437909,122025,,212833.97,2025-04-01
139449645,12025,,500000.0,2025-04-01
139452341,32025,,359000.0,2025-04-01
139454872,12025,,125000.0,2025-04-01
139451423,122025,,377583.32,2025-04-01
139461024,72025,,318000.0,2025-04-01
139442777,12025,,248000.0,2025-04-01
139463662,12025,,535000.0,2025-04-01
139456608,12026,,381895.9,2025-04-01
139467945,12025,,299000.0,2025-04-01
139453315,112025,,302867.31,2025-04-01
139443280,12026,,232554.79,2025-04-01
139461336,32025,,150000.0,2025-04-01
139444193,32026,,237440.91,2025-04-01
139446586,72025,,248000.0,2025-04-01
139452273,12026,,467684.26,2025-04-01
139444659,102025,,527060.77,2025-04-01
139466380,22026,,247898.37,2025-04-01
139463266,12025,,180000.0,2025-04-01
139435714,52025,,140000.0,2025-04-01
139457271,32026,,354113.9,2025-04-01
139454316,22025,,106000.0,2025-04-01
139453836,112025,,74419.72,2025-04-01
139461960,82025,,24000.0,2025-04-01
139469593,92025,,114211.37,2025-04-01
139445568,92025,,409507.48,2025-04-01
139435782,12025,,456000.0,2025-04-01
139441011,122025,,178981.2,2025-04-01
139462753,12026,,289241.01,2025-04-01
139455972,82025,,144586.39,2025-04-01
139457645,12026,,625047.08,2025-04-01
139461028,22026,,249614.54,2025-04-01
139457860,112025,,109715.54,2025-04-01
139458849,62025,,304000.0,2025-04-01
139450288,112025,,626699.92,2025-04-01
139447895,82025,,114000.0,2025-04-01
139466867,42025,,324000.0,2025-04-01
139468649,12026,,530594.07,2025-04-01
139439658,52025,,167000.0,2025-04-01
139461407,12026,,284270.39,2025-04-01
139444318,62025,,239000.0,2025-04-01
139465837,32025,,252000.0,2025-04-01
139458269,62025,,322000.0,2025-04-01
139448075,122025,,222982.19,2025-04-01
139457291,122025,,146179.89,2025-04-01
139468596,72025,,695000.0,2025-04-01
139444073,42025,,399000.0,2025-04-01
139437045,22026,,262332.3,2025-04-01
139440757,12026,,174933.11,2025-04-01
139453232,52025,,455000.0,2025-04-01
139455675,52025,,375000.0,2025-04-01
139461896,92025,,760353.96,2025-04-01
139455106,72025,,398000.0,2025-04-01
139446363,22026,,393454.35,2025-04-01
139447640,92025,,302131.63,2025-04-01
139467519,52025,,525000.0,2025-04-01
139455843,102025,,240272.54,2025-04-01
139444690,102025,,292680.46,2025-04-01
139457946,22025,,166000.0,2025-04-01
139467812,82025,,167017.1,2025-04-01
139436675,32025,,447000.0,2025-04-01
139443812,52025,,346000.0,2025-04-01
139468400,112025,,686646.17,2025-04-01
139443141,42025,,145000.0,2025-04-01
139458466,32026,,309870.1,2025-04-01
139465891,12026,,652444.9,2025-04-01
139468016,52025,,154000.0,2025-04-01
139466385,62025,,199000.0,2025-04-01
139465820,22025,,517000.0,2025-04-01
139439918,22026,,561144.72,2025-04-01
139464907,102025,,565391.16,2025-04-01
139456885,52025,,152000.0,2025-04-01
139441623,62025,,148000.0,2025-04-01
139445290,32026,,284631.73,2025-04-01
139436977,92025,,377130.32,2025-04-01
139448695,42025,,545000.0,2025-04-01
139465741,32025,,150000.0,2025-04-01
139450197,62025,,691000.0,2025-04-01
139441827,12025,,168000.0,2025-04-01
139453740,12026,,549377.07,2025-04-01
139443249,72025,,464000.0,2025-04-01
139439439,122025,,167142.1,2025-04-01
139437342,22026,,219611.09,2025-04-01
139451537,52025,,318000.0,2025-04-01
139469858,62025,,370000.0,2025-04-01
139438124,72025,,415000.0,2025-04-01
139452213,12026,,178035.33,2025-04-01
139462900,32025,,648000.0,2025-04-01
139465984,32025,,119000.0,2025-04-01
139458631,32025,,193000.0,2025-04-01
139457491,102025,,231680.97,2025-04-01
139450736,72025,,212658.57,2025-04-01
139468843,102025,,113506.52,2025-04-01
139466595,62025,,204000.0,2025-04-01
139439499,122025,,370760.57,2025-04-01
139435838,52025,,503000.0,2025-04-01
139456083,22026,,389045.85,2025-04-01
139440519,22026,,476734.6,2025-04-01
139463530,102025,,436595.82,2025-04-01
139438264,82025,,98702.07,2025-04-01
139455021,12026,,291785.15,2025-04-01
139444926,62025,,329000.0,2025-04-01
139452020,52025,,263000.0,2025-04-01
139445121,72025,,493000.0,2025-04-01
139442814,22026,,640552.88,2025-04-01
139454222,12026,,263547.93,2025-04-01
139452980,12025,,515000.0,2025-04-01
139463121,52025,,1145000.0,2025-04-01
139467231,112025,,530550.84,2025-04-01
139442695,32025,,162000.0,2025-04-01
139442719,22025,,166000.0,2025-04-01
139445444,82025,,127685.46,2025-04-01
139457875,42025,,295000.0,2025-04-01
139451697,42025,,409000.0,2025-04-01
139463942,12026,,254294.02,2025-04-01
139468177,112025,,99116.88,2025-04-01
139459276,42025,,224000.0,2025-04-01
139468010,32026,,184351.99,2025-04-01
139443064,82025,,211582.85,2025-04-01
139453205,42025,,280000.0,2025-04-01
139436649,112025,,153663.71,2025-04-01
139442264,112025,,363054.2,2025-04-01
139444077,22026,,316294.94,2025-04-01
139453013,12026,,348107.5,2025-04-01
139443000,22025,,193000.0,2025-04-01
139454203,12026,,242482.71,2025-04-01
139455520,12026,,165885.53,2025-04-01
139456562,22025,,129000.0,2025-04-01
139449915,42025,,399000.0,2025-04-01
139449220,22025,,212000.0,2025-04-01
139447517,12026,,129870.7,2025-04-01
139451533,92025,,265785.4,2025-04-01
139454166,92025,,236215.51,2025-04-01
139440889,112025,,239655.85,2025-04-01
139464233,12026,,147635.67,2025-04-01
139445143,102025,,266460.24,2025-04-01
139449572,22026,,0.0,2025-04-01
139469982,12026,,221496.32,2025-04-01
139441394,32025,,333000.0,2025-04-01
139444315,12025,,180000.0,2025-04-01
139443420,52025,,457000.0,2025-04-01
139456329,102025,,84309.99,2025-04-01
139461242,72025,,344000.0,2025-04-01
139449809,12025,,452000.0,2025-04-01
139449389,92025,,248323.47,2025-04-01
139446226,92025,,534343.14,2025-04-01
139443375,62025,,346000.0,2025-04-01
139469227,52025,,48000.0,2025-04-01
139460032,92025,,1004540.83,2025-04-01
139465783,102025,,414721.7,2025-04-01
139444865,12025,,275000.0,2025-04-01
139446459,92025,,111880.61,2025-04-01
139462677,102025,,341464.57,2025-04-01
139439812,72025,,523000.0,2025-04-01
139447246,62025,,80000.0,2025-04-01
139446753,62025,,100000.0,2025-04-01
139469807,122025,,55403.25,2025-04-01
139462170,12026,,204255.55,2025-04-01
139446214,12026,,560343.5,2025-04-01
139435538,52025,,414000.0,2025-04-01
139452283,42025,,368000.0,2025-04-01
139446975,112025,,190976.04,2025-04-01
139450572,112025,,68477.46,2025-04-01
139465097,102025,,93661.98,2025-04-01
139444438,22026,,1485390.61,2025-04-01
139439462,12026,,214427.02,2025-04-01
139454337,102025,,149832.36,2025-04-01
139451081,102025,,76057.9,2025-04-01
139437486,52025,,235000.0,2025-04-01
139451316,92025,,182936.14,2025-04-01
139464922,32026,,282656.2,2025-04-01
139436390,82025,,257939.33,2025-04-01
139459528,12025,,60000.0,2025-04-01
139441961,42025,,161000.0,2025-04-01
139466465,32026,,136950.81,2025-04-01
139445610,72025,,506000.0,2025-04-01
139445532,22026,,218819.52,2025-04-01
139460279,122025,,534612.18,2025-04-01
139467301,42025,,308000.0,2025-04-01
139452863,12025,,249000.0,2025-04-01
139460662,92025,,232920.45,2025-04-01
139468413,52025,,99000.0,2025-04-01
139465766,92025,,343470.26,2025-04-01
139440760,92025,,188303.63,2025-04-01
139456623,122025,,0.0,2025-04-01
139458820,82025,,431970.57,2025-04-01
139443627,12026,,460151.14,2025-04-01
139452635,22025,,102000.0,2025-04-01
139452303,112025,,321291.35,2025-04-01
139439251,32026,,409217.89,2025-04-01
139464910,102025,,180095.75,2025-04-01
139455486,52025,,311000.0,2025-04-01
139461141,42025,,498000.0,2025-04-01
139442062,82025,,178241.57,2025-04-01
139443913,52025,,164000.0,2025-04-01
139438774,112025,,144298.75,2025-04-01
139462595,112025,,281728.53,2025-04-01
139469256,72025,,87000.0,2025-04-01
139464541,72025,,246000.0,2025-04-01
139447400,12025,,517000.0,2025-04-01
139463710,72025,,255000.0,2025-04-01
139437013,32026,,268431.31,2025-04-01
139443617,12026,,221787.53,2025-04-01
139453653,82025,,296000.0,2025-04-01
139441650,42025,,179000.0,2025-04-01
139446558,12026,,136459.6,2025-04-01
139468760,12026,,649495.22,2025-04-01
139447774,32025,,165000.0,2025-04-01
139436372,22026,,0.0,2025-04-01
139462012,32026,,246472.68,2025-04-01
139459172,52025,,102000.0,2025-04-01
139455338,12025,,448000.0,2025-04-01
139468526,12026,,248067.59,2025-04-01
139441867,102025,,540265.39,2025-04-01
139457657,32026,,410446.56,2025-04-01
139446596,12025,,238000.0,2025-04-01
139464502,12025,,232000.0,2025-04-01
139459728,42025,,142000.0,2025-04-01
139452202,22025,,657000.0,2025-04-01
139440752,12026,,0.0,2025-04-01
139448063,92025,,332147.47,2025-04-01
139444670,122025,,235043.16,2025-04-01
139438145,32026,,314596.95,2025-04-01
139459493,72025,,524000.0,2025-04-01
139463245,12025,,344000.0,2025-04-01
139443979,92025,,149170.4,2025-04-01
139445451,72025,,388000.0,2025-04-01
139450173,52025,,550000.0,2025-04-01
139448877,42025,,176000.0,2025-04-01
139469621,62025,,297000.0,2025-04-01
139441569,12025,,132000.0,2025-04-01
139450367,12026,,286259.96,2025-04-01
139449476,122025,,424945.0,2025-04-01
139469087,72025,,90000.0,2025-04-01
139439750,62025,,199000.0,2025-04-01
139465025,102025,,240279.18,2025-04-01
139438386,22026,,206435.6,2025-04-01
139461097,32025,,326000.0,2025-04-01
139462123,122025,,326133.03,2025-04-01
139447866,52025,,55000.0,2025-04-01
139441749,112025,,694786.23,2025-04-01
139457301,22025,,235000.0,2025-04-01
139445762,52025,,249000.0,2025-04-01
139466542,12025,,395000.0,2025-04-01
139450179,112025,,465183.08,2025-04-01
139442249,22025,,209000.0,2025-04-01
139446722,62025,,368000.0,2025-04-01
139445897,42025,,0.0,2025-04-01
139467725,42025,,179000.0,2025-04-01
139442149,62025,,296000.0,2025-04-01
139464106,52025,,317000.0,2025-04-01
139461452,72025,,425000.0,2025-04-01
139454635,122025,,962859.41,2025-04-01
139462294,22025,,304000.0,2025-04-01
139446465,82025,,52000.0,2025-04-01
139456138,62025,,242000.0,2025-04-01
139439181,12026,,154626.42,2025-04-01
139454093,42025,,293000.0,2025-04-01
139447738,12026,,141267.55,2025-04-01
139440647,22025,,249000.0,2025-04-01
139438227,112025,,243021.55,2025-04-01
139458746,32026,,313313.23,2025-04-01
139437228,32025,,325000.0,2025-04-01
139448219,122025,,133620.61,2025-04-01
139466115,82025,,458000.0,2025-04-01
139440308,112025,,282165.38,2025-04-01
139442123,22025,,113000.0,2025-04-01
139442907,12026,,214667.95,2025-04-01
139467051,102025,,69470.38,2025-04-01
139449955,112025,,73331.07,2025-04-01
139463956,72025,,214834.78,2025-04-01
139445876,32026,,442206.44,2025-04-01
139440537,22025,,762000.0,2025-04-01
139454442,42025,,183000.0,2025-04-01
139451752,42025,,140000.0,2025-04-01
139441569,122025,,130882.42,2025-04-01
139435788,92025,,217292.59,2025-04-01
139441316,22026,,293641.76,2025-04-01
139447182,82025,,386000.0,2025-04-01
139469685,42025,,213000.0,2025-04-01
139440620,42025,,644000.0,2025-04-01
139460142,52025,,237000.0,2025-04-01
139436329,72025,,115980.12,2025-04-01
139469790,42025,,80000.0,2025-04-01
139447795,42025,,262000.0,2025-04-01
139438166,82025,,343340.17,2025-04-01
139444872,122025,,441892.64,2025-04-01
139458996,102025,,795906.56,2025-04-01
139435831,12026,,385623.3,2025-04-01
139447895,72025,,114000.0,2025-04-01
139437085,72025,,177000.0,2025-04-01
139438532,82025,,194401.07,2025-04-01
139459980,102025,,665998.05,2025-04-01
139460799,82025,,167618.16,2025-04-01
139462758,22026,,431640.3,2025-04-01
139468879,52025,,252000.0,2025-04-01
139447558,22025,,211000.0,2025-04-01
139449318,112025,,331653.32,2025-04-01
139440600,12026,,404626.58,2025-04-01
139463860,12025,,390000.0,2025-04-01
139454698,112025,,305400.39,2025-04-01
139436277,72025,,373000.0,2025-04-01
139456925,42025,,594000.0,2025-04-01
139437767,82025,,296000.0,2025-04-01
139453952,52025,,475000.0,2025-04-01
139442119,62025,,179000.0,2025-04-01
139460724,22026,,601520.2,2025-04-01
139438886,12025,,311000.0,2025-04-01
139450791,32025,,556000.0,2025-04-01
139441938,32026,,364074.35,2025-04-01
139443402,62025,,427000.0,2025-04-01
139443882,82025,,127748.2,2025-04-01
139468604,92025,,350477.96,2025-04-01
139438874,92025,,213426.36,2025-04-01
139437075,12025,,152000.0,2025-04-01
139439935,112025,,675491.38,2025-04-01
139444927,32025,,443000.0,2025-04-01
139459044,22026,,387060.58,2025-04-01
139443621,42025,,174000.0,2025-04-01
139446149,82025,,245791.35,2025-04-01
139438653,102025,,593869.57,2025-04-01
139462525,112025,,86485.34,2025-04-01
139468391,72025,,311000.0,2025-04-01
139465806,92025,,312622.03,2025-04-01
139442286,22025,,198000.0,2025-04-01
139453480,22025,,665000.0,2025-04-01
139462936,32025,,335000.0,2025-04-01
139467080,42025,,646000.0,2025-04-01
139467094,102025,,800696.3,2025-04-01
139449004,72025,,275901.42,2025-04-01
139455747,22025,,178000.0,2025-04-01
139446748,12026,,289435.61,2025-04-01
139443182,62025,,329000.0,2025-04-01
139449052,22026,,286391.38,2025-04-01
139454550,72025,,126481.8,2025-04-01
139459582,92025,,159327.42,2025-04-01
139465027,72025,,117233.29,2025-04-01
139448216,22026,,281754.39,2025-04-01
139452712,82025,,715856.96,2025-04-01
139450924,52025,,272000.0,2025-04-01
139455107,82025,,153000.0,2025-04-01
139459833,102025,,151952.13,2025-04-01
139443099,52025,,618000.0,2025-04-01
139447899,42025,,217000.0,2025-04-01
139464963,62025,,0.0,2025-04-01
139465836,82025,,198178.78,2025-04-01
139454549,22025,,68000.0,2025-04-01
139469929,32025,,79000.0,2025-04-01
139447492,32025,,212000.0,2025-04-01
139448127,12026,,406466.62,2025-04-01
139458199,92025,,240325.24,2025-04-01
139447655,32025,,480000.0,2025-04-01
139436588,92025,,537709.33,2025-04-01
139458075,12026,,226546.58,2025-04-01
139452400,22025,,226000.0,2025-04-01
139462686,52025,,215000.0,2025-04-01
139463874,102025,,113460.15,2025-04-01
139443311,22025,,280000.0,2025-04-01
139453991,112025,,312069.24,2025-04-01
139459483,22026,,88303.47,2025-04-01
139446892,92025,,213589.17,2025-04-01
139442567,32025,,291000.0,2025-04-01
139446300,102025,,252149.65,2025-04-01
139435852,82025,,164000.0,2025-04-01
139443197,62025,,125000.0,2025-04-01
139440448,92025,,181004.88,2025-04-01
139464847,22026,,118453.42,2025-04-01
139457101,22025,,308000.0,2025-04-01
139453059,92025,,446761.74,2025-04-01
139439511,82025,,257871.99,2025-04-01
139448311,62025,,261000.0,2025-04-01
139448382,12026,,139886.55,2025-04-01
139454352,22026,,133995.79,2025-04-01
139454596,22025,,392000.0,2025-04-01
139436786,82025,,800356.14,2025-04-01
139442535,42025,,269000.0,2025-04-01
139463269,72025,,143009.87,2025-04-01
139451757,32025,,296000.0,2025-04-01
139452436,92025,,159063.89,2025-04-01
139453032,62025,,587000.0,2025-04-01
139460485,62025,,106000.0,2025-04-01
139459783,72025,,327000.0,2025-04-01
139445901,52025,,730000.0,2025-04-01
139435780,72025,,208000.0,2025-04-01
139466246,72025,,248112.85,2025-04-01
139460438,72025,,483000.0,2025-04-01
139439156,92025,,792394.01,2025-04-01
139462850,12026,,172166.97,2025-04-01
139466718,102025,,642082.46,2025-04-01
139438951,32026,,284372.08,2025-04-01
139453422,72025,,214000.0,2025-04-01
139436046,102025,,442122.49,2025-04-01
139444162,32026,,320092.94,2025-04-01
139464649,42025,,47000.0,2025-04-01
139464925,82025,,481272.82,2025-04-01
139440738,102025,,354162.66,2025-04-01
139455812,72025,,170000.0,2025-04-01
139436093,32026,,230159.43,2025-04-01
139448478,92025,,401079.68,2025-04-01
139448904,52025,,331000.0,2025-04-01
139439732,112025,,182632.9,2025-04-01
139453044,32025,,523000.0,2025-04-01
139445294,122025,,416505.89,2025-04-01
139453037,22025,,183000.0,2025-04-01
139450896,62025,,600000.0,2025-04-01
139450382,62025,,0.0,2025-04-01
139460110,32025,,508000.0,2025-04-01
139469213,72025,,125000.0,2025-04-01
139457906,12026,,146916.41,2025-04-01
139444988,22025,,100000.0,2025-04-01
139459611,32026,,187050.49,2025-04-01
139470240,32025,,290000.0,2025-04-01
139450887,12025,,483000.0,2025-04-01
139440956,12025,,640000.0,2025-04-01
139464952,122025,,128639.8,2025-04-01
139466574,12026,,57742.89,2025-04-01
139436151,32026,,352187.82,2025-04-01
139468943,22026,,441849.83,2025-04-01
139446963,102025,,136227.09,2025-04-01
139440079,112025,,152980.61,2025-04-01
139436921,82025,,268461.41,2025-04-01
139464293,82025,,656138.63,2025-04-01
139456283,112025,,291009.48,2025-04-01
139445111,22026,,192921.76,2025-04-01
139464628,52025,,406000.0,2025-04-01
139440996,62025,,230000.0,2025-04-01
139460409,72025,,165000.0,2025-04-01
139452885,62025,,371000.0,2025-04-01
139456304,112025,,180000.0,2025-04-01
139457972,102025,,796057.09,2025-04-01
139464321,32026,,670491.52,2025-04-01
139461431,112025,,183652.95,2025-04-01
139459228,12026,,163012.74,2025-04-01
139443539,42025,,249000.0,2025-04-01
139448463,82025,,66397.67,2025-04-01
139467270,32026,,745426.32,2025-04-01
139440990,82025,,298205.1,2025-04-01
139448929,72025,,525000.0,2025-04-01
139444688,12025,,178000.0,2025-04-01
139466078,122025,,552450.28,2025-04-01
139468533,52025,,418000.0,2025-04-01
139454713,82025,,247000.0,2025-04-01
139444354,32025,,107000.0,2025-04-01
139444386,92025,,193925.49,2025-04-01
139456820,32025,,232000.0,2025-04-01
139447870,62025,,243000.0,2025-04-01
139465173,52025,,155000.0,2025-04-01
139463163,12026,,199824.32,2025-04-01
139447647,12025,,144000.0,2025-04-01
139437887,32026,,161784.74,2025-04-01
139446588,22025,,298000.0,2025-04-01
139452700,52025,,78000.0,2025-04-01
139455686,32025,,275000.0,2025-04-01
139458601,72025,,151000.0,2025-04-01
139457096,122025,,104732.04,2025-04-01
139454403,72025,,68000.0,2025-04-01
139459000,52025,,171000.0,2025-04-01
139465120,92025,,398717.81,2025-04-01
139439690,12026,,274273.36,2025-04-01
139459120,102025,,336421.92,2025-04-01
139446894,42025,,142000.0,2025-04-01
139465812,112025,,267079.47,2025-04-01
139452843,52025,,152000.0,2025-04-01
139449615,52025,,224000.0,2025-04-01
139456829,72025,,123000.0,2025-04-01
139451437,72025,,190000.0,2025-04-01
139462760,22026,,652082.43,2025-04-01
139441609,42025,,82000.0,2025-04-01
139464554,82025,,160552.57,2025-04-01
139468707,112025,,317223.42,2025-04-01
139435824,82025,,441469.86,2025-04-01
139467464,72025,,315000.0,2025-04-01
139439927,92025,,686366.16,2025-04-01
139451964,122025,,475209.88,2025-04-01
139452601,102025,,328733.34,2025-04-01
139443896,32025,,296000.0,2025-04-01
139465186,122025,,247954.83,2025-04-01
139446372,72025,,298000.0,2025-04-01
139439007,22025,,132000.0,2025-04-01
139451737,62025,,260000.0,2025-04-01
139457404,102025,,215645.63,2025-04-01
139455562,12025,,879000.0,2025-04-01
139458159,42025,,438000.0,2025-04-01
139439729,102025,,178736.53,2025-04-01
139468893,12025,,99000.0,2025-04-01
139457671,32025,,414000.0,2025-04-01
139437903,42025,,152000.0,2025-04-01
139464538,92025,,438301.09,2025-04-01
139449326,112025,,331576.98,2025-04-01
139453619,102025,,324790.7,2025-04-01
139450279,22026,,532735.52,2025-04-01
139438681,12025,,440000.0,2025-04-01
139461695,122025,,369723.97,2025-04-01
139452272,12025,,422000.0,2025-04-01
139457441,92025,,523448.08,2025-04-01
139453909,32026,,190739.83,2025-04-01
139448554,32025,,278000.0,2025-04-01
139463119,82025,,362309.68,2025-04-01
139462852,22025,,595000.0,2025-04-01
139464748,122025,,379039.17,2025-04-01
139439741,12026,,487560.62,2025-04-01
139449167,32026,,186578.08,2025-04-01
139451799,22026,,713786.65,2025-04-01
139436742,32025,,325000.0,2025-04-01
139449391,52025,,273000.0,2025-04-01
139436117,112025,,621409.04,2025-04-01
139444754,12025,,799000.0,2025-04-01
139435664,62025,,219000.0,2025-04-01
139466920,32026,,264648.67,2025-04-01
139464852,32025,,628000.0,2025-04-01
139463078,72025,,195000.0,2025-04-01
139456498,42025,,229000.0,2025-04-01
139450394,112025,,381815.0,2025-04-01
139468013,42025,,131000.0,2025-04-01
139467120,22026,,93051.22,2025-04-01
139444985,22026,,703030.23,2025-04-01
139452832,32025,,613000.0,2025-04-01
139438740,52025,,552000.0,2025-04-01
139442435,112025,,123942.75,2025-04-01
139468925,52025,,428000.0,2025-04-01
139465053,42025,,210000.0,2025-04-01
139455061,72025,,170839.62,2025-04-01
139444784,42025,,170000.0,2025-04-01
139464904,102025,,396375.1,2025-04-01
139448731,122025,,494138.84,2025-04-01
139447345,32026,,272223.9,2025-04-01
139443607,22026,,117375.06,2025-04-01
139463660,22026,,312755.08,2025-04-01
139444654,32026,,206440.95,2025-04-01
139464639,92025,,130079.47,2025-04-01
139463846,92025,,189257.15,2025-04-01
139454091,72025,,448000.0,2025-04-01
139464161,32025,,159000.0,2025-04-01
139438515,122025,,265952.89,2025-04-01
139455037,112025,,276068.98,2025-04-01
139470110,52025,,386000.0,2025-04-01
139435980,32026,,499543.17,2025-04-01
139455337,102025,,429808.66,2025-04-01
139457338,42025,,396000.0,2025-04-01
139435595,22025,,125000.0,2025-04-01
139458330,22025,,341000.0,2025-04-01
139465892,72025,,705987.13,2025-04-01
139436368,92025,,335085.76,2025-04-01
139438313,112025,,270034.23,2025-04-01
139439721,72025,,416000.0,2025-04-01
139452362,122025,,0.0,2025-04-01
139462513,92025,,305531.93,2025-04-01
139465673,72025,,247000.0,2025-04-01
139462236,92025,,177498.43,2025-04-01
139455592,22025,,70000.0,2025-04-01
139439186,12025,,410000.0,2025-04-01
139450451,92025,,74280.42,2025-04-01
139447052,22025,,248000.0,2025-04-01
139443887,12025,,608000.0,2025-04-01
139447419,22025,,80000.0,2025-04-01
139442462,22025,,287000.0,2025-04-01
139463836,32025,,360000.0,2025-04-01
139462450,42025,,548000.0,2025-04-01
139457693,22025,,224000.0,2025-04-01
139456869,72025,,433000.0,2025-04-01
139441723,122025,,285332.01,2025-04-01
139462692,102025,,724018.49,2025-04-01
139443347,22025,,157000.0,2025-04-01
139460378,22025,,625000.0,2025-04-01
139466688,52025,,146000.0,2025-04-01
139436010,92025,,0.0,2025-04-01
139465862,102025,,178792.89,2025-04-01
139456917,32026,,239220.75,2025-04-01
139444456,42025,,291000.0,2025-04-01
139458978,72025,,495535.92,2025-04-01
139443660,22025,,762000.0,2025-04-01
139448150,102025,,400359.3,2025-04-01
139437114,82025,,333112.83,2025-04-01
139450393,32025,,677000.0,2025-04-01
139449431,82025,,285375.31,2025-04-01
139435760,82025,,145311.16,2025-04-01
139460850,82025,,196044.3,2025-04-01
139449646,82025,,105568.66,2025-04-01
139437231,102025,,206015.23,2025-04-01
139450963,12026,,326113.72,2025-04-01
139469531,22025,,139000.0,2025-04-01
139453868,112025,,281826.51,2025-04-01
139467323,12026,,272963.14,2025-04-01
139463175,32025,,350000.0,2025-04-01
139444583,72025,,222000.0,2025-04-01
139438932,112025,,303242.08,2025-04-01
139441152,122025,,71358.76,2025-04-01
139437665,72025,,65000.0,2025-04-01
139453859,62025,,313000.0,2025-04-01
139449502,12026,,548582.51,2025-04-01
139442137,82025,,735025.43,2025-04-01
139442071,82025,,447105.11,2025-04-01
139460416,102025,,163777.42,2025-04-01
139450667,82025,,260000.0,2025-04-01
139453600,42025,,644000.0,2025-04-01
139469917,42025,,158000.0,2025-04-01
139439457,12026,,339195.27,2025-04-01
139436316,22026,,138761.93,2025-04-01
139451800,62025,,174000.0,2025-04-01
139458225,42025,,249000.0,2025-04-01
139441433,62025,,467000.0,2025-04-01
139460055,92025,,393077.0,2025-04-01
139445719,32025,,193000.0,2025-04-01
139460351,72025,,300034.26,2025-04-01
139439611,22026,,423986.51,2025-04-01
139441622,82025,,796000.0,2025-04-01
139455905,122025,,481801.2,2025-04-01
139466174,62025,,203000.0,2025-04-01
139464018,102025,,385560.8,2025-04-01
139449837,72025,,531000.0,2025-04-01
139440799,112025,,693709.56,2025-04-01
139455574,62025,,63000.0,2025-04-01
139463551,22025,,168000.0,2025-04-01
139461289,102025,,275247.25,2025-04-01
139436366,42025,,192000.0,2025-04-01
139450135,102025,,476001.35,2025-04-01
139464721,12025,,339000.0,2025-04-01
139437182,12026,,49427.82,2025-04-01
139460344,62025,,338000.0,2025-04-01
139447605,42025,,557000.0,2025-04-01
139459056,12026,,616140.78,2025-04-01
139457120,22025,,650000.0,2025-04-01
139453095,72025,,170000.0,2025-04-01
139467831,82025,,17569.43,2025-04-01
139453633,32026,,110703.22,2025-04-01
139437943,92025,,243461.6,2025-04-01
139464896,52025,,160000.0,2025-04-01
139469950,22025,,310000.0,2025-04-01
139465591,12025,,200000.0,2025-04-01
139438529,42025,,211000.0,2025-04-01
139452293,42025,,197000.0,2025-04-01
139467401,82025,,377351.99,2025-04-01
139445578,22026,,148615.32,2025-04-01
139454750,12026,,250124.11,2025-04-01
139444218,22025,,248000.0,2025-04-01
139464541,92025,,245183.92,2025-04-01
139464352,72025,,194677.64,2025-04-01
139436116,32026,,403269.14,2025-04-01
139459869,42025,,688000.0,2025-04-01
139446098,22026,,801753.1,2025-04-01
139459091,12025,,160000.0,2025-04-01
139450656,52025,,145000.0,2025-04-01
139453099,82025,,68772.64,2025-04-01
139448553,72025,,924000.0,2025-04-01
139445879,52025,,313000.0,2025-04-01
139445954,112025,,385967.91,2025-04-01
139455234,52025,,209000.0,2025-04-01
139464212,82025,,555317.03,2025-04-01
139466165,122025,,312897.3,2025-04-01
139461781,12026,,280594.44,2025-04-01
139449803,32025,,207000.0,2025-04-01
139440156,12026,,134429.96,2025-04-01
139451543,22025,,75000.0,2025-04-01
139464049,122025,,132508.3,2025-04-01
139461833,12026,,484104.47,2025-04-01
139435528,72025,,188000.0,2025-04-01
139450421,32026,,259689.66,2025-04-01
139439737,22026,,907147.5,2025-04-01
139451469,62025,,313000.0,2025-04-01
139468618,32026,,206304.02,2025-04-01
139440305,42025,,185000.0,2025-04-01
139446392,12025,,208000.0,2025-04-01
139453409,12026,,226894.61,2025-04-01
139444347,12025,,1067000.0,2025-04-01
139436140,52025,,381000.0,2025-04-01
139438297,12025,,626000.0,2025-04-01
139461856,12025,,70000.0,2025-04-01
139455064,52025,,203000.0,2025-04-01
139451310,12025,,602000.0,2025-04-01
139436532,32026,,637852.41,2025-04-01
139442961,62025,,504000.0,2025-04-01
139444189,22026,,217710.88,2025-04-01
139442987,52025,,362000.0,2025-04-01
139453429,12025,,137000.0,2025-04-01
139466541,92025,,607011.92,2025-04-01
139438421,22025,,305000.0,2025-04-01
139440134,12025,,427000.0,2025-04-01
139448308,32026,,196456.09,2025-04-01
139465293,22026,,331912.61,2025-04-01
139449203,102025,,298383.02,2025-04-01
139464727,92025,,358274.88,2025-04-01
139456691,82025,,553000.0,2025-04-01
139439058,112025,,177926.38,2025-04-01
139438299,32025,,253000.0,2025-04-01
139445519,12025,,346000.0,2025-04-01
139444744,102025,,219832.89,2025-04-01
139442889,92025,,240123.82,2025-04-01
139457392,122025,,672924.37,2025-04-01
139461894,42025,,160000.0,2025-04-01
139439754,12026,,555663.9,2025-04-01
139468011,22025,,376000.0,2025-04-01
139448398,42025,,441000.0,2025-04-01
139461347,92025,,423744.77,2025-04-01
139455244,102025,,299861.7,2025-04-01
139467375,32025,,74000.0,2025-04-01
139448200,82025,,100000.0,2025-04-01
139446093,52025,,310000.0,2025-04-01
139446683,122025,,334855.9,2025-04-01
139458776,32025,,199000.0,2025-04-01
139438799,102025,,201510.34,2025-04-01
139448107,42025,,90000.0,2025-04-01
139454589,82025,,1124896.72,2025-04-01
139463566,62025,,83000.0,2025-04-01
139463541,32026,,146803.89,2025-04-01
139444174,102025,,288898.71,2025-04-01
139435853,32026,,249927.29,2025-04-01
139463904,52025,,222000.0,2025-04-01
139441995,22025,,801000.0,2025-04-01
139460622,12026,,104762.92,2025-04-01
139450119,12025,,521000.0,2025-04-01
139455634,22025,,423000.0,2025-04-01
139451320,62025,,127000.0,2025-04-01
139444984,22025,,451000.0,2025-04-01
139469459,92025,,440211.8,2025-04-01
139449063,22025,,306000.0,2025-04-01
139461595,22025,,210000.0,2025-04-01
139438174,92025,,381348.26,2025-04-01
139452728,12025,,250000.0,2025-04-01
139450378,112025,,444136.7,2025-04-01
139442675,62025,,501000.0,2025-04-01
139438297,32026,,618577.26,2025-04-01
139451802,42025,,53000.0,2025-04-01
139450488,42025,,148000.0,2025-04-01
139461347,32026,,421514.45,2025-04-01
139459695,52025,,324000.0,2025-04-01
139464349,82025,,382667.36,2025-04-01
139464775,112025,,106060.85,2025-04-01
139447887,12026,,226319.17,2025-04-01
139436006,82025,,258441.75,2025-04-01
139469058,12026,,517607.27,2025-04-01
139455959,52025,,285000.0,2025-04-01
139466431,82025,,312506.53,2025-04-01
139464728,52025,,351000.0,2025-04-01
139458128,72025,,302000.0,2025-04-01
139466972,42025,,194000.0,2025-04-01
139442252,62025,,294000.0,2025-04-01
139456748,122025,,225557.31,2025-04-01
139451141,12026,,764097.46,2025-04-01
139456411,22025,,363000.0,2025-04-01
139467887,12025,,125000.0,2025-04-01
139464810,42025,,448000.0,2025-04-01
139467108,52025,,432000.0,2025-04-01
139443043,42025,,380000.0,2025-04-01
139437869,82025,,503010.28,2025-04-01
139449569,32025,,407000.0,2025-04-01
139449226,12026,,452690.54,2025-04-01
139451890,82025,,59370.92,2025-04-01
139445683,22026,,112858.88,2025-04-01
139455964,62025,,169000.0,2025-04-01
139452755,22026,,365603.65,2025-04-01
139437112,32026,,244504.8,2025-04-01
139458823,102025,,856293.37,2025-04-01
139437305,22026,,70759.12,2025-04-01
139436565,12025,,256000.0,2025-04-01
139441770,22026,,183258.95,2025-04-01
139451482,72025,,288000.0,2025-04-01
139446019,32026,,90114.38,2025-04-01
139443801,22026,,725914.63,2025-04-01
139451533,32025,,267000.0,2025-04-01
139456687,52025,,444000.0,2025-04-01
139441605,12025,,425000.0,2025-04-01
139464974,82025,,370618.66,2025-04-01
139464138,92025,,710351.22,2025-04-01
139469098,72025,,308145.31,2025-04-01
139439315,122025,,227913.07,2025-04-01
139449034,82025,,223365.24,2025-04-01
139455112,102025,,244493.71,2025-04-01
139447613,62025,,414000.0,2025-04-01
139438138,72025,,622000.0,2025-04-01
139441485,12026,,601673.54,2025-04-01
139438406,92025,,401665.9,2025-04-01
139443256,52025,,188000.0,2025-04-01
139461311,22025,,189000.0,2025-04-01
139468951,82025,,136199.37,2025-04-01
139457797,92025,,272914.99,2025-04-01
139449758,12026,,472384.09,2025-04-01
139461987,92025,,200034.46,2025-04-01
139451807,42025,,447000.0,2025-04-01
139446007,72025,,277000.0,2025-04-01
139468461,122025,,419475.24,2025-04-01
139466466,62025,,618000.0,2025-04-01
139437899,12025,,272000.0,2025-04-01
139442545,102025,,270029.94,2025-04-01
139463547,102025,,353558.77,2025-04-01
139467509,12025,,202000.0,2025-04-01
139460765,112025,,188281.42,2025-04-01
139464422,32025,,417000.0,2025-04-01
139452948,22026,,769980.43,2025-04-01
139460431,52025,,148000.0,2025-04-01
139452360,72025,,896264.9,2025-04-01
139452674,122025,,428257.45,2025-04-01
139468837,22025,,502000.0,2025-04-01
139443527,22026,,0.0,2025-04-01
139463837,12026,,224505.45,2025-04-01
139466854,112025,,494989.6,2025-04-01
139439809,42025,,150000.0,2025-04-01
139449691,32026,,345256.2,2025-04-01
139448443,52025,,146000.0,2025-04-01
139464868,32025,,161000.0,2025-04-01
139467372,92025,,594903.62,2025-04-01
139443704,122025,,785347.27,2025-04-01
139456362,112025,,159000.0,2025-04-01
139437056,32026,,296849.45,2025-04-01
139455476,12025,,276000.0,2025-04-01
139467621,72025,,136000.0,2025-04-01
139437836,22025,,186000.0,2025-04-01
139464779,102025,,310163.71,2025-04-01
139438262,112025,,636654.67,2025-04-01
139450557,12026,,412296.98,2025-04-01
139461486,62025,,177000.0,2025-04-01
139456845,122025,,273359.51,2025-04-01
139463530,12025,,440000.0,2025-04-01
139466711,32026,,458057.25,2025-04-01
139446712,112025,,131294.41,2025-04-01
139442223,42025,,590000.0,2025-04-01
139465424,22026,,397965.43,2025-04-01
139460011,122025,,374268.24,2025-04-01
139440720,52025,,221000.0,2025-04-01
139465456,52025,,394000.0,2025-04-01
139459406,82025,,466871.83,2025-04-01
139464841,112025,,119071.64,2025-04-01
139452715,62025,,241000.0,2025-04-01
139465749,92025,,275604.7,2025-04-01
139463021,112025,,242025.52,2025-04-01
139463568,92025,,281572.28,2025-04-01
139441995,32025,,800000.0,2025-04-01
139445038,22025,,50000.0,2025-04-01
139447474,72025,,175000.0,2025-04-01
139449840,122025,,256384.22,2025-04-01
139463976,52025,,150000.0,2025-04-01
139438418,102025,,272488.25,2025-04-01
139453552,32026,,686208.72,2025-04-01
139445140,52025,,242000.0,2025-04-01
139444593,112025,,792732.64,2025-04-01
139461733,12026,,116885.32,2025-04-01
139437418,72025,,295000.0,2025-04-01
139437358,12025,,558000.0,2025-04-01
139440688,102025,,146273.61,2025-04-01
139445785,92025,,134487.84,2025-04-01
139450361,62025,,489000.0,2025-04-01
139461464,72025,,148000.0,2025-04-01
139460106,82025,,351777.18,2025-04-01
139449792,22025,,117000.0,2025-04-01
139462258,92025,,186705.87,2025-04-01
139446319,72025,,348000.0,2025-04-01
139460949,102025,,376620.51,2025-04-01
139436325,12026,,368850.83,2025-04-01
139456358,12025,,356000.0,2025-04-01
139436139,112025,,415432.38,2025-04-01
139454414,62025,,303000.0,2025-04-01
139457380,82025,,68000.0,2025-04-01
139464362,12025,,431000.0,2025-04-01
139454966,92025,,258516.48,2025-04-01
139447631,12026,,249497.47,2025-04-01
139466850,12025,,899000.0,2025-04-01
139447947,52025,,100000.0,2025-04-01
139452960,12025,,349000.0,2025-04-01
139464303,92025,,894211.35,2025-04-01
139469448,102025,,0.0,2025-04-01
139445516,42025,,378000.0,2025-04-01
139452704,52025,,225000.0,2025-04-01
139443891,22026,,369717.44,2025-04-01
139456398,22025,,98000.0,2025-04-01
139441551,22026,,304594.09,2025-04-01
139451772,32026,,230371.36,2025-04-01
139447567,112025,,598501.93,2025-04-01
139469093,62025,,172000.0,2025-04-01
139449546,112025,,194305.73,2025-04-01
139466105,32026,,364417.1,2025-04-01
139453514,52025,,373000.0,2025-04-01
139440535,72025,,844000.0,2025-04-01
139445681,122025,,269337.76,2025-04-01
139449874,52025,,149000.0,2025-04-01
139441087,72025,,29855.96,2025-04-01
139458592,52025,,584000.0,2025-04-01
139467603,12025,,149000.0,2025-04-01
139465361,42025,,328000.0,2025-04-01
139444678,22026,,200633.28,2025-04-01
139456085,22026,,195988.69,2025-04-01
139464452,102025,,792989.61,2025-04-01
139436616,22025,,138000.0,2025-04-01
139458982,72025,,702000.0,2025-04-01
139453338,22026,,177814.51,2025-04-01
139468249,32025,,748000.0,2025-04-01
139469165,102025,,241848.36,2025-04-01
139444995,72025,,419000.0,2025-04-01
139455015,72025,,244000.0,2025-04-01
139469683,22025,,199000.0,2025-04-01
139445538,72025,,452000.0,2025-04-01
139456029,12026,,497038.31,2025-04-01
139465751,22025,,85000.0,2025-04-01
139466672,22025,,417000.0,2025-04-01
139460068,42025,,241000.0,2025-04-01
139444154,82025,,554857.96,2025-04-01
139464460,112025,,158443.18,2025-04-01
139457851,92025,,297173.04,2025-04-01
139467592,22025,,619000.0,2025-04-01
139451979,22025,,110000.0,2025-04-01
139452479,52025,,165000.0,2025-04-01
139448098,52025,,165000.0,2025-04-01
139469199,12026,,161912.59,2025-04-01
139440638,62025,,128000.0,2025-04-01
139453893,92025,,411858.95,2025-04-01
139454149,32026,,602305.95,2025-04-01
139461900,22025,,284000.0,2025-04-01
139451721,102025,,344632.86,2025-04-01
139470212,62025,,0.0,2025-04-01
139445508,92025,,796232.15,2025-04-01
139458897,82025,,525000.0,2025-04-01
139456195,12026,,478370.4,2025-04-01
139448972,32025,,175000.0,2025-04-01
139465183,22026,,311475.75,2025-04-01
139442943,72025,,795591.68,2025-04-01
139439433,22026,,99246.44,2025-04-01
139455375,42025,,210000.0,2025-04-01
139442588,12026,,188232.43,2025-04-01
139462475,42025,,82000.0,2025-04-01
139452961,122025,,161388.37,2025-04-01
139466746,72025,,238000.0,2025-04-01
139443941,12025,,152000.0,2025-04-01
139447927,32026,,229101.74,2025-04-01
139442134,32025,,510000.0,2025-04-01
139459614,12025,,275000.0,2025-04-01
139460176,12025,,192000.0,2025-04-01
139462140,102025,,277044.24,2025-04-01
139466555,62025,,132000.0,2025-04-01
139446954,32026,,0.0,2025-04-01
139456234,42025,,140000.0,2025-04-01
139450211,42025,,249000.0,2025-04-01
139444778,12026,,243990.54,2025-04-01
139459788,12025,,258000.0,2025-04-01
139459294,32025,,444000.0,2025-04-01
139470240,22026,,287694.05,2025-04-01
139463114,62025,,638000.0,2025-04-01
139438960,82025,,81000.0,2025-04-01
139466008,62025,,313000.0,2025-04-01
139465187,42025,,233000.0,2025-04-01
139449477,102025,,794447.0,2025-04-01
139464767,82025,,396381.96,2025-04-01
139461571,42025,,765000.0,2025-04-01
139456818,122025,,151733.59,2025-04-01
139446370,62025,,448000.0,2025-04-01
139449774,82025,,388946.96,2025-04-01
139463049,122025,,293030.52,2025-04-01
139455873,102025,,667987.46,2025-04-01
139437404,22025,,572000.0,2025-04-01
139454375,52025,,396000.0,2025-04-01
139451115,42025,,348000.0,2025-04-01
139444047,12026,,287886.75,2025-04-01
139458093,52025,,288000.0,2025-04-01
139445895,52025,,358000.0,2025-04-01
139463923,42025,,211000.0,2025-04-01
139442709,62025,,424000.0,2025-04-01
139447483,12025,,878000.0,2025-04-01
139452701,12026,,101092.34,2025-04-01
139449137,102025,,223619.63,2025-04-01
139459280,32026,,199503.83,2025-04-01
139440560,72025,,741000.0,2025-04-01
139445059,102025,,116993.24,2025-04-01
139451267,22025,,594000.0,2025-04-01
139464470,12026,,494395.7,2025-04-01
139456690,22026,,119257.13,2025-04-01
139448157,102025,,283936.16,2025-04-01
139448155,72025,,737000.0,2025-04-01
139444197,12026,,329708.74,2025-04-01
139460447,62025,,224000.0,2025-04-01
139469039,112025,,505206.65,2025-04-01
139442193,52025,,1000.0,2025-04-01
139461456,42025,,391000.0,2025-04-01
139467117,82025,,443798.36,2025-04-01
139439589,82025,,155176.27,2025-04-01
139466393,12026,,381202.91,2025-04-01
139444523,12025,,190000.0,2025-04-01
139459055,42025,,269000.0,2025-04-01
139451773,112025,,566857.11,2025-04-01
139459453,102025,,69497.05,2025-04-01
139443903,62025,,283000.0,2025-04-01
139443719,112025,,125732.81,2025-04-01
139452676,112025,,356576.2,2025-04-01
139455397,92025,,288902.24,2025-04-01
139456026,32026,,354095.57,2025-04-01
139440298,82025,,167048.04,2025-04-01
139441185,82025,,245431.21,2025-04-01
139462411,102025,,296477.88,2025-04-01
139449963,72025,,105284.86,2025-04-01
139449749,62025,,271000.0,2025-04-01
139447169,22026,,268678.85,2025-04-01
139451790,112025,,107660.24,2025-04-01
139457448,82025,,392000.0,2025-04-01
139461189,62025,,223000.0,2025-04-01
139457899,42025,,139000.0,2025-04-01
139465925,92025,,451063.59,2025-04-01
139445873,102025,,139427.21,2025-04-01
139445446,22026,,764271.29,2025-04-01
139455420,32025,,189000.0,2025-04-01
139450330,42025,,294000.0,2025-04-01
139450635,62025,,213000.0,2025-04-01
139435687,102025,,127240.96,2025-04-01
139463285,82025,,226140.25,2025-04-01
139444107,32025,,483000.0,2025-04-01
139441989,52025,,356000.0,2025-04-01
139454504,62025,,213000.0,2025-04-01
139465248,32026,,515409.42,2025-04-01
139448059,12026,,431565.42,2025-04-01
139466579,72025,,166000.0,2025-04-01
139455481,22026,,794590.02,2025-04-01
139435974,12025,,167000.0,2025-04-01
139449647,12025,,802000.0,2025-04-01
139452263,12026,,163152.21,2025-04-01
139449730,82025,,281097.34,2025-04-01
139440703,112025,,376826.89,2025-04-01
139466358,32026,,428999.0,2025-04-01
139462048,62025,,198000.0,2025-04-01
139461874,22025,,142000.0,2025-04-01
139458047,32026,,143500.0,2025-04-01
139466582,42025,,397000.0,2025-04-01
139437039,122025,,519761.88,2025-04-01
139437173,82025,,161935.51,2025-04-01
139456399,12025,,105000.0,2025-04-01
139439975,32025,,59000.0,2025-04-01
139445782,112025,,244727.11,2025-04-01
139441359,62025,,529000.0,2025-04-01
139446144,32025,,244000.0,2025-04-01
139456806,22026,,249348.94,2025-04-01
139451003,122025,,643662.21,2025-04-01
139451439,22025,,214000.0,2025-04-01
139449116,102025,,322545.7,2025-04-01
139462853,32025,,235000.0,2025-04-01
139451620,32026,,253724.56,2025-04-01
139463612,22025,,184000.0,2025-04-01
139459057,92025,,241770.73,2025-04-01
139443484,112025,,329537.89,2025-04-01
139446937,82025,,278000.0,2025-04-01
139462533,32026,,93595.74,2025-04-01
139436238,72025,,217000.0,2025-04-01
139456850,82025,,285517.5,2025-04-01
139439517,32025,,344000.0,2025-04-01
139441120,22025,,219000.0,2025-04-01
139463176,72025,,336062.14,2025-04-01
139453291,52025,,75000.0,2025-04-01
139443769,102025,,200579.02,2025-04-01
139459673,52025,,410000.0,2025-04-01
139459517,32026,,569942.07,2025-04-01
139445839,22026,,265726.31,2025-04-01
139465350,92025,,186394.46,2025-04-01
139453254,92025,,305163.26,2025-04-01
139442069,22025,,356000.0,2025-04-01
139448883,112025,,324412.18,2025-04-01
139447013,112025,,170967.83,2025-04-01
139462220,22026,,581028.03,2025-04-01
139466767,12025,,440000.0,2025-04-01
139461523,32026,,260838.74,2025-04-01
139468128,12026,,791100.7,2025-04-01
139459335,32025,,207000.0,2025-04-01
139435854,82025,,699886.76,2025-04-01
139448558,32025,,529000.0,2025-04-01
139438508,72025,,282949.08,2025-04-01
139438480,32026,,408140.58,2025-04-01
139464668,12026,,373563.06,2025-04-01
139461180,72025,,251000.0,2025-04-01
139447653,112025,,290687.19,2025-04-01
139453164,102025,,512954.62,2025-04-01
139450661,122025,,429443.38,2025-04-01
139439516,12026,,289849.2,2025-04-01
139446676,92025,,374840.75,2025-04-01
139458968,92025,,193143.06,2025-04-01
139458406,102025,,248662.24,2025-04-01
139469284,42025,,351000.0,2025-04-01
139451717,92025,,108200.6,2025-04-01
139451977,32025,,226000.0,2025-04-01
139469094,112025,,252826.63,2025-04-01
139460902,52025,,295000.0,2025-04-01
139469760,102025,,123562.0,2025-04-01
139468739,102025,,335152.36,2025-04-01
139444162,32025,,325000.0,2025-04-01
139436956,42025,,291000.0,2025-04-01
139469636,32025,,363000.0,2025-04-01
139463806,102025,,259396.81,2025-04-01
139462207,42025,,584000.0,2025-04-01
139467760,82025,,389803.06,2025-04-01
139448399,22025,,285000.0,2025-04-01
139442510,12025,,349000.0,2025-04-01
139446650,62025,,255000.0,2025-04-01
139466097,22025,,112000.0,2025-04-01
139468901,72025,,265000.0,2025-04-01
139459627,112025,,198256.02,2025-04-01
139437906,12025,,196000.0,2025-04-01
139447306,12025,,255000.0,2025-04-01
139450027,32026,,149083.79,2025-04-01
139467824,22026,,685415.21,2025-04-01
139464933,122025,,392078.59,2025-04-01
139455579,32025,,783000.0,2025-04-01
139442065,12026,,343535.67,2025-04-01
139462678,62025,,205000.0,2025-04-01
139446261,32025,,149000.0,2025-04-01
139455751,102025,,244266.66,2025-04-01
139435911,52025,,243000.0,2025-04-01
139450645,112025,,242783.92,2025-04-01
139458155,12026,,277937.88,2025-04-01
139459883,22025,,449000.0,2025-04-01
139460035,22025,,146000.0,2025-04-01
139440925,32026,,246577.39,2025-04-01
139457278,12025,,97000.0,2025-04-01
139438618,52025,,649000.0,2025-04-01
139437201,32025,,200000.0,2025-04-01
139464660,62025,,134000.0,2025-04-01
139442175,122025,,210090.55,2025-04-01
139435999,32025,,318000.0,2025-04-01
139458648,112025,,63010.05,2025-04-01
139465468,122025,,239486.29,2025-04-01
139462512,12025,,271000.0,2025-04-01
139463777,32026,,97713.86,2025-04-01
139469577,72025,,441000.0,2025-04-01
139469864,62025,,221000.0,2025-04-01
139443610,22026,,134180.79,2025-04-01
139448459,22025,,239000.0,2025-04-01
139463100,52025,,254000.0,2025-04-01
139467569,12025,,470000.0,2025-04-01
139454116,92025,,294113.2,2025-04-01
139460714,62025,,459000.0,2025-04-01
139436995,52025,,174000.0,2025-04-01
139456389,22026,,183708.1,2025-04-01
139456556,102025,,429809.74,2025-04-01
139468969,42025,,211000.0,2025-04-01
139467060,72025,,338154.07,2025-04-01
139435836,72025,,245793.23,2025-04-01
139463075,22025,,315000.0,2025-04-01
139444271,92025,,369731.54,2025-04-01
139449122,102025,,219231.15,2025-04-01
139468814,12025,,768000.0,2025-04-01
139465037,92025,,284834.42,2025-04-01
139454962,22025,,774000.0,2025-04-01
139449265,32026,,513732.74,2025-04-01
139438418,72025,,273000.0,2025-04-01
139444406,22025,,235000.0,2025-04-01
139467702,82025,,868286.54,2025-04-01
139442963,122025,,44562.89,2025-04-01
139448761,32025,,530000.0,2025-04-01
139469537,52025,,159000.0,2025-04-01
139449038,32026,,229500.85,2025-04-01
139445130,12025,,171000.0,2025-04-01
139438060,62025,,297000.0,2025-04-01
139436635,122025,,184644.61,2025-04-01
139438833,112025,,109368.39,2025-04-01
139455442,82025,,89158.09,2025-04-01
139461183,102025,,230886.59,2025-04-01
139458131,22026,,678546.68,2025-04-01
139464675,122025,,0.0,2025-04-01
139454850,52025,,483000.0,2025-04-01
139450223,112025,,152571.45,2025-04-01
139456696,52025,,746000.0,2025-04-01
139451902,22026,,565152.87,2025-04-01
139440220,82025,,165817.37,2025-04-01
139442314,12026,,312675.55,2025-04-01
139461038,122025,,479549.43,2025-04-01
139451421,22025,,720000.0,2025-04-01
139467278,22026,,197817.06,2025-04-01
139445547,62025,,299000.0,2025-04-01
139455275,42025,,755000.0,2025-04-01
139462194,92025,,423926.64,2025-04-01
139449864,62025,,111000.0,2025-04-01
139460724,52025,,606000.0,2025-04-01
139468250,122025,,484243.38,2025-04-01
139452289,12025,,380000.0,2025-04-01
139440822,22026,,775297.38,2025-04-01
139450118,112025,,251467.8,2025-04-01
139435839,112025,,80066.99,2025-04-01
139435714,92025,,139314.42,2025-04-01
139449818,12025,,150000.0,2025-04-01
139449837,82025,,529422.66,2025-04-01
139439185,92025,,466452.04,2025-04-01
139450631,122025,,220602.93,2025-04-01
139442437,22025,,290000.0,2025-04-01
139465044,62025,,257000.0,2025-04-01
139458967,82025,,580054.58,2025-04-01
139445601,52025,,331000.0,2025-04-01
139458719,72025,,248021.0,2025-04-01
139435805,72025,,222000.0,2025-04-01
139467815,12025,,194000.0,2025-04-01
139436637,102025,,556294.61,2025-04-01
139451637,42025,,227000.0,2025-04-01
139460165,82025,,696294.6,2025-04-01
139465434,82025,,133595.91,2025-04-01
139459361,32025,,94000.0,2025-04-01
139437436,122025,,55291.25,2025-04-01
139469743,112025,,253714.42,2025-04-01
139448610,72025,,186000.0,2025-04-01
139447418,62025,,126790.63,2025-04-01
139439478,32026,,503492.93,2025-04-01
139436574,72025,,333000.0,2025-04-01
139461699,102025,,445718.95,2025-04-01
139440237,92025,,367769.18,2025-04-01
139455613,32026,,584556.6,2025-04-01
139438119,62025,,616000.0,2025-04-01
139447537,22026,,86956.6,2025-04-01
139457357,52025,,159000.0,2025-04-01
139458630,52025,,634000.0,2025-04-01
139439382,122025,,374307.58,2025-04-01
139455925,92025,,471742.8,2025-04-01
139449788,12025,,197000.0,2025-04-01
139449671,12025,,171000.0,2025-04-01
139464961,22025,,259000.0,2025-04-01
139437204,32026,,194154.67,2025-04-01
139439968,32026,,350452.4,2025-04-01
139435534,32025,,270000.0,2025-04-01
139442811,12026,,137482.88,2025-04-01
139465327,102025,,383094.15,2025-04-01
139444316,22026,,110572.95,2025-04-01
139445007,42025,,0.0,2025-04-01
139451868,72025,,259000.0,2025-04-01
139456598,12025,,468000.0,2025-04-01
139469451,32025,,141000.0,2025-04-01
139441030,32026,,158337.8,2025-04-01
139450264,52025,,59000.0,2025-04-01
139466351,82025,,481203.79,2025-04-01
139467786,112025,,233606.72,2025-04-01
139453017,52025,,386000.0,2025-04-01
139458232,12026,,781772.09,2025-04-01
139451924,22026,,790263.88,2025-04-01
139443852,42025,,122000.0,2025-04-01
139452967,72025,,296745.91,2025-04-01
139447893,32026,,469804.64,2025-04-01
139469115,102025,,552097.43,2025-04-01
139440064,22026,,343774.63,2025-04-01
139445023,82025,,0.0,2025-04-01
139455339,22026,,253584.6,2025-04-01
139444122,12026,,167935.83,2025-04-01
139438609,122025,,221195.44,2025-04-01
139460750,22026,,205135.99,2025-04-01
139444999,92025,,237268.37,2025-04-01
139465614,42025,,754000.0,2025-04-01
139439022,102025,,87158.4,2025-04-01
139462193,92025,,344251.74,2025-04-01
139441004,12026,,300858.48,2025-04-01
139469019,72025,,93000.0,2025-04-01
139462694,122025,,1032060.86,2025-04-01
139437607,42025,,148000.0,2025-04-01
139456868,102025,,168566.55,2025-04-01
139468879,62025,,252000.0,2025-04-01
139436717,12025,,80000.0,2025-04-01
139464916,112025,,104335.93,2025-04-01
139466571,22026,,538793.34,2025-04-01
139456008,52025,,135000.0,2025-04-01
139435658,12025,,185000.0,2025-04-01
139458816,52025,,649000.0,2025-04-01
139463214,42025,,246000.0,2025-04-01
139460052,62025,,338000.0,2025-04-01
139450074,72025,,321554.16,2025-04-01
139447963,102025,,134160.84,2025-04-01
139459064,82025,,327567.69,2025-04-01
139456008,42025,,135000.0,2025-04-01
139436384,32025,,386000.0,2025-04-01
139453389,32026,,192719.57,2025-04-01
139459608,12025,,358000.0,2025-04-01
139438297,42025,,625000.0,2025-04-01
139466474,62025,,364000.0,2025-04-01
139450450,52025,,279000.0,2025-04-01
139462093,62025,,209000.0,2025-04-01
139467743,82025,,492927.15,2025-04-01
139458254,42025,,464000.0,2025-04-01
139461383,12026,,418416.63,2025-04-01
139464931,22025,,99000.0,2025-04-01
139438564,122025,,181206.79,2025-04-01
139458990,42025,,167000.0,2025-04-01
139460185,92025,,198658.8,2025-04-01
139469639,52025,,1145000.0,2025-04-01
139443195,22025,,181000.0,2025-04-01
139453596,22025,,220000.0,2025-04-01
139460196,72025,,767721.96,2025-04-01
139446542,42025,,401000.0,2025-04-01
139464793,112025,,290909.58,2025-04-01
139457158,92025,,360387.8,2025-04-01
139454143,32025,,243000.0,2025-04-01
139455772,12026,,128702.99,2025-04-01
139447081,42025,,161000.0,2025-04-01
139438911,82025,,311000.0,2025-04-01
139455185,122025,,141078.25,2025-04-01
139445914,92025,,150932.19,2025-04-01
139443901,82025,,616611.96,2025-04-01
139464712,82025,,384000.0,2025-04-01
139444658,92025,,417188.94,2025-04-01
139442820,12025,,638000.0,2025-04-01
139469405,92025,,213707.23,2025-04-01
139441634,82025,,421339.11,2025-04-01
139451522,32026,,209567.46,2025-04-01
139437334,12026,,335330.95,2025-04-01
139449663,52025,,176000.0,2025-04-01
139469099,32026,,167823.03,2025-04-01
139442682,112025,,160039.88,2025-04-01
139456355,22025,,251000.0,2025-04-01
139465347,102025,,514675.07,2025-04-01
139469816,32025,,599000.0,2025-04-01
139447667,122025,,469815.45,2025-04-01
139440668,92025,,301617.28,2025-04-01
139465096,32026,,197292.29,2025-04-01
139446047,22025,,184000.0,2025-04-01
139450353,122025,,799875.45,2025-04-01
139448528,42025,,148000.0,2025-04-01
139445843,82025,,157374.49,2025-04-01
139438377,22026,,84621.09,2025-04-01
139453424,122025,,447345.83,2025-04-01
139463254,32026,,601811.2,2025-04-01
139452325,62025,,701000.0,2025-04-01
139457830,42025,,274000.0,2025-04-01
139451427,22026,,296590.02,2025-04-01
139438822,12026,,156092.07,2025-04-01
139452940,62025,,331000.0,2025-04-01
139447159,12026,,201910.4,2025-04-01
139456338,82025,,88261.51,2025-04-01
139451525,62025,,382463.74,2025-04-01
139462759,112025,,578918.01,2025-04-01
139465340,112025,,297350.65,2025-04-01
139446358,122025,,272586.41,2025-04-01
139461943,112025,,248842.99,2025-04-01
139437377,42025,,763000.0,2025-04-01
139447658,102025,,198176.0,2025-04-01
139454504,122025,,212169.03,2025-04-01
139450895,122025,,69985.66,2025-04-01
139456103,122025,,118119.79,2025-04-01
139439075,52025,,288000.0,2025-04-01
139460103,102025,,312636.2,2025-04-01
139440852,12025,,76000.0,2025-04-01
139437841,92025,,332335.29,2025-04-01
139449927,32025,,45000.0,2025-04-01
139446232,62025,,179000.0,2025-04-01
139445525,102025,,422002.43,2025-04-01
139461799,32025,,275000.0,2025-04-01
139451399,102025,,297409.98,2025-04-01
139444588,122025,,304487.42,2025-04-01
139448411,102025,,324617.51,2025-04-01
139444446,12025,,629000.0,2025-04-01
139448828,92025,,302908.55,2025-04-01
139461028,102025,,250521.42,2025-04-01
139468233,62025,,131000.0,2025-04-01
139465166,122025,,341557.83,2025-04-01
139464393,52025,,349112.8,2025-04-01
139462214,12025,,309000.0,2025-04-01
139459169,62025,,190000.0,2025-04-01
139455661,12026,,276671.09,2025-04-01
139437424,62025,,314000.0,2025-04-01
139445108,32025,,618000.0,2025-04-01
139457810,82025,,249615.08,2025-04-01
139462079,22026,,134075.63,2025-04-01
139464271,52025,,259000.0,2025-04-01
139439908,32025,,150000.0,2025-04-01
139444253,12026,,526696.39,2025-04-01
139457265,92025,,346794.66,2025-04-01
139451606,102025,,125098.36,2025-04-01
139446847,12025,,444000.0,2025-04-01
139445052,62025,,196000.0,2025-04-01
139454056,12025,,327000.0,2025-04-01
139445963,42025,,325000.0,2025-04-01
139436151,52025,,359000.0,2025-04-01
139462504,22025,,200000.0,2025-04-01
139436907,102025,,419231.53,2025-04-01
139451616,22025,,273000.0,2025-04-01
139465578,62025,,805000.0,2025-04-01
139469086,12025,,238000.0,2025-04-01
139450185,22025,,130000.0,2025-04-01
139452054,92025,,572137.36,2025-04-01
139441000,12026,,147889.76,2025-04-01
139458279,32026,,237069.6,2025-04-01
139463811,102025,,160300.12,2025-04-01
139447337,12025,,797000.0,2025-04-01
139466516,72025,,438000.0,2025-04-01
139459322,102025,,307156.67,2025-04-01
139464279,72025,,199000.0,2025-04-01
139446819,12026,,274565.54,2025-04-01
139446773,92025,,1111679.32,2025-04-01
139461938,52025,,492000.0,2025-04-01
139467079,72025,,629141.74,2025-04-01
139462787,92025,,292525.07,2025-04-01
139452238,92025,,205513.73,2025-04-01
139459096,42025,,492000.0,2025-04-01
139450205,92025,,0.0,2025-04-01
139459214,122025,,245591.8,2025-04-01
139464953,62025,,202000.0,2025-04-01
139457117,52025,,91000.0,2025-04-01
139439261,112025,,67103.53,2025-04-01
139449796,22025,,180000.0,2025-04-01
139441234,102025,,317323.54,2025-04-01
139452656,112025,,494107.41,2025-04-01
139462693,22025,,763000.0,2025-04-01
139448360,32025,,415000.0,2025-04-01
139454849,72025,,206778.61,2025-04-01
139438302,42025,,171000.0,2025-04-01
139454857,42025,,315000.0,2025-04-01
139437897,82025,,706470.61,2025-04-01
139465857,52025,,147000.0,2025-04-01
139446027,12026,,138030.41,2025-04-01
139452592,112025,,139852.32,2025-04-01
139458888,42025,,315000.0,2025-04-01
139452857,102025,,424349.09,2025-04-01
139445352,112025,,136597.6,2025-04-01
139448003,62025,,305000.0,2025-04-01
139455045,12025,,140000.0,2025-04-01
139457802,122025,,672177.12,2025-04-01
139456501,22025,,80000.0,2025-04-01
139453808,12025,,318000.0,2025-04-01
139444157,32026,,660545.41,2025-04-01
139448069,92025,,350226.76,2025-04-01
139446565,112025,,740610.28,2025-04-01
139446839,32025,,630000.0,2025-04-01
139461663,22025,,781000.0,2025-04-01
139461392,52025,,748000.0,2025-04-01
139465469,72025,,136000.0,2025-04-01
139466641,72025,,437000.0,2025-04-01
139443870,32026,,325280.12,2025-04-01
139445208,32025,,673000.0,2025-04-01
139467133,12025,,150000.0,2025-04-01
139453101,92025,,287044.96,2025-04-01
139449498,102025,,193373.36,2025-04-01
139439571,82025,,776820.07,2025-04-01
139436500,72025,,166000.0,2025-04-01
139451911,112025,,777239.29,2025-04-01
139439277,62025,,194000.0,2025-04-01
139443373,92025,,796576.85,2025-04-01
139470142,82025,,307000.0,2025-04-01
139451535,32026,,858221.03,2025-04-01
139446820,82025,,218152.36,2025-04-01
139443409,102025,,308211.42,2025-04-01
139455159,42025,,206000.0,2025-04-01
139462447,12025,,534000.0,2025-04-01
139435812,42025,,458000.0,2025-04-01
139459824,42025,,512000.0,2025-04-01
139454900,62025,,92000.0,2025-04-01
139455498,52025,,208000.0,2025-04-01
139441747,92025,,265663.15,2025-04-01
139464845,52025,,255000.0,2025-04-01
139459313,22026,,242290.68,2025-04-01
139469911,12026,,320964.56,2025-04-01
139441490,72025,,157000.0,2025-04-01
139459323,32025,,463000.0,2025-04-01
139437378,102025,,302459.21,2025-04-01
139461436,102025,,346268.98,2025-04-01
139436381,12025,,396000.0,2025-04-01
139447744,52025,,279000.0,2025-04-01
139466928,52025,,149000.0,2025-04-01
139460221,72025,,83000.0,2025-04-01
139460015,112025,,281380.53,2025-04-01
139447980,12026,,275531.44,2025-04-01
139452373,12026,,791944.69,2025-04-01
139461575,72025,,73000.0,2025-04-01
139457308,12026,,546531.52,2025-04-01
139466741,12026,,337278.05,2025-04-01
139455102,22025,,204000.0,2025-04-01
139451262,32026,,286116.74,2025-04-01
139465446,102025,,164482.66,2025-04-01
139456952,82025,,430963.73,2025-04-01
139463602,42025,,438000.0,2025-04-01
139448693,82025,,200000.0,2025-04-01
139442184,22025,,464000.0,2025-04-01
139456992,112025,,256322.15,2025-04-01
139449529,82025,,723587.07,2025-04-01
139436325,32025,,524000.0,2025-04-01
139447520,52025,,174000.0,2025-04-01
139442914,42025,,56000.0,2025-04-01
139458213,12026,,110045.41,2025-04-01
139435785,112025,,386711.62,2025-04-01
139447310,82025,,329734.39,2025-04-01
139459002,92025,,254469.17,2025-04-01
139454279,102025,,235290.38,2025-04-01
139463086,32025,,309000.0,2025-04-01
139453933,32025,,295000.0,2025-04-01
139442757,122025,,772274.46,2025-04-01
139457731,92025,,169809.8,2025-04-01
139462378,32026,,248005.02,2025-04-01
139468757,22026,,126266.46,2025-04-01
139463839,22025,,275000.0,2025-04-01
139443048,22025,,327000.0,2025-04-01
139444523,52025,,189544.22,2025-04-01
139466747,22025,,281000.0,2025-04-01
139453903,32025,,112000.0,2025-04-01
139467131,22025,,249000.0,2025-04-01
139446069,52025,,117000.0,2025-04-01
139462387,32026,,123783.47,2025-04-01
139465383,42025,,339000.0,2025-04-01
139456799,12025,,120000.0,2025-04-01
139469931,22026,,291737.83,2025-04-01
139458043,72025,,492000.0,2025-04-01
139455793,32025,,467000.0,2025-04-01
139455986,102025,,442865.62,2025-04-01
139448189,42025,,212000.0,2025-04-01
139452226,42025,,222000.0,2025-04-01
139440790,12025,,542000.0,2025-04-01
139451837,92025,,801312.69,2025-04-01
139456204,52025,,719000.0,2025-04-01
139456609,62025,,522000.0,2025-04-01
139453481,122025,,315281.99,2025-04-01
139444910,122025,,257807.76,2025-04-01
139443441,112025,,308377.67,2025-04-01
139460605,12025,,333000.0,2025-04-01
139446842,32025,,184000.0,2025-04-01
139441636,32025,,566000.0,2025-04-01
139447686,122025,,293426.67,2025-04-01
139452847,12025,,438000.0,2025-04-01
139465083,52025,,497000.0,2025-04-01
139463457,72025,,761000.0,2025-04-01
139467305,52025,,173000.0,2025-04-01
139449642,22025,,354000.0,2025-04-01
139442407,32026,,383031.57,2025-04-01
139452906,92025,,326144.48,2025-04-01
139443545,92025,,408888.65,2025-04-01
139452648,62025,,283000.0,2025-04-01
139463099,42025,,283000.0,2025-04-01
139463915,32026,,230331.89,2025-04-01
139465245,22026,,435535.57,2025-04-01
139467127,102025,,405037.29,2025-04-01
139462752,22025,,74000.0,2025-04-01
139460507,22025,,187000.0,2025-04-01
139452118,12025,,930000.0,2025-04-01
139438953,32025,,202000.0,2025-04-01
139458298,32026,,128038.59,2025-04-01
139435789,122025,,485687.94,2025-04-01
139441683,22025,,100000.0,2025-04-01
139455212,12025,,233000.0,2025-04-01
139457675,62025,,0.0,2025-04-01
139452961,42025,,167000.0,2025-04-01
139455188,22025,,415000.0,2025-04-01
139461764,32025,,202000.0,2025-04-01
139436072,52025,,174000.0,2025-04-01
139440950,32026,,246619.9,2025-04-01
139443294,72025,,60000.0,2025-04-01
139443245,22026,,240969.18,2025-04-01
139449311,52025,,184000.0,2025-04-01
139446589,92025,,77956.07,2025-04-01
139469473,72025,,195000.0,2025-04-01
139441172,122025,,179796.23,2025-04-01
139446914,82025,,363483.36,2025-04-01
139444858,12025,,329000.0,2025-04-01
139453647,112025,,585939.51,2025-04-01
139436000,82025,,304641.91,2025-04-01
139466368,72025,,597000.0,2025-04-01
139462682,22025,,406000.0,2025-04-01
139459917,122025,,74368.25,2025-04-01
139450135,82025,,476906.79,2025-04-01
139464777,22025,,400000.0,2025-04-01
139437795,52025,,300000.0,2025-04-01
139466219,12026,,72912.71,2025-04-01
139458267,42025,,504000.0,2025-04-01
139443234,32026,,304486.05,2025-04-01
139468879,102025,,250994.89,2025-04-01
139437688,22026,,164171.2,2025-04-01
139455582,102025,,568628.67,2025-04-01
139463474,102025,,297413.61,2025-04-01
139438721,72025,,247543.21,2025-04-01
139448931,62025,,164000.0,2025-04-01
139465307,42025,,381000.0,2025-04-01
139464197,122025,,131768.68,2025-04-01
139463809,62025,,532000.0,2025-04-01
139452015,42025,,178000.0,2025-04-01
139437760,62025,,283000.0,2025-04-01
139468895,32026,,398927.57,2025-04-01
139450437,22025,,302000.0,2025-04-01
139467741,52025,,450000.0,2025-04-01
139454445,32026,,434229.83,2025-04-01
139438496,32025,,277000.0,2025-04-01
139437863,72025,,396000.0,2025-04-01
139468067,22026,,122045.88,2025-04-01
139436394,42025,,449000.0,2025-04-01
139441005,12026,,242820.86,2025-04-01
139454528,22025,,244000.0,2025-04-01
139465519,62025,,255000.0,2025-04-01
139438722,72025,,134000.0,2025-04-01
139438558,82025,,121682.48,2025-04-01
139442052,112025,,423101.61,2025-04-01
139446232,82025,,178704.7,2025-04-01
139456712,22026,,488507.83,2025-04-01
139463920,42025,,74000.0,2025-04-01
139459567,22025,,210000.0,2025-04-01
139456688,12026,,176651.4,2025-04-01
139443768,112025,,201929.3,2025-04-01
139466369,112025,,535344.53,2025-04-01
139456362,22025,,410000.0,2025-04-01
139463797,102025,,0.0,2025-04-01
139457631,72025,,280000.0,2025-04-01
139441305,42025,,372000.0,2025-04-01
139446291,22026,,168396.81,2025-04-01
139438515,52025,,268000.0,2025-04-01
139445881,32026,,542198.08,2025-04-01
139441007,82025,,601798.58,2025-04-01
139456236,112025,,144770.11,2025-04-01
139437141,12026,,94473.44,2025-04-01
139466772,12026,,621351.84,2025-04-01
139449143,22025,,289000.0,2025-04-01
139441260,92025,,12352.66,2025-04-01
139464846,102025,,373353.03,2025-04-01
139465876,62025,,638000.0,2025-04-01
139442867,122025,,388473.59,2025-04-01
139451278,42025,,536000.0,2025-04-01
139462174,32025,,88000.0,2025-04-01
139459460,82025,,494167.86,2025-04-01
139443751,12025,,335000.0,2025-04-01
139437752,12026,,174625.19,2025-04-01
139437480,102025,,384753.93,2025-04-01
139455204,12025,,139000.0,2025-04-01
139446331,62025,,352000.0,2025-04-01
139441798,12025,,255000.0,2025-04-01
139462657,52025,,344000.0,2025-04-01
139439887,102025,,530961.4,2025-04-01
139449562,32025,,1044000.0,2025-04-01
139457711,122025,,662934.56,2025-04-01
139450854,32025,,553000.0,2025-04-01
139441976,122025,,181511.18,2025-04-01
139451334,72025,,189000.0,2025-04-01
139465500,82025,,236643.75,2025-04-01
139465570,52025,,439000.0,2025-04-01
139451775,102025,,172988.64,2025-04-01
139436878,102025,,461637.51,2025-04-01
139459307,52025,,313000.0,2025-04-01
139453134,92025,,296513.44,2025-04-01
139435925,32026,,329719.34,2025-04-01
139454086,12026,,185453.51,2025-04-01
139437781,112025,,341982.12,2025-04-01
139456559,22025,,539000.0,2025-04-01
139468156,52025,,308000.0,2025-04-01
139457980,32025,,664000.0,2025-04-01
139453183,32025,,209000.0,2025-04-01
139466144,42025,,790000.0,2025-04-01
139469276,122025,,0.0,2025-04-01
139454800,12026,,259115.5,2025-04-01
139461520,82025,,267527.34,2025-04-01
139464119,12025,,398000.0,2025-04-01
139449304,12025,,145000.0,2025-04-01
139449028,12026,,103287.94,2025-04-01
139445454,22026,,72781.23,2025-04-01
139469167,12026,,256031.47,2025-04-01
139458151,22025,,270000.0,2025-04-01
139438537,112025,,624653.49,2025-04-01
139441451,32026,,166122.83,2025-04-01
139467412,22025,,232000.0,2025-04-01
139465249,32026,,355046.15,2025-04-01
139450022,82025,,235854.27,2025-04-01
139441407,12025,,147000.0,2025-04-01
139452903,92025,,38691.2,2025-04-01
139446949,72025,,219000.0,2025-04-01
139437778,112025,,165322.59,2025-04-01
139456497,112025,,484322.13,2025-04-01
139436783,22026,,174972.24,2025-04-01
139454205,22026,,271331.49,2025-04-01
139465416,42025,,160000.0,2025-04-01
139438359,32025,,159000.0,2025-04-01
139463373,52025,,200000.0,2025-04-01
139439752,62025,,298000.0,2025-04-01
139461365,122025,,98697.06,2025-04-01
139444914,12025,,630000.0,2025-04-01
139445863,102025,,158717.36,2025-04-01
139461871,102025,,184824.29,2025-04-01
139435954,62025,,121000.0,2025-04-01
139459292,22025,,311000.0,2025-04-01
139454600,72025,,237822.87,2025-04-01
139438819,62025,,259000.0,2025-04-01
139466645,92025,,294676.33,2025-04-01
139450170,102025,,192778.31,2025-04-01
139440022,112025,,0.0,2025-04-01
139437832,62025,,197000.0,2025-04-01
139452760,102025,,305917.64,2025-04-01
139459283,102025,,105697.01,2025-04-01
139456321,102025,,471559.25,2025-04-01
139441666,42025,,143000.0,2025-04-01
139458417,62025,,226000.0,2025-04-01
139457562,102025,,497705.52,2025-04-01
139459795,12025,,105000.0,2025-04-01
139469466,42025,,270000.0,2025-04-01
139459357,72025,,395000.0,2025-04-01
139454470,52025,,780000.0,2025-04-01
139462574,52025,,588000.0,2025-04-01
139465635,22025,,460000.0,2025-04-01
139455776,12026,,167886.57,2025-04-01
139468008,102025,,785647.81,2025-04-01
139455187,62025,,223000.0,2025-04-01
139457730,52025,,358000.0,2025-04-01
139438720,12025,,131000.0,2025-04-01
139444914,32025,,629000.0,2025-04-01
139461646,72025,,500000.0,2025-04-01
139463756,62025,,403000.0,2025-04-01
139450638,92025,,794501.52,2025-04-01
139439337,32025,,510000.0,2025-04-01
139443131,32025,,234000.0,2025-04-01
139459307,92025,,311412.38,2025-04-01
139469565,112025,,164409.94,2025-04-01
139442415,102025,,598902.21,2025-04-01
139445144,52025,,429000.0,2025-04-01
139454453,22026,,297025.18,2025-04-01
139436095,72025,,448000.0,2025-04-01
139445612,102025,,844050.48,2025-04-01
139457319,32025,,152000.0,2025-04-01
139470201,62025,,366000.0,2025-04-01
139455183,22025,,798000.0,2025-04-01
139452381,52025,,323000.0,2025-04-01
139465683,22025,,570000.0,2025-04-01
139444607,12025,,210000.0,2025-04-01
139459123,52025,,633000.0,2025-04-01
139462860,12025,,99000.0,2025-04-01
139463968,12025,,394000.0,2025-04-01
139455288,22025,,691000.0,2025-04-01
139459448,82025,,740000.0,2025-04-01
139460875,72025,,560000.0,2025-04-01
139464902,92025,,270004.44,2025-04-01
139467385,92025,,112313.67,2025-04-01
139453374,22026,,566188.27,2025-04-01
139468951,32026,,119846.5,2025-04-01
139443936,122025,,291985.62,2025-04-01
139469615,62025,,279000.0,2025-04-01
139442906,82025,,793503.86,2025-04-01
139460059,72025,,219000.0,2025-04-01
139458899,72025,,284326.76,2025-04-01
139436428,32026,,179777.81,2025-04-01
139467287,72025,,215000.0,2025-04-01
139462407,82025,,196637.03,2025-04-01
139457514,92025,,337308.59,2025-04-01
139469560,102025,,319818.53,2025-04-01
139469073,22026,,108092.54,2025-04-01
139451859,102025,,588950.24,2025-04-01
139438849,42025,,0.0,2025-04-01
139453979,82025,,255803.16,2025-04-01
139464464,32026,,66158.66,2025-04-01
139446530,22025,,310000.0,2025-04-01
139466661,82025,,314000.0,2025-04-01
139469192,72025,,95000.0,2025-04-01
139446541,12026,,125740.71,2025-04-01
139450296,12025,,418000.0,2025-04-01
139449591,82025,,243194.23,2025-04-01
139453104,12025,,575000.0,2025-04-01
139461287,22025,,150000.0,2025-04-01
139448446,92025,,452468.17,2025-04-01
139444686,22025,,156000.0,2025-04-01
139444798,12026,,252404.68,2025-04-01
139447048,122025,,528725.46,2025-04-01
139437119,92025,,625465.51,2025-04-01
139466781,122025,,109130.49,2025-04-01
139469530,42025,,244000.0,2025-04-01
139436047,12026,,331692.67,2025-04-01
139460368,82025,,192115.09,2025-04-01
139457313,102025,,66852.42,2025-04-01
139438627,92025,,149932.74,2025-04-01
139437101,62025,,100000.0,2025-04-01
139455803,22025,,214000.0,2025-04-01
139457625,112025,,247892.02,2025-04-01
139452057,72025,,91000.0,2025-04-01
139469579,92025,,114211.37,2025-04-01
139454715,22026,,562188.8,2025-04-01
139446091,72025,,955000.0,2025-04-01
139437829,12026,,434399.4,2025-04-01
139464409,42025,,531000.0,2025-04-01
139450781,92025,,229549.53,2025-04-01
139446239,82025,,495991.02,2025-04-01
139449984,82025,,743332.76,2025-04-01
139467698,52025,,654000.0,2025-04-01
139448842,102025,,281239.78,2025-04-01
139467400,92025,,129785.25,2025-04-01
139452862,52025,,178000.0,2025-04-01
139435936,72025,,202000.0,2025-04-01
139468241,72025,,156000.0,2025-04-01
139437814,112025,,548439.55,2025-04-01
139457714,62025,,203000.0,2025-04-01
139441109,122025,,197000.23,2025-04-01
139441084,42025,,322000.0,2025-04-01
139454191,82025,,249007.24,2025-04-01
139452852,62025,,1160000.0,2025-04-01
139466288,12025,,141000.0,2025-04-01
139460499,122025,,617170.11,2025-04-01
139443994,92025,,220109.55,2025-04-01
139462218,12026,,295672.13,2025-04-01
139458579,42025,,374000.0,2025-04-01
139440998,32026,,573986.59,2025-04-01
139449354,122025,,198356.1,2025-04-01
139460853,102025,,277327.09,2025-04-01
139447124,22025,,138000.0,2025-04-01
139451272,82025,,274000.0,2025-04-01
139448026,22026,,376985.5,2025-04-01
139446742,52025,,324000.0,2025-04-01
139448067,22026,,466782.29,2025-04-01
139453017,82025,,384850.13,2025-04-01
139436825,22025,,191000.0,2025-04-01
139464319,82025,,53692.27,2025-04-01
139459174,22026,,710944.4,2025-04-01
139453872,32025,,190000.0,2025-04-01
139454047,32026,,575550.72,2025-04-01
139455896,22025,,132000.0,2025-04-01
139442537,32025,,391000.0,2025-04-01
139442919,52025,,500000.0,2025-04-01
139466503,22026,,122592.12,2025-04-01
139443097,62025,,549000.0,2025-04-01
139437315,42025,,798000.0,2025-04-01
139443048,12026,,324086.56,2025-04-01
139440907,22026,,261722.18,2025-04-01
139468702,12025,,330000.0,2025-04-01
139468144,22025,,229000.0,2025-04-01
139457519,12025,,348000.0,2025-04-01
139465867,22025,,82000.0,2025-04-01
139461450,32025,,199000.0,2025-04-01
139438808,92025,,186403.04,2025-04-01
139469962,42025,,163000.0,2025-04-01
139436634,12026,,98978.12,2025-04-01
139451854,32026,,321031.76,2025-04-01
139446809,52025,,435000.0,2025-04-01
139457381,52025,,1032000.0,2025-04-01
139450443,22025,,499000.0,2025-04-01
139436962,12025,,120000.0,2025-04-01
139445951,112025,,457247.89,2025-04-01
139469221,102025,,181054.43,2025-04-01
139462518,12025,,807000.0,2025-04-01
139460973,12025,,440000.0,2025-04-01
139465625,52025,,211000.0,2025-04-01
139459037,122025,,111988.41,2025-04-01
139456434,112025,,361697.9,2025-04-01
139462488,62025,,418000.0,2025-04-01
139440833,52025,,498000.0,2025-04-01
139467605,22026,,409421.91,2025-04-01
139443422,42025,,256000.0,2025-04-01
139466746,82025,,238000.0,2025-04-01
139447052,32026,,234336.05,2025-04-01
139450728,112025,,139836.15,2025-04-01
139440579,32025,,593000.0,2025-04-01
139455198,82025,,372862.65,2025-04-01
139462343,22025,,400000.0,2025-04-01
139463094,42025,,299000.0,2025-04-01
139450691,12025,,224000.0,2025-04-01
139447295,112025,,241560.3,2025-04-01
139443449,22026,,53465.74,2025-04-01
139443392,32025,,558000.0,2025-04-01
139461793,32025,,487000.0,2025-04-01
139447156,122025,,468098.35,2025-04-01
139437540,42025,,763000.0,2025-04-01
139450707,42025,,704000.0,2025-04-01
139464224,82025,,94849.47,2025-04-01
139439734,72025,,265000.0,2025-04-01
139458893,72025,,84000.0,2025-04-01
139439358,112025,,488731.46,2025-04-01
139441024,92025,,219718.53,2025-04-01
139437988,32026,,444177.57,2025-04-01
139462712,122025,,747997.13,2025-04-01
139447614,22025,,804000.0,2025-04-01
139456132,92025,,468554.12,2025-04-01
139445176,22025,,136000.0,2025-04-01
139448952,112025,,485124.74,2025-04-01
139441439,22025,,355000.0,2025-04-01
139440030,32026,,69145.31,2025-04-01
139445777,22025,,360000.0,2025-04-01
139468620,52025,,1144000.0,2025-04-01
139461198,22026,,147850.16,2025-04-01
139441897,22025,,93000.0,2025-04-01
139455615,22026,,0.0,2025-04-01
139467638,42025,,290000.0,2025-04-01
139438574,32026,,171760.03,2025-04-01
139438434,32025,,279000.0,2025-04-01
139450674,102025,,387061.98,2025-04-01
139441229,12025,,182000.0,2025-04-01
139439392,122025,,217375.07,2025-04-01
139453757,62025,,233000.0,2025-04-01
139448155,122025,,732872.36,2025-04-01
139437367,22025,,300000.0,2025-04-01
139446655,102025,,499298.62,2025-04-01
139444505,12025,,140000.0,2025-04-01
139445488,92025,,572403.04,2025-04-01
139440531,52025,,678000.0,2025-04-01
139442084,12026,,33696.23,2025-04-01
139465331,32025,,352000.0,2025-04-01
139468648,92025,,273391.07,2025-04-01
139456138,22025,,243000.0,2025-04-01
139445769,122025,,130767.83,2025-04-01
139449055,12025,,49000.0,2025-04-01
139468135,72025,,230000.0,2025-04-01
139461317,12026,,0.0,2025-04-01
139456900,92025,,203524.77,2025-04-01
139464093,32025,,376000.0,2025-04-01
139462296,62025,,245989.98,2025-04-01
139448014,42025,,100000.0,2025-04-01
139466048,12026,,245405.09,2025-04-01
139459719,32026,,212180.94,2025-04-01
139464505,22025,,205000.0,2025-04-01
139437464,112025,,384727.1,2025-04-01
139441056,122025,,238503.95,2025-04-01
139450906,22026,,176035.38,2025-04-01
139435880,102025,,356758.42,2025-04-01
139459870,22026,,320661.58,2025-04-01
139462783,112025,,186708.71,2025-04-01
139462905,32026,,152431.58,2025-04-01
139450882,42025,,162000.0,2025-04-01
139454985,12026,,268136.3,2025-04-01
139464885,32025,,155000.0,2025-04-01
139462847,102025,,396752.79,2025-04-01
139436160,52025,,787025.93,2025-04-01
139438156,112025,,180806.47,2025-04-01
139441452,112025,,277639.06,2025-04-01
139440726,42025,,95000.0,2025-04-01
139439882,92025,,330045.81,2025-04-01
139445145,22025,,360000.0,2025-04-01
139466003,72025,,263000.0,2025-04-01
139437797,22025,,216000.0,2025-04-01
139445499,62025,,130000.0,2025-04-01
139468669,42025,,293000.0,2025-04-01
139460238,32026,,121967.88,2025-04-01
139436367,102025,,384998.19,2025-04-01
139451002,122025,,310836.43,2025-04-01
139463230,12026,,753727.11,2025-04-01
139456844,82025,,284000.0,2025-04-01
139448436,52025,,422000.0,2025-04-01
139437982,32025,,346000.0,2025-04-01
139464461,22025,,427000.0,2025-04-01
139465680,12025,,79000.0,2025-04-01
139436694,22025,,587000.0,2025-04-01
139455714,22025,,511000.0,2025-04-01
139450631,12026,,220391.35,2025-04-01
139467690,22026,,148266.97,2025-04-01
139455024,92025,,313419.18,2025-04-01
139453777,52025,,54000.0,2025-04-01
139449277,22025,,350000.0,2025-04-01
139443904,52025,,313000.0,2025-04-01
139467600,92025,,595654.48,2025-04-01
139440485,22025,,123000.0,2025-04-01
139460647,62025,,323000.0,2025-04-01
139440263,22025,,546000.0,2025-04-01
139447541,12026,,326268.34,2025-04-01
139444847,32026,,374889.18,2025-04-01
139446167,72025,,639000.0,2025-04-01
139445894,32026,,215890.22,2025-04-01
139461554,92025,,353766.6,2025-04-01
139462282,112025,,660292.99,2025-04-01
139442982,122025,,674414.48,2025-04-01
139444156,82025,,358840.19,2025-04-01
139451273,22026,,360928.84,2025-04-01
139448045,22025,,301000.0,2025-04-01
139468586,32026,,412791.08,2025-04-01
139460777,62025,,621000.0,2025-04-01
139461680,82025,,90028.57,2025-04-01
139466766,12026,,234451.57,2025-04-01
139435881,82025,,305501.68,2025-04-01
139441457,112025,,328793.3,2025-04-01
139436873,82025,,233094.69,2025-04-01
139456923,22025,,250000.0,2025-04-01
139465692,52025,,234000.0,2025-04-01
139467740,42025,,219000.0,2025-04-01
139463030,42025,,175000.0,2025-04-01
139451949,22025,,216000.0,2025-04-01
139452132,102025,,277210.43,2025-04-01
139445593,82025,,66568.34,2025-04-01
139436431,12025,,760000.0,2025-04-01
139462684,72025,,331590.45,2025-04-01
139458504,12026,,108452.66,2025-04-01
139468509,42025,,90000.0,2025-04-01
139442392,32025,,389000.0,2025-04-01
139453994,12026,,377705.15,2025-04-01
139459258,122025,,991405.27,2025-04-01
139463947,32025,,673000.0,2025-04-01
139465311,92025,,476456.16,2025-04-01
139438596,112025,,284436.91,2025-04-01
139451992,72025,,422000.0,2025-04-01
139464174,92025,,392749.07,2025-04-01
139448991,92025,,264257.79,2025-04-01
139440272,22025,,693000.0,2025-04-01
139460082,102025,,851446.72,2025-04-01
139462452,32025,,0.0,2025-04-01
139456016,22025,,85000.0,2025-04-01
139445822,62025,,324000.0,2025-04-01
139450494,52025,,228000.0,2025-04-01
139450875,42025,,241000.0,2025-04-01
139461544,32026,,161203.71,2025-04-01
139450210,12025,,126000.0,2025-04-01
139459053,12025,,432000.0,2025-04-01
139447452,22025,,392000.0,2025-04-01
139461547,62025,,224000.0,2025-04-01
139451631,122025,,95747.66,2025-04-01
139447682,92025,,287902.99,2025-04-01
139457886,32026,,191631.32,2025-04-01
139446811,22025,,112000.0,2025-04-01
139440654,42025,,502000.0,2025-04-01
139450878,12025,,169000.0,2025-04-01
139448534,102025,,297257.23,2025-04-01
139452295,82025,,80000.0,2025-04-01
139447446,42025,,142000.0,2025-04-01
139455357,72025,,288000.0,2025-04-01
139459887,72025,,544000.0,2025-04-01
139454213,72025,,397000.0,2025-04-01
139452264,72025,,244185.92,2025-04-01
139446067,82025,,746169.68,2025-04-01
139448488,112025,,202189.69,2025-04-01
139442271,62025,,691000.0,2025-04-01
139469965,52025,,512000.0,2025-04-01
139464347,92025,,354514.13,2025-04-01
139447925,32025,,165000.0,2025-04-01
139449091,22025,,464000.0,2025-04-01
139469764,62025,,247000.0,2025-04-01
139468211,52025,,313000.0,2025-04-01
139450892,22025,,157000.0,2025-04-01
139465603,12025,,276000.0,2025-04-01
139469389,42025,,140000.0,2025-04-01
139440817,12025,,605000.0,2025-04-01
139441852,52025,,317000.0,2025-04-01
139463036,102025,,788799.98,2025-04-01
139436765,62025,,220000.0,2025-04-01
139451213,32025,,294000.0,2025-04-01
139449724,92025,,531139.88,2025-04-01
139464862,92025,,184141.68,2025-04-01
139444385,102025,,156282.47,2025-04-01
139459179,112025,,156926.68,2025-04-01
139455562,62025,,870000.0,2025-04-01
139462496,112025,,393807.18,2025-04-01
139463197,62025,,477000.0,2025-04-01
139443660,32025,,761000.0,2025-04-01
139438744,52025,,561000.0,2025-04-01
139464793,72025,,292416.82,2025-04-01
139435510,82025,,505240.9,2025-04-01
139435561,32025,,438000.0,2025-04-01
139442007,12026,,264970.25,2025-04-01
139453928,92025,,622265.03,2025-04-01
139466186,22025,,1013000.0,2025-04-01
139446272,42025,,57000.0,2025-04-01
139468527,62025,,1004000.0,2025-04-01
139445740,32025,,250000.0,2025-04-01
139454840,62025,,464000.0,2025-04-01
139470206,12026,,255935.04,2025-04-01
139448023,22025,,181000.0,2025-04-01
139447643,72025,,124000.0,2025-04-01
139441478,102025,,202794.65,2025-04-01
139451954,62025,,650000.0,2025-04-01
139461576,112025,,123516.87,2025-04-01
139460484,32025,,669000.0,2025-04-01
139463453,122025,,286163.64,2025-04-01
139468663,82025,,194819.02,2025-04-01
139445318,22025,,88000.0,2025-04-01
139463112,92025,,288355.9,2025-04-01
139470062,82025,,161030.74,2025-04-01
139439283,72025,,355000.0,2025-04-01
139441956,92025,,554303.73,2025-04-01
139463335,12026,,431869.08,2025-04-01
139464643,32025,,362000.0,2025-04-01
139467260,112025,,567552.23,2025-04-01
139445135,92025,,134997.58,2025-04-01
139440000,62025,,317000.0,2025-04-01
139460999,22025,,474000.0,2025-04-01
139439458,22026,,460018.57,2025-04-01
139465144,92025,,368173.58,2025-04-01
139438714,112025,,178906.0,2025-04-01
139466345,32025,,99000.0,2025-04-01
139458630,12025,,636000.0,2025-04-01
139439440,12025,,257000.0,2025-04-01
139466967,52025,,82000.0,2025-04-01
139463107,12025,,222000.0,2025-04-01
139466899,92025,,382878.07,2025-04-01
139465030,22026,,368830.94,2025-04-01
139457113,72025,,296000.0,2025-04-01
139449343,112025,,151007.33,2025-04-01
139445497,32025,,399000.0,2025-04-01
139460772,122025,,222677.09,2025-04-01
139438268,42025,,107000.0,2025-04-01
139468249,102025,,742919.53,2025-04-01
139456929,112025,,246771.81,2025-04-01
139467682,32025,,142000.0,2025-04-01
139469042,12025,,382000.0,2025-04-01
139441141,52025,,569000.0,2025-04-01
139441428,82025,,179749.28,2025-04-01
139437974,22025,,209000.0,2025-04-01
139456816,82025,,215619.67,2025-04-01
139452463,92025,,437843.94,2025-04-01
139444230,72025,,109000.0,2025-04-01
139463971,102025,,321369.7,2025-04-01
139450851,102025,,445195.58,2025-04-01
139469017,112025,,277462.54,2025-04-01
139467723,22025,,327000.0,2025-04-01
139449909,102025,,390328.96,2025-04-01
139456229,82025,,737000.0,2025-04-01
139450337,32025,,298000.0,2025-04-01
139444923,122025,,449983.79,2025-04-01
139450938,72025,,140000.0,2025-04-01
139468107,22025,,412000.0,2025-04-01
139469187,32026,,239078.93,2025-04-01
139449461,112025,,178867.25,2025-04-01
139455803,52025,,111000.0,2025-04-01
139459588,22025,,226000.0,2025-04-01
139440942,92025,,715410.47,2025-04-01
139439372,52025,,486000.0,2025-04-01
139466596,102025,,265000.0,2025-04-01
139455533,32026,,759169.06,2025-04-01
139458049,12025,,131000.0,2025-04-01
139435992,102025,,468000.0,2025-04-01
139448060,22025,,100000.0,2025-04-01
139459266,12025,,244000.0,2025-04-01
139454238,72025,,169000.0,2025-04-01
139447763,32025,,223000.0,2025-04-01
139460801,112025,,195452.72,2025-04-01
139458427,32025,,610000.0,2025-04-01
139463948,22026,,182630.02,2025-04-01
139459818,32026,,419846.18,2025-04-01
139464154,32025,,311000.0,2025-04-01
139457964,102025,,78378.78,2025-04-01
139443004,12025,,274000.0,2025-04-01
139440554,62025,,207000.0,2025-04-01
139442541,92025,,148921.0,2025-04-01
139461519,92025,,97789.94,2025-04-01
139451456,52025,,277000.0,2025-04-01
139445449,122025,,285794.96,2025-04-01
139463868,32025,,389000.0,2025-04-01
139468701,12025,,212000.0,2025-04-01
139467185,32026,,88927.14,2025-04-01
139458919,92025,,130425.61,2025-04-01
139447862,122025,,281252.69,2025-04-01
139452545,12026,,123948.03,2025-04-01
139445142,112025,,537336.13,2025-04-01
139440937,12025,,583000.0,2025-04-01
139436733,82025,,184870.85,2025-04-01
139440788,82025,,296193.48,2025-04-01
139453347,122025,,236760.17,2025-04-01
139438100,22026,,501712.75,2025-04-01
139468646,72025,,109487.64,2025-04-01
139447548,102025,,193077.65,2025-04-01
139449862,42025,,642000.0,2025-04-01
139465800,62025,,84000.0,2025-04-01
139467801,12026,,324804.74,2025-04-01
139461256,12026,,201202.73,2025-04-01
139453009,12025,,368000.0,2025-04-01
139448212,22025,,125000.0,2025-04-01
139438733,42025,,198000.0,2025-04-01
139445822,22026,,321363.24,2025-04-01
139446504,102025,,227029.18,2025-04-01
139467192,42025,,363000.0,2025-04-01
139456549,92025,,84990.25,2025-04-01
139465627,122025,,185591.73,2025-04-01
139445602,42025,,222000.0,2025-04-01
139469943,122025,,193321.84,2025-04-01
139450808,102025,,170976.67,2025-04-01
139436862,62025,,486000.0,2025-04-01
139441626,82025,,360000.0,2025-04-01
139455432,32026,,172628.97,2025-04-01
139453910,122025,,72254.09,2025-04-01
139461118,12025,,233000.0,2025-04-01
139435664,52025,,219000.0,2025-04-01
139445437,72025,,159715.19,2025-04-01
139442151,22025,,177000.0,2025-04-01
139461890,32026,,402787.9,2025-04-01
139445886,32025,,539000.0,2025-04-01
139459391,122025,,207761.88,2025-04-01
139453567,82025,,598914.6,2025-04-01
139438681,52025,,439000.0,2025-04-01
139449037,42025,,359000.0,2025-04-01
139465456,72025,,392981.27,2025-04-01
139469198,22026,,360899.8,2025-04-01
139442056,22026,,147767.37,2025-04-01
139455532,72025,,231000.0,2025-04-01
139436413,12025,,331000.0,2025-04-01
139444867,62025,,539000.0,2025-04-01
139441526,52025,,219000.0,2025-04-01
139440014,22026,,153247.72,2025-04-01
139462369,52025,,317000.0,2025-04-01
139462201,72025,,215000.0,2025-04-01
139446580,12025,,679000.0,2025-04-01
139468489,122025,,65704.42,2025-04-01
139463572,62025,,115000.0,2025-04-01
139455879,12025,,216000.0,2025-04-01
139468080,12026,,287827.33,2025-04-01
139469238,32025,,661000.0,2025-04-01
139445594,92025,,183562.85,2025-04-01
139456206,122025,,468522.9,2025-04-01
139459901,62025,,449000.0,2025-04-01
139446388,32025,,242000.0,2025-04-01
139458571,92025,,528127.9,2025-04-01
139450569,72025,,276000.0,2025-04-01
139445799,52025,,385000.0,2025-04-01
139463636,72025,,288000.0,2025-04-01
139440200,92025,,401392.4,2025-04-01
139470196,82025,,198786.25,2025-04-01
139463010,72025,,262000.0,2025-04-01
139438392,52025,,399000.0,2025-04-01
139450190,92025,,386241.85,2025-04-01
139463541,12026,,147132.55,2025-04-01
139468185,12026,,740464.63,2025-04-01
139455171,122025,,311371.42,2025-04-01
139463951,62025,,449000.0,2025-04-01
139457952,32025,,180000.0,2025-04-01
139447693,32025,,225000.0,2025-04-01
139470014,82025,,282000.0,2025-04-01
139469023,32026,,388312.96,2025-04-01
139469844,92025,,396091.4,2025-04-01
139449355,32025,,105000.0,2025-04-01
139441100,12026,,351390.59,2025-04-01
139440834,82025,,192000.0,2025-04-01
139443089,22025,,262000.0,2025-04-01
139465703,32026,,374771.98,2025-04-01
139440210,72025,,166000.0,2025-04-01
139435594,32025,,309000.0,2025-04-01
139469473,42025,,196000.0,2025-04-01
139465409,32026,,651579.13,2025-04-01
139464467,42025,,241000.0,2025-04-01
139448957,122025,,183154.12,2025-04-01
139437126,12025,,1150000.0,2025-04-01
139438166,102025,,342604.89,2025-04-01
139443708,72025,,780935.29,2025-04-01
139465192,62025,,369000.0,2025-04-01
139443710,92025,,749442.62,2025-04-01
139461570,22026,,374899.5,2025-04-01
139459744,12025,,331000.0,2025-04-01
139468412,42025,,150000.0,2025-04-01
139465605,82025,,342534.9,2025-04-01
139439909,102025,,0.0,2025-04-01
139440829,62025,,204000.0,2025-04-01
139468626,12025,,80000.0,2025-04-01
139443655,12025,,383000.0,2025-04-01
139464291,82025,,222081.93,2025-04-01
139454191,32026,,245013.3,2025-04-01
139443641,32026,,196943.46,2025-04-01
139440554,52025,,207000.0,2025-04-01
139466941,32026,,375040.34,2025-04-01
139440525,22026,,226185.67,2025-04-01
139466992,32026,,354041.75,2025-04-01
139458316,92025,,138956.65,2025-04-01
139457527,32025,,110000.0,2025-04-01
139451926,32025,,150000.0,2025-04-01
139449801,12025,,540000.0,2025-04-01
139435537,32025,,746000.0,2025-04-01
139458551,82025,,164000.0,2025-04-01
139452142,112025,,174529.0,2025-04-01
139456788,22026,,323799.93,2025-04-01
139456091,92025,,192047.22,2025-04-01
139467002,32025,,612000.0,2025-04-01
139466653,62025,,455000.0,2025-04-01
139455217,12026,,479734.67,2025-04-01
139454104,22026,,323872.38,2025-04-01
139470150,102025,,153245.75,2025-04-01
139438816,52025,,299000.0,2025-04-01
139449059,112025,,191074.35,2025-04-01
139454565,102025,,323591.36,2025-04-01
139435536,12025,,292000.0,2025-04-01
139448600,22026,,557401.73,2025-04-01
139441775,92025,,444005.99,2025-04-01
139457502,102025,,218417.54,2025-04-01
139465139,82025,,99387.49,2025-04-01
139438278,112025,,528408.86,2025-04-01
139469502,62025,,239000.0,2025-04-01
139452539,42025,,100000.0,2025-04-01
139469608,52025,,158000.0,2025-04-01
139457805,112025,,235791.68,2025-04-01
139440109,72025,,215239.96,2025-04-01
139451883,82025,,184832.05,2025-04-01
139437459,122025,,128187.72,2025-04-01
139457231,42025,,277000.0,2025-04-01
139462952,72025,,191373.07,2025-04-01
139446297,22025,,862000.0,2025-04-01
139440728,92025,,133905.69,2025-04-01
139440446,102025,,465569.31,2025-04-01
139438494,122025,,369244.97,2025-04-01
139460223,12026,,435175.38,2025-04-01
139451059,102025,,114210.84,2025-04-01
139468200,42025,,201000.0,2025-04-01
139443892,72025,,437607.49,2025-04-01
139462285,72025,,201000.0,2025-04-01
139463060,82025,,78904.69,2025-04-01
139463384,22026,,304624.49,2025-04-01
139439859,12026,,239259.75,2025-04-01
139439798,22026,,73993.49,2025-04-01
139440283,62025,,110000.0,2025-04-01
139453618,22025,,271000.0,2025-04-01
139438852,112025,,578004.06,2025-04-01
139460024,102025,,762611.65,2025-04-01
139449268,12026,,230198.0,2025-04-01
139466153,92025,,179832.82,2025-04-01
139451832,82025,,194000.0,2025-04-01
139456473,22025,,291000.0,2025-04-01
139450066,22025,,326000.0,2025-04-01
139468485,72025,,224000.0,2025-04-01
139455106,22025,,400000.0,2025-04-01
139469388,32026,,299123.55,2025-04-01
139466193,12025,,168000.0,2025-04-01
139435520,22026,,533528.34,2025-04-01
139447471,22025,,183000.0,2025-04-01
139468389,32025,,79000.0,2025-04-01
139437989,22025,,508000.0,2025-04-01
139443648,62025,,265000.0,2025-04-01
139447266,122025,,639000.1,2025-04-01
139446444,92025,,186211.25,2025-04-01
139458727,72025,,257271.19,2025-04-01
139443005,122025,,243894.37,2025-04-01
139467445,22026,,226772.93,2025-04-01
139469520,102025,,183373.42,2025-04-01
139456704,22025,,559000.0,2025-04-01
139443989,102025,,224801.47,2025-04-01
139455731,72025,,426000.0,2025-04-01
139443573,32026,,113375.75,2025-04-01
139464423,12025,,562000.0,2025-04-01
139442712,32025,,209000.0,2025-04-01
139447454,22026,,433931.15,2025-04-01
139456604,52025,,311000.0,2025-04-01
139441122,82025,,322061.53,2025-04-01
139438106,32026,,455953.03,2025-04-01
139458956,52025,,214000.0,2025-04-01
139456144,22026,,557271.82,2025-04-01
139452046,92025,,138140.08,2025-04-01
139448400,42025,,575000.0,2025-04-01
139456586,22026,,186070.17,2025-04-01
139453830,22026,,191500.0,2025-04-01
139446626,112025,,590484.71,2025-04-01
139460724,92025,,604273.22,2025-04-01
139450765,72025,,703000.0,2025-04-01
139458488,82025,,188991.54,2025-04-01
139444141,12026,,272190.03,2025-04-01
139454785,42025,,279000.0,2025-04-01
139456546,22025,,398000.0,2025-04-01
139436888,42025,,247000.0,2025-04-01
139443956,12026,,605746.61,2025-04-01
139454036,42025,,349000.0,2025-04-01
139444113,22026,,201467.47,2025-04-01
139462069,112025,,266288.4,2025-04-01
139457974,122025,,99028.58,2025-04-01
139436083,42025,,260000.0,2025-04-01
139462500,32025,,250000.0,2025-04-01
139440754,92025,,119268.14,2025-04-01
139459578,102025,,382370.47,2025-04-01
139468996,62025,,397814.08,2025-04-01
139446408,102025,,129302.68,2025-04-01
139443767,72025,,162000.0,2025-04-01
139446346,32026,,552514.14,2025-04-01
139439790,82025,,139359.1,2025-04-01
139456500,22026,,93795.97,2025-04-01
139462225,72025,,118000.0,2025-04-01
139450080,22025,,150000.0,2025-04-01
139437509,72025,,55485.72,2025-04-01
139442830,32026,,244489.1,2025-04-01
139464633,22025,,236000.0,2025-04-01
139464016,42025,,425000.0,2025-04-01
139466039,122025,,293653.04,2025-04-01
139442026,52025,,244000.0,2025-04-01
139461875,12026,,780706.23,2025-04-01
139441195,42025,,484000.0,2025-04-01
139462572,112025,,259800.48,2025-04-01
139463756,32025,,404000.0,2025-04-01
139443759,92025,,287125.32,2025-04-01
139458052,32026,,44323.15,2025-04-01
139448797,92025,,104480.4,2025-04-01
139445729,82025,,301156.91,2025-04-01
139443020,42025,,553000.0,2025-04-01
139463253,82025,,193000.0,2025-04-01
139454700,12025,,375000.0,2025-04-01
139444565,112025,,92266.84,2025-04-01
139448430,42025,,699000.0,2025-04-01
139452156,92025,,454369.69,2025-04-01
139454545,102025,,249216.08,2025-04-01
139463588,32025,,249000.0,2025-04-01
139454208,42025,,655000.0,2025-04-01
139439188,52025,,717000.0,2025-04-01
139444535,42025,,177000.0,2025-04-01
139456935,32025,,716000.0,2025-04-01
139442686,52025,,309000.0,2025-04-01
139452988,32025,,385000.0,2025-04-01
139449749,112025,,269350.86,2025-04-01
139461414,72025,,383601.35,2025-04-01
139459378,22026,,296673.23,2025-04-01
139452579,102025,,180354.74,2025-04-01
139466793,122025,,679298.43,2025-04-01
139462514,72025,,273000.0,2025-04-01
139437996,62025,,126000.0,2025-04-01
139463584,32025,,331000.0,2025-04-01
139438463,72025,,387000.0,2025-04-01
139439362,32026,,386970.96,2025-04-01
139461525,62025,,537000.0,2025-04-01
139463022,22026,,303411.5,2025-04-01
139438790,72025,,457000.0,2025-04-01
139450032,112025,,298993.09,2025-04-01
139464387,22025,,644000.0,2025-04-01
139455392,122025,,353610.24,2025-04-01
139466543,52025,,249000.0,2025-04-01
139441811,32026,,146508.6,2025-04-01
139456029,62025,,501000.0,2025-04-01
139447929,32025,,230000.0,2025-04-01
139442530,12025,,262000.0,2025-04-01
139457937,42025,,240000.0,2025-04-01
139469399,92025,,203755.92,2025-04-01
139464323,42025,,524000.0,2025-04-01
139461261,92025,,174017.13,2025-04-01
139436543,72025,,150000.0,2025-04-01
139455613,92025,,600764.37,2025-04-01
139438574,112025,,173374.93,2025-04-01
139464402,62025,,692000.0,2025-04-01
139442173,102025,,335953.35,2025-04-01
139466708,12025,,107000.0,2025-04-01
139449399,52025,,120000.0,2025-04-01
139435834,32026,,275889.81,2025-04-01
139442405,22025,,223000.0,2025-04-01
139449594,82025,,289669.41,2025-04-01
139435568,42025,,338000.0,2025-04-01
139445735,22025,,168000.0,2025-04-01
139469890,122025,,294960.0,2025-04-01
139468205,12025,,115000.0,2025-04-01
139439734,12025,,267000.0,2025-04-01
139445064,62025,,273000.0,2025-04-01
139456984,112025,,380864.82,2025-04-01
139467283,92025,,156405.06,2025-04-01
139436913,32026,,285764.23,2025-04-01
139446913,122025,,134706.59,2025-04-01
139448525,72025,,161000.0,2025-04-01
139458656,92025,,540669.05,2025-04-01
139454469,22025,,391000.0,2025-04-01
139464238,32026,,444337.04,2025-04-01
139449767,122025,,130581.65,2025-04-01
139455362,92025,,289576.34,2025-04-01
139439923,12025,,370000.0,2025-04-01
139438807,62025,,348000.0,2025-04-01
139436897,72025,,97000.0,2025-04-01
139438341,12025,,337000.0,2025-04-01
139442209,22026,,412780.15,2025-04-01
139447826,42025,,195000.0,2025-04-01
139450369,92025,,468178.07,2025-04-01
139437383,122025,,763584.12,2025-04-01
139451822,22025,,767000.0,2025-04-01
139436931,72025,,419000.0,2025-04-01
139438211,52025,,501000.0,2025-04-01
139451387,62025,,319000.0,2025-04-01
139439933,22025,,655000.0,2025-04-01
139466667,62025,,595408.8,2025-04-01
139469588,82025,,299000.0,2025-04-01
139469852,12025,,92000.0,2025-04-01
139467149,12026,,16594.02,2025-04-01
139462489,122025,,476202.51,2025-04-01
139441918,22026,,201548.34,2025-04-01
139441436,72025,,197000.0,2025-04-01
139438397,12026,,401874.4,2025-04-01
139467498,82025,,276439.49,2025-04-01
139465061,12025,,200000.0,2025-04-01
139460591,92025,,394834.53,2025-04-01
139439107,82025,,348051.72,2025-04-01
139449534,22026,,271227.58,2025-04-01
139468872,32025,,70000.0,2025-04-01
139464952,42025,,130000.0,2025-04-01
139452535,82025,,99762.18,2025-04-01
139469682,92025,,339189.86,2025-04-01
139445907,122025,,424014.36,2025-04-01
139464250,62025,,199000.0,2025-04-01
139449208,82025,,398866.54,2025-04-01
139445685,12025,,185000.0,2025-04-01
139447590,82025,,186286.72,2025-04-01
139435676,12026,,314938.49,2025-04-01
139445125,112025,,297220.94,2025-04-01
139436961,52025,,288000.0,2025-04-01
139446154,102025,,283089.77,2025-04-01
139470018,122025,,406391.86,2025-04-01
139461274,92025,,223341.62,2025-04-01
139437686,32026,,225511.03,2025-04-01
139456635,52025,,284000.0,2025-04-01
139464247,32026,,466321.25,2025-04-01
139453693,82025,,724000.0,2025-04-01
139461989,12026,,206580.12,2025-04-01
139446795,52025,,573000.0,2025-04-01
139469373,32026,,197735.7,2025-04-01
139437723,112025,,215725.12,2025-04-01
139469320,42025,,155000.0,2025-04-01
139466714,102025,,784133.23,2025-04-01
139469828,62025,,267000.0,2025-04-01
139448423,62025,,550000.0,2025-04-01
139451991,112025,,206532.71,2025-04-01
139470150,22026,,152668.04,2025-04-01
139469370,92025,,242251.78,2025-04-01
139461096,112025,,757299.46,2025-04-01
139453890,112025,,197224.45,2025-04-01
139444289,62025,,345000.0,2025-04-01
139454668,62025,,401000.0,2025-04-01
139461882,22026,,77909.75,2025-04-01
139462792,82025,,257424.24,2025-04-01
139461356,62025,,378000.0,2025-04-01
139454094,72025,,297000.0,2025-04-01
139451682,72025,,113000.0,2025-04-01
139468028,62025,,737000.0,2025-04-01
139452790,32025,,153000.0,2025-04-01
139436444,92025,,73118.61,2025-04-01
139442640,32025,,769000.0,2025-04-01
139467309,32025,,176000.0,2025-04-01
139440629,22026,,124952.66,2025-04-01
139435628,12026,,357636.09,2025-04-01
139437493,12025,,416000.0,2025-04-01
139444776,62025,,384000.0,2025-04-01
139465432,12025,,344000.0,2025-04-01
139462672,32025,,175000.0,2025-04-01
139452241,32025,,464000.0,2025-04-01
139465472,32026,,726305.58,2025-04-01
139467321,122025,,103710.54,2025-04-01
139456189,12025,,372000.0,2025-04-01
139466008,112025,,311154.26,2025-04-01
139446379,62025,,110000.0,2025-04-01
139441543,92025,,95504.27,2025-04-01
139467845,12025,,313000.0,2025-04-01
139447965,12026,,131906.79,2025-04-01
139443191,12026,,266090.84,2025-04-01
139443851,22026,,389581.79,2025-04-01
139455976,92025,,384306.49,2025-04-01
139461536,32025,,112000.0,2025-04-01
139456936,22025,,234000.0,2025-04-01
139448827,72025,,796971.01,2025-04-01
139449256,22026,,237123.49,2025-04-01
139455793,32026,,457639.9,2025-04-01
139469615,32026,,276326.43,2025-04-01
139466073,32025,,436000.0,2025-04-01
139463882,22025,,288000.0,2025-04-01
139438146,122025,,138826.74,2025-04-01
139456953,32026,,368544.65,2025-04-01
139442363,32025,,216000.0,2025-04-01
139441891,52025,,244000.0,2025-04-01
139438785,122025,,256284.11,2025-04-01
139440513,52025,,267000.0,2025-04-01
139436494,22026,,159331.98,2025-04-01
139436110,52025,,347000.0,2025-04-01
139455768,112025,,156979.31,2025-04-01
139444048,82025,,291000.0,2025-04-01
139464458,102025,,208414.11,2025-04-01
139462535,12025,,245000.0,2025-04-01
139448555,12026,,302793.11,2025-04-01
139451970,22025,,244000.0,2025-04-01
139457874,12025,,226000.0,2025-04-01
139453961,72025,,284000.0,2025-04-01
139466998,12025,,300000.0,2025-04-01
139463287,122025,,148482.3,2025-04-01
139439274,42025,,598000.0,2025-04-01
139442236,22026,,126618.61,2025-04-01
139465202,92025,,761033.85,2025-04-01
139443863,72025,,509437.37,2025-04-01
139453685,42025,,437000.0,2025-04-01
139469779,62025,,623000.0,2025-04-01
139447049,32025,,402000.0,2025-04-01
139461066,102025,,760569.82,2025-04-01
139444097,92025,,614463.4,2025-04-01
139464147,52025,,297000.0,2025-04-01
139435783,22026,,137999.56,2025-04-01
139448279,92025,,464548.64,2025-04-01
139459364,32025,,383000.0,2025-04-01
139446576,102025,,371540.83,2025-04-01
139437422,32026,,321796.48,2025-04-01
139445728,72025,,75000.0,2025-04-01
139445125,62025,,299000.0,2025-04-01
139438064,82025,,613432.11,2025-04-01
139458070,62025,,332089.74,2025-04-01
139438192,32026,,165005.36,2025-04-01
139465309,62025,,132000.0,2025-04-01
139457021,42025,,251000.0,2025-04-01
139436527,122025,,0.0,2025-04-01
139463916,72025,,474000.0,2025-04-01
139450332,32025,,394000.0,2025-04-01
139463402,122025,,266620.65,2025-04-01
139465972,62025,,205000.0,2025-04-01
139436423,12026,,109601.23,2025-04-01
139436944,22026,,368083.13,2025-04-01
139465276,12026,,534522.12,2025-04-01
139447506,22026,,712005.16,2025-04-01
139450066,122025,,323368.88,2025-04-01
139450618,62025,,171000.0,2025-04-01
139443891,12025,,374000.0,2025-04-01
139459157,122025,,236628.12,2025-04-01
139454625,22025,,295000.0,2025-04-01
139444998,92025,,331222.98,2025-04-01
139442203,32025,,570000.0,2025-04-01
139444588,52025,,308000.0,2025-04-01
139443263,42025,,137000.0,2025-04-01
139448132,72025,,77000.0,2025-04-01
139459198,22025,,247000.0,2025-04-01
139459181,22026,,736110.44,2025-04-01
139441508,102025,,280115.68,2025-04-01
139453862,12025,,161000.0,2025-04-01
139467709,122025,,202103.7,2025-04-01
139461157,82025,,656915.8,2025-04-01
139442488,92025,,164221.88,2025-04-01
139456112,12026,,288232.45,2025-04-01
139439393,52025,,311000.0,2025-04-01
139447584,52025,,165000.0,2025-04-01
139450583,52025,,351000.0,2025-04-01
139468029,32025,,172000.0,2025-04-01
139466829,62025,,380000.0,2025-04-01
139459467,102025,,275445.88,2025-04-01
139458491,22026,,128423.25,2025-04-01
139437297,22025,,176000.0,2025-04-01
139436309,102025,,37682.85,2025-04-01
139445243,32026,,496498.14,2025-04-01
139440430,72025,,547000.0,2025-04-01
139442206,42025,,138000.0,2025-04-01
139443186,12025,,154000.0,2025-04-01
139466808,82025,,801243.96,2025-04-01
139461785,82025,,460036.48,2025-04-01
139455444,62025,,320000.0,2025-04-01
139459559,102025,,164703.16,2025-04-01
139462499,42025,,193000.0,2025-04-01
139446923,12025,,251000.0,2025-04-01
139451370,22025,,236000.0,2025-04-01
139457349,122025,,597798.11,2025-04-01
139458343,32026,,226381.47,2025-04-01
139449977,92025,,183640.24,2025-04-01
139448212,122025,,123953.61,2025-04-01
139462434,22026,,220037.55,2025-04-01
139463143,52025,,89000.0,2025-04-01
139469283,32026,,1194604.38,2025-04-01
139469135,92025,,328758.82,2025-04-01
139459253,112025,,213069.77,2025-04-01
139469505,112025,,178371.86,2025-04-01
139437791,102025,,566091.39,2025-04-01
139464082,52025,,164000.0,2025-04-01
139446522,32025,,426000.0,2025-04-01
139440878,32026,,223543.07,2025-04-01
139467308,92025,,78657.33,2025-04-01
139451894,32026,,536829.84,2025-04-01
139435725,12025,,793000.0,2025-04-01
139451456,72025,,277000.0,2025-04-01
139464621,12025,,430000.0,2025-04-01
139455688,82025,,236245.4,2025-04-01
139464221,42025,,169000.0,2025-04-01
139446416,92025,,531552.57,2025-04-01
139444993,52025,,367000.0,2025-04-01
139443515,22025,,75000.0,2025-04-01
139470179,82025,,395496.5,2025-04-01
139437277,52025,,100000.0,2025-04-01
139460899,62025,,30000.0,2025-04-01
139464849,52025,,425000.0,2025-04-01
139468405,122025,,603315.5,2025-04-01
139459416,92025,,190584.06,2025-04-01
139458632,102025,,342699.45,2025-04-01
139445537,62025,,705055.28,2025-04-01
139441616,82025,,223227.1,2025-04-01
139468134,12025,,99000.0,2025-04-01
139462568,82025,,296261.78,2025-04-01
139443949,72025,,95000.0,2025-04-01
139465480,112025,,323189.48,2025-04-01
139463936,22026,,295261.13,2025-04-01
139459092,12026,,84039.07,2025-04-01
139469030,42025,,397000.0,2025-04-01
139455758,122025,,590894.14,2025-04-01
139457177,112025,,630444.17,2025-04-01
139440591,42025,,150000.0,2025-04-01
139441756,122025,,464785.23,2025-04-01
139442039,32025,,446000.0,2025-04-01
139445971,32025,,184000.0,2025-04-01
139454120,32026,,299622.7,2025-04-01
139438976,122025,,209470.73,2025-04-01
139447081,72025,,159574.54,2025-04-01
139445454,62025,,74000.0,2025-04-01
139435606,62025,,254000.0,2025-04-01
139456943,32026,,361140.55,2025-04-01
139458421,22026,,137980.93,2025-04-01
139461287,32025,,150000.0,2025-04-01
139456739,92025,,222943.29,2025-04-01
139442237,92025,,626842.52,2025-04-01
139457741,22026,,513420.36,2025-04-01
139440880,32026,,334751.62,2025-04-01
139435707,42025,,140000.0,2025-04-01
139464609,32026,,793106.65,2025-04-01
139450460,122025,,529696.81,2025-04-01
139445839,112025,,266606.28,2025-04-01
139461928,62025,,169000.0,2025-04-01
139454894,82025,,515854.19,2025-04-01
139436381,112025,,392449.79,2025-04-01
139462205,22026,,274574.1,2025-04-01
139443567,82025,,268043.04,2025-04-01
139437129,112025,,376510.25,2025-04-01
139456528,12025,,801000.0,2025-04-01
139459934,72025,,449000.0,2025-04-01
139449711,72025,,286000.0,2025-04-01
139441944,82025,,223224.98,2025-04-01
139449273,102025,,62049.83,2025-04-01
139449629,12025,,437000.0,2025-04-01
139449487,82025,,285000.0,2025-04-01
139470058,82025,,396868.24,2025-04-01
139466639,62025,,410000.0,2025-04-01
139464880,22025,,464000.0,2025-04-01
139446956,82025,,244352.29,2025-04-01
139451787,102025,,519832.91,2025-04-01
139437408,12026,,232373.35,2025-04-01
139450319,22025,,798000.0,2025-04-01
139455154,92025,,221811.95,2025-04-01
139461559,102025,,639854.26,2025-04-01
139453957,52025,,921000.0,2025-04-01
139444123,32026,,222456.37,2025-04-01
139435715,52025,,299000.0,2025-04-01
139448372,32026,,0.0,2025-04-01
139459078,12026,,287551.43,2025-04-01
139440588,12026,,440795.76,2025-04-01
139451563,42025,,265000.0,2025-04-01
139458009,42025,,260000.0,2025-04-01
139440958,22026,,428133.28,2025-04-01
139444855,92025,,392604.1,2025-04-01
139467427,32026,,183785.11,2025-04-01
139463933,12026,,710405.4,2025-04-01
139461945,42025,,118000.0,2025-04-01
139437471,42025,,280000.0,2025-04-01
139468712,52025,,239000.0,2025-04-01
139441055,22026,,364717.3,2025-04-01
139464734,12026,,278624.65,2025-04-01
139461240,52025,,199000.0,2025-04-01
139437780,22025,,334000.0,2025-04-01
139446236,42025,,135000.0,2025-04-01
139465645,32025,,207000.0,2025-04-01
139453343,42025,,236000.0,2025-04-01
139447915,122025,,51775.75,2025-04-01
139435627,72025,,675000.0,2025-04-01
139451155,92025,,138561.37,2025-04-01
139456534,102025,,91686.67,2025-04-01
139456546,52025,,397000.0,2025-04-01
139453205,92025,,278775.62,2025-04-01
139450568,112025,,133446.96,2025-04-01
139463354,22026,,158102.78,2025-04-01
139470246,32026,,403251.68,2025-04-01
139462519,22026,,193327.27,2025-04-01
139463607,12026,,186461.09,2025-04-01
139441075,82025,,795299.34,2025-04-01
139440287,12025,,158000.0,2025-04-01
139436047,52025,,335000.0,2025-04-01
139445662,122025,,73225.79,2025-04-01
139437791,32025,,570000.0,2025-04-01
139457107,82025,,197631.13,2025-04-01
139444139,12025,,185000.0,2025-04-01
139464097,122025,,229399.85,2025-04-01
139465534,52025,,463000.0,2025-04-01
139440904,32025,,559000.0,2025-04-01
139468514,22025,,324000.0,2025-04-01
139450316,32025,,413000.0,2025-04-01
139451469,32026,,310741.12,2025-04-01
139443974,32025,,231000.0,2025-04-01
139453893,22026,,409695.42,2025-04-01
139451410,12025,,586000.0,2025-04-01
139437972,122025,,296596.87,2025-04-01
139468103,122025,,541723.54,2025-04-01
139452480,52025,,799000.0,2025-04-01
139455304,112025,,144839.56,2025-04-01
139441436,32025,,198000.0,2025-04-01
139439332,42025,,726000.0,2025-04-01
139438779,22026,,413566.9,2025-04-01
139470072,22025,,749000.0,2025-04-01
139445564,12025,,105000.0,2025-04-01
139446832,62025,,518000.0,2025-04-01
139440013,22025,,967000.0,2025-04-01
139439645,112025,,491331.76,2025-04-01
139463148,12025,,369000.0,2025-04-01
139454268,82025,,607038.88,2025-04-01
139450528,92025,,156975.64,2025-04-01
139442546,72025,,290000.0,2025-04-01
139446037,112025,,163372.31,2025-04-01
139441261,22026,,357012.28,2025-04-01
139443907,32025,,421000.0,2025-04-01
139465906,122025,,241535.11,2025-04-01
139437707,12026,,207168.59,2025-04-01
139462586,62025,,297000.0,2025-04-01
139437688,62025,,165000.0,2025-04-01
139458398,42025,,206000.0,2025-04-01
139439800,102025,,169112.38,2025-04-01
139463239,102025,,133383.13,2025-04-01
139440289,82025,,86265.18,2025-04-01
139459338,12025,,146000.0,2025-04-01
139435770,122025,,654768.16,2025-04-01
139435743,32026,,446054.69,2025-04-01
139443306,52025,,242000.0,2025-04-01
139468873,62025,,159000.0,2025-04-01
139446202,22026,,201505.97,2025-04-01
139441554,112025,,331576.98,2025-04-01
139460105,72025,,93000.0,2025-04-01
139441849,82025,,267404.26,2025-04-01
139466773,92025,,148409.77,2025-04-01
139466053,102025,,357077.47,2025-04-01
139454128,52025,,183000.0,2025-04-01
139454652,32026,,121724.71,2025-04-01
139465204,12026,,429130.64,2025-04-01
139468084,82025,,347000.0,2025-04-01
139445132,102025,,55976.6,2025-04-01
139438187,112025,,898363.57,2025-04-01
139438316,52025,,610000.0,2025-04-01
139463822,122025,,441797.53,2025-04-01
139467985,22026,,207430.26,2025-04-01
139436865,82025,,127120.61,2025-04-01
139464877,122025,,203245.48,2025-04-01
139461573,22026,,131895.4,2025-04-01
139435683,52025,,399000.0,2025-04-01
139447115,102025,,698059.1,2025-04-01
139456445,72025,,139000.0,2025-04-01
139469277,32025,,142000.0,2025-04-01
139465101,112025,,329768.8,2025-04-01
139442075,22026,,274678.74,2025-04-01
139454455,22026,,111165.67,2025-04-01
139441928,102025,,316835.13,2025-04-01
139449590,82025,,147457.68,2025-04-01
139447254,22026,,718132.57,2025-04-01
139459142,22026,,161919.09,2025-04-01
139460464,92025,,58953.1,2025-04-01
139463908,12026,,387330.19,2025-04-01
139458050,52025,,152000.0,2025-04-01
139464126,72025,,372000.0,2025-04-01
139444009,32025,,582000.0,2025-04-01
139440890,82025,,337964.44,2025-04-01
139460137,42025,,757000.0,2025-04-01
139460641,42025,,213000.0,2025-04-01
139469624,102025,,85334.63,2025-04-01
139436455,52025,,224000.0,2025-04-01
139452449,112025,,380643.6,2025-04-01
139460129,12025,,411000.0,2025-04-01
139467651,122025,,182840.36,2025-04-01
139440675,82025,,415179.7,2025-04-01
139457272,42025,,194000.0,2025-04-01
139439371,52025,,897000.0,2025-04-01
139460814,22025,,174000.0,2025-04-01
139458277,42025,,462000.0,2025-04-01
139449000,112025,,601715.44,2025-04-01
139453608,12026,,234193.66,2025-04-01
139451699,112025,,277711.12,2025-04-01
139457125,82025,,127234.97,2025-04-01
139459432,52025,,194000.0,2025-04-01
139461052,92025,,584056.87,2025-04-01
139445520,82025,,117086.54,2025-04-01
139462966,22025,,280000.0,2025-04-01
139443620,112025,,177590.24,2025-04-01
139443662,112025,,142202.97,2025-04-01
139469985,102025,,183291.6,2025-04-01
139467355,52025,,286000.0,2025-04-01
139463955,22025,,779000.0,2025-04-01
139462690,32025,,179000.0,2025-04-01
139455350,32025,,221000.0,2025-04-01
139443225,82025,,260388.58,2025-04-01
139435881,62025,,307000.0,2025-04-01
139451405,22025,,208000.0,2025-04-01
139467886,92025,,201467.05,2025-04-01
139454094,12025,,299000.0,2025-04-01
139442419,32026,,159927.84,2025-04-01
139461267,112025,,296726.77,2025-04-01
139458657,32025,,239000.0,2025-04-01
139451960,112025,,155605.95,2025-04-01
139441468,72025,,278000.0,2025-04-01
139438099,32026,,197377.62,2025-04-01
139437224,112025,,99156.73,2025-04-01
139459848,12026,,306754.54,2025-04-01
139436838,62025,,411000.0,2025-04-01
139446034,32025,,389000.0,2025-04-01
139455447,112025,,128766.77,2025-04-01
139443976,32026,,313335.64,2025-04-01
139449055,52025,,49000.0,2025-04-01
139467574,32026,,262386.6,2025-04-01
139445977,102025,,131474.89,2025-04-01
139438611,92025,,248112.05,2025-04-01
139441462,12026,,174027.41,2025-04-01
139449210,112025,,347773.7,2025-04-01
139466668,22026,,232533.95,2025-04-01
139463734,72025,,225000.0,2025-04-01
139449849,22026,,331286.92,2025-04-01
139445389,82025,,72896.46,2025-04-01
139460309,32026,,606137.68,2025-04-01
139459421,112025,,136578.64,2025-04-01
139456041,82025,,245552.53,2025-04-01
139445908,22025,,149000.0,2025-04-01
139443916,42025,,164000.0,2025-04-01
139450217,42025,,293000.0,2025-04-01
139437513,82025,,760860.09,2025-04-01
139463359,122025,,282206.04,2025-04-01
139436101,62025,,337000.0,2025-04-01
139453150,112025,,274856.97,2025-04-01
139444264,112025,,347672.64,2025-04-01
139447954,62025,,149000.0,2025-04-01
139447929,72025,,227000.0,2025-04-01
139463978,112025,,351976.36,2025-04-01
139450330,22025,,294000.0,2025-04-01
139459241,22025,,184000.0,2025-04-01
139449990,22025,,423000.0,2025-04-01
139455839,82025,,71230.86,2025-04-01
139452215,22026,,202688.58,2025-04-01
139447883,82025,,248643.57,2025-04-01
139455213,102025,,198683.18,2025-04-01
139441946,122025,,192861.06,2025-04-01
139455973,62025,,229000.0,2025-04-01
139454080,112025,,151432.3,2025-04-01
139467770,122025,,438867.03,2025-04-01
139453773,22025,,100000.0,2025-04-01
139445873,22026,,139019.64,2025-04-01
139437011,32026,,226265.27,2025-04-01
139443480,12025,,195000.0,2025-04-01
139458346,42025,,431000.0,2025-04-01
139468384,102025,,451610.6,2025-04-01
139450349,82025,,412438.01,2025-04-01
139456443,72025,,199000.0,2025-04-01
139458406,22026,,243768.63,2025-04-01
139462484,62025,,239000.0,2025-04-01
139463005,42025,,184000.0,2025-04-01
139465954,42025,,317000.0,2025-04-01
139457307,62025,,0.0,2025-04-01
139446487,32025,,95000.0,2025-04-01
139437807,32026,,406169.84,2025-04-01
139465566,62025,,82000.0,2025-04-01
139439745,22026,,449684.11,2025-04-01
139467740,12026,,217379.36,2025-04-01
139439100,12025,,175000.0,2025-04-01
139455980,102025,,754055.1,2025-04-01
139457313,32026,,0.0,2025-04-01
139452807,72025,,343000.0,2025-04-01
139463339,62025,,390000.0,2025-04-01
139441069,52025,,393000.0,2025-04-01
139455161,62025,,269000.0,2025-04-01
139463136,82025,,243225.5,2025-04-01
139464008,82025,,127372.74,2025-04-01
139462925,62025,,300000.0,2025-04-01
139465375,122025,,153462.96,2025-04-01
139441930,52025,,557000.0,2025-04-01
139470176,32026,,0.0,2025-04-01
139465944,102025,,20249.33,2025-04-01
139457560,122025,,130948.14,2025-04-01
139436156,62025,,248000.0,2025-04-01
139442822,62025,,212000.0,2025-04-01
139453183,12026,,207761.88,2025-04-01
139469135,22026,,327078.09,2025-04-01
139460415,102025,,212134.03,2025-04-01
139456230,52025,,281000.0,2025-04-01
139435608,122025,,251399.77,2025-04-01
139435794,52025,,358000.0,2025-04-01
139459804,112025,,702830.43,2025-04-01
139450279,122025,,533573.13,2025-04-01
139450472,52025,,318000.0,2025-04-01
139439061,22026,,303093.22,2025-04-01
139445020,52025,,148000.0,2025-04-01
139441713,82025,,271394.59,2025-04-01
139435516,22025,,150000.0,2025-04-01
139456054,92025,,412217.43,2025-04-01
139464113,52025,,399000.0,2025-04-01
139458260,72025,,214000.0,2025-04-01
139448223,122025,,206707.55,2025-04-01
139437752,22025,,176000.0,2025-04-01
139450206,12026,,228629.1,2025-04-01
139468974,32025,,309000.0,2025-04-01
139468530,112025,,341202.03,2025-04-01
139469333,122025,,401833.9,2025-04-01
139461086,72025,,235000.0,2025-04-01
139450268,52025,,88000.0,2025-04-01
139450304,82025,,365846.99,2025-04-01
139466443,12026,,62199.48,2025-04-01
139457326,122025,,451586.61,2025-04-01
139466345,72025,,98833.77,2025-04-01
139457966,42025,,113000.0,2025-04-01
139443928,82025,,165214.75,2025-04-01
139436507,82025,,307000.0,2025-04-01
139456018,82025,,277284.27,2025-04-01
139441346,82025,,552747.04,2025-04-01
139459173,52025,,349000.0,2025-04-01
139451786,22025,,187000.0,2025-04-01
139443635,22026,,147290.99,2025-04-01
139457421,92025,,84647.27,2025-04-01
139466796,32025,,144000.0,2025-04-01
139439476,112025,,347602.17,2025-04-01
139460221,12026,,81537.78,2025-04-01
139460131,12025,,599000.0,2025-04-01
139443959,42025,,285000.0,2025-04-01
139467450,92025,,235577.06,2025-04-01
139436682,22026,,76843.21,2025-04-01
139466364,82025,,151012.7,2025-04-01
139448368,52025,,224000.0,2025-04-01
139461964,72025,,318000.0,2025-04-01
139441480,52025,,149000.0,2025-04-01
139462622,72025,,142000.0,2025-04-01
139449765,42025,,69000.0,2025-04-01
139464718,102025,,223038.13,2025-04-01
139454621,82025,,146219.85,2025-04-01
139437803,72025,,160000.0,2025-04-01
139447910,122025,,177639.49,2025-04-01
139451438,32025,,308000.0,2025-04-01
139468177,92025,,99297.49,2025-04-01
139450441,42025,,294000.0,2025-04-01
139440666,22025,,278000.0,2025-04-01
139452555,22025,,134000.0,2025-04-01
139438775,62025,,346000.0,2025-04-01
139435655,102025,,389813.02,2025-04-01
139467526,112025,,257811.95,2025-04-01
139439888,82025,,17353.79,2025-04-01
139437350,92025,,648273.35,2025-04-01
139450982,22025,,74000.0,2025-04-01
139439833,112025,,265660.95,2025-04-01
139447533,62025,,621000.0,2025-04-01
139469541,42025,,309000.0,2025-04-01
139467551,102025,,510646.52,2025-04-01
139457854,32025,,573000.0,2025-04-01
139460436,12025,,300000.0,2025-04-01
139465032,102025,,508342.68,2025-04-01
139464434,72025,,756000.0,2025-04-01
139457468,12025,,250000.0,2025-04-01
139456809,32026,,239183.57,2025-04-01
139436607,22025,,85000.0,2025-04-01
139452096,72025,,517000.0,2025-04-01
139466648,32026,,382000.0,2025-04-01
139439247,52025,,218000.0,2025-04-01
139445779,12026,,195048.78,2025-04-01
139455927,32025,,110000.0,2025-04-01
139436506,52025,,539000.0,2025-04-01
139455822,42025,,289000.0,2025-04-01
139441459,82025,,409579.42,2025-04-01
139456013,102025,,89368.25,2025-04-01
139470007,122025,,167887.98,2025-04-01
139450169,112025,,304052.77,2025-04-01
139456872,42025,,429000.0,2025-04-01
139439921,32025,,119000.0,2025-04-01
139453701,22026,,530196.28,2025-04-01
139468949,112025,,83236.48,2025-04-01
139440060,82025,,129542.77,2025-04-01
139466060,72025,,236847.38,2025-04-01
139447420,12026,,272133.8,2025-04-01
139452764,12025,,424000.0,2025-04-01
139441390,62025,,719000.0,2025-04-01
139468406,12026,,276506.11,2025-04-01
139467890,42025,,120000.0,2025-04-01
139441188,122025,,269086.0,2025-04-01
139453736,12025,,218000.0,2025-04-01
139436032,32025,,486000.0,2025-04-01
139446304,12025,,595000.0,2025-04-01
139441838,122025,,340845.28,2025-04-01
139439153,32025,,648000.0,2025-04-01
139450701,102025,,205931.3,2025-04-01
139457091,32025,,249000.0,2025-04-01
139462352,82025,,164124.89,2025-04-01
139436703,72025,,293000.0,2025-04-01
139469153,12026,,167852.6,2025-04-01
139447656,22026,,331015.52,2025-04-01
139440959,22026,,268630.02,2025-04-01
139439173,82025,,391891.19,2025-04-01
139450868,22025,,276000.0,2025-04-01
139447082,12025,,363000.0,2025-04-01
139469011,22026,,441991.98,2025-04-01
139451014,32025,,319000.0,2025-04-01
139462980,122025,,167043.24,2025-04-01
139448747,112025,,146899.82,2025-04-01
139453522,22025,,262000.0,2025-04-01
139446942,42025,,115000.0,2025-04-01
139468762,82025,,299591.99,2025-04-01
139461394,62025,,277000.0,2025-04-01
139446326,32026,,186861.99,2025-04-01
139436301,122025,,360604.12,2025-04-01
139456530,42025,,678000.0,2025-04-01
139444906,32026,,514871.41,2025-04-01
139447834,92025,,269539.02,2025-04-01
139445340,102025,,298258.84,2025-04-01
139468801,22025,,260000.0,2025-04-01
139440405,52025,,188000.0,2025-04-01
139458015,92025,,271351.25,2025-04-01
139437299,32025,,179000.0,2025-04-01
139448927,82025,,405558.98,2025-04-01
139439632,32026,,306219.94,2025-04-01
139452925,12026,,140095.45,2025-04-01
139447679,122025,,555420.44,2025-04-01
139467243,12025,,128000.0,2025-04-01
139465519,102025,,254157.76,2025-04-01
139466371,122025,,309770.13,2025-04-01
139462567,12026,,152602.03,2025-04-01
139436827,72025,,580000.0,2025-04-01
139468198,82025,,166970.22,2025-04-01
139456111,82025,,216000.0,2025-04-01
139464389,12026,,211116.36,2025-04-01
139460682,52025,,796000.0,2025-04-01
139463625,32026,,422393.91,2025-04-01
139441343,22025,,894000.0,2025-04-01
139468347,22025,,140000.0,2025-04-01
139457496,52025,,350000.0,2025-04-01
139435561,92025,,435058.21,2025-04-01
139464487,72025,,239000.0,2025-04-01
139454107,32026,,222332.1,2025-04-01
139443480,32025,,195000.0,2025-04-01
139465578,32025,,805000.0,2025-04-01
139465223,42025,,175000.0,2025-04-01
139439827,102025,,783419.28,2025-04-01
139455580,32026,,164018.28,2025-04-01
139455277,92025,,282381.06,2025-04-01
139439892,102025,,305988.17,2025-04-01
139452823,12026,,189028.1,2025-04-01
139463994,12025,,261000.0,2025-04-01
139458285,32025,,578000.0,2025-04-01
139469035,32026,,389372.06,2025-04-01
139438152,12025,,667000.0,2025-04-01
139443955,92025,,543328.11,2025-04-01
139466137,122025,,302573.51,2025-04-01
139442036,32026,,624476.22,2025-04-01
139464876,52025,,181726.69,2025-04-01
139444685,52025,,45000.0,2025-04-01
139452095,32025,,584000.0,2025-04-01
139452853,52025,,179000.0,2025-04-01
139435653,102025,,603064.18,2025-04-01
139448589,72025,,640000.0,2025-04-01
139457078,82025,,198713.59,2025-04-01
139449139,12025,,240000.0,2025-04-01
139455505,32026,,532034.16,2025-04-01
139446392,82025,,206755.58,2025-04-01
139467792,102025,,329645.67,2025-04-01
139466728,22026,,207682.18,2025-04-01
139439536,12026,,510473.39,2025-04-01
139453601,32026,,247258.76,2025-04-01
139466599,82025,,755669.14,2025-04-01
139469683,112025,,197238.66,2025-04-01
139460247,42025,,230000.0,2025-04-01
139458729,72025,,203000.0,2025-04-01
139439283,22026,,352746.59,2025-04-01
139441419,22026,,192573.14,2025-04-01
139456322,22026,,203197.2,2025-04-01
139462924,122025,,127712.82,2025-04-01
139444223,72025,,253000.0,2025-04-01
139438827,62025,,246000.0,2025-04-01
139444329,32026,,475818.25,2025-04-01
139446757,22026,,280469.33,2025-04-01
139461920,102025,,157646.12,2025-04-01
139461723,22025,,312000.0,2025-04-01
139451415,102025,,266760.99,2025-04-01
139464694,42025,,297000.0,2025-04-01
139441551,92025,,305934.57,2025-04-01
139447475,22026,,277661.4,2025-04-01
139439036,52025,,255000.0,2025-04-01
139460087,32026,,771838.46,2025-04-01
139439524,92025,,402293.23,2025-04-01
139456816,62025,,216104.68,2025-04-01
139440424,32026,,119697.35,2025-04-01
139468893,62025,,92000.0,2025-04-01
139455452,32026,,231497.21,2025-04-01
139463304,82025,,436365.87,2025-04-01
139469846,22025,,578000.0,2025-04-01
139449674,122025,,67565.64,2025-04-01
139439562,22025,,454000.0,2025-04-01
139438586,82025,,437000.0,2025-04-01
139464288,22026,,115574.15,2025-04-01
139469463,92025,,206960.22,2025-04-01
139452669,92025,,290345.49,2025-04-01
139440969,102025,,345142.94,2025-04-01
139456141,42025,,519000.0,2025-04-01
139442092,22025,,408000.0,2025-04-01
139453442,42025,,374000.0,2025-04-01
139436298,62025,,168000.0,2025-04-01
139436756,62025,,276000.0,2025-04-01
139447492,52025,,211000.0,2025-04-01
139463259,32025,,132000.0,2025-04-01
139439339,92025,,340976.09,2025-04-01
139456047,62025,,625000.0,2025-04-01
139447063,32025,,270000.0,2025-04-01
139439089,82025,,133564.02,2025-04-01
139464059,52025,,526000.0,2025-04-01
139449958,92025,,182910.62,2025-04-01
139460563,12025,,371000.0,2025-04-01
139456939,42025,,296000.0,2025-04-01
139457599,32025,,447000.0,2025-04-01
139468104,112025,,388099.76,2025-04-01
139437066,82025,,200422.81,2025-04-01
139438187,102025,,899187.35,2025-04-01
139449194,22025,,60000.0,2025-04-01
139458654,82025,,178095.42,2025-04-01
139450800,122025,,413051.09,2025-04-01
139463130,72025,,209000.0,2025-04-01
139463410,42025,,389000.0,2025-04-01
139450311,12026,,350655.11,2025-04-01
139445352,32026,,123646.77,2025-04-01
139468340,42025,,792000.0,2025-04-01
139468349,52025,,337000.0,2025-04-01
139452289,72025,,177000.0,2025-04-01
139448441,92025,,255647.0,2025-04-01
139470251,62025,,483000.0,2025-04-01
139463889,122025,,319968.58,2025-04-01
139468876,112025,,266504.81,2025-04-01
139435934,32026,,293663.24,2025-04-01
139450822,32025,,120000.0,2025-04-01
139453129,22026,,70119.51,2025-04-01
139435798,82025,,321925.32,2025-04-01
139468247,32026,,447360.23,2025-04-01
139440285,102025,,492607.43,2025-04-01
139470240,12025,,291000.0,2025-04-01
139466310,52025,,90000.0,2025-04-01
139450046,22025,,318000.0,2025-04-01
139440460,12026,,176383.03,2025-04-01
139463912,22026,,126015.18,2025-04-01
139439870,22026,,172807.72,2025-04-01
139457663,62025,,151000.0,2025-04-01
139444055,52025,,117000.0,2025-04-01
139456318,42025,,275000.0,2025-04-01
139468835,32025,,277000.0,2025-04-01
139449461,52025,,180000.0,2025-04-01
139455032,112025,,259981.52,2025-04-01
139437078,112025,,520634.78,2025-04-01
139457429,102025,,187515.25,2025-04-01
139455966,12026,,770193.33,2025-04-01
139460688,32025,,272000.0,2025-04-01
139451221,82025,,133138.0,2025-04-01
139470216,62025,,279000.0,2025-04-01
139463088,22025,,787000.0,2025-04-01
139436214,32026,,227996.75,2025-04-01
139450110,32026,,98557.84,2025-04-01
139466087,12025,,257000.0,2025-04-01
139443533,92025,,779667.78,2025-04-01
139463947,62025,,671000.0,2025-04-01
139465073,22025,,218000.0,2025-04-01
139457842,22026,,419936.21,2025-04-01
139452434,122025,,296725.59,2025-04-01
139445644,22025,,59000.0,2025-04-01
139459387,12026,,263530.33,2025-04-01
139435865,72025,,191000.0,2025-04-01
139438942,22025,,420000.0,2025-04-01
139440417,32025,,473000.0,2025-04-01
139468194,62025,,163000.0,2025-04-01
139458195,92025,,603012.8,2025-04-01
139453990,22026,,179173.42,2025-04-01
139463563,22026,,48224.7,2025-04-01
139469713,92025,,297445.45,2025-04-01
139463935,12025,,268000.0,2025-04-01
139465180,112025,,475840.63,2025-04-01
139444602,22025,,288000.0,2025-04-01
139442333,72025,,267269.85,2025-04-01
139468847,22026,,336761.59,2025-04-01
139465979,22026,,531407.68,2025-04-01
139464820,42025,,135000.0,2025-04-01
139462137,42025,,284000.0,2025-04-01
139458871,72025,,267207.49,2025-04-01
139459776,72025,,506835.1,2025-04-01
139463037,82025,,479710.54,2025-04-01
139436447,122025,,557391.37,2025-04-01
139463272,22026,,299469.57,2025-04-01
139444720,112025,,792060.1,2025-04-01
139461165,12025,,276000.0,2025-04-01
139452680,22026,,267937.62,2025-04-01
139468697,12026,,355517.06,2025-04-01
139457620,112025,,76350.72,2025-04-01
139463709,72025,,338000.0,2025-04-01
139466131,62025,,154000.0,2025-04-01
139457305,22025,,230000.0,2025-04-01
139451428,22026,,165697.16,2025-04-01
139465559,32025,,271000.0,2025-04-01
139466838,102025,,541811.89,2025-04-01
139469256,52025,,87000.0,2025-04-01
139468118,22025,,150000.0,2025-04-01
139455103,32025,,288000.0,2025-04-01
139448294,22026,,253205.76,2025-04-01
139469701,122025,,258889.25,2025-04-01
139469652,22026,,511360.82,2025-04-01
139449971,62025,,421000.0,2025-04-01
139463428,32025,,404000.0,2025-04-01
139446593,82025,,222300.94,2025-04-01
139464308,82025,,210964.33,2025-04-01
139450781,122025,,228597.76,2025-04-01
139435659,92025,,211295.47,2025-04-01
139466404,32025,,100000.0,2025-04-01
139454609,72025,,716000.0,2025-04-01
139460052,92025,,336230.17,2025-04-01
139439612,32025,,166000.0,2025-04-01
139448114,32025,,95000.0,2025-04-01
139442258,112025,,198414.3,2025-04-01
139443717,112025,,731057.72,2025-04-01
139449223,32026,,481601.58,2025-04-01
139464957,52025,,69000.0,2025-04-01
139467523,32025,,367000.0,2025-04-01
139461583,62025,,365000.0,2025-04-01
139462697,62025,,305000.0,2025-04-01
139436328,22026,,394876.87,2025-04-01
139452338,92025,,149069.46,2025-04-01
139466006,92025,,130737.58,2025-04-01
139469295,62025,,218000.0,2025-04-01
139454443,32026,,597443.13,2025-04-01
139466220,32025,,209000.0,2025-04-01
139441477,22026,,226780.43,2025-04-01
139454825,112025,,277752.56,2025-04-01
139438488,112025,,275341.97,2025-04-01
139458565,12025,,224000.0,2025-04-01
139443274,52025,,443000.0,2025-04-01
139438668,22025,,541000.0,2025-04-01
139452505,92025,,459369.31,2025-04-01
139444211,12026,,277786.74,2025-04-01
139438068,32025,,535000.0,2025-04-01
139455103,72025,,287431.99,2025-04-01
139462560,72025,,159000.0,2025-04-01
139447444,102025,,414665.91,2025-04-01
139461438,122025,,88150.33,2025-04-01
139447146,42025,,332000.0,2025-04-01
139440274,12026,,377859.29,2025-04-01
139470063,72025,,338000.0,2025-04-01
139444405,92025,,303798.0,2025-04-01
139455569,32026,,324314.27,2025-04-01
139469699,12025,,236000.0,2025-04-01
139441781,32026,,243395.85,2025-04-01
139440200,72025,,402000.0,2025-04-01
139445220,32026,,604705.97,2025-04-01
139453130,32026,,109726.65,2025-04-01
139459117,12026,,203002.9,2025-04-01
139444621,12026,,422725.42,2025-04-01
139449048,12025,,320000.0,2025-04-01
139446234,12025,,135000.0,2025-04-01
139437824,12025,,750000.0,2025-04-01
139460935,52025,,368000.0,2025-04-01
139457327,122025,,494787.6,2025-04-01
139452164,42025,,366000.0,2025-04-01
139454547,122025,,356251.39,2025-04-01
139467532,122025,,471768.1,2025-04-01
139444412,42025,,279000.0,2025-04-01
139465732,22025,,390000.0,2025-04-01
139454878,32025,,254000.0,2025-04-01
139451960,122025,,155312.35,2025-04-01
139436260,32026,,177606.36,2025-04-01
139450913,62025,,193000.0,2025-04-01
139451885,92025,,437877.47,2025-04-01
139453716,22025,,85000.0,2025-04-01
139467981,52025,,208000.0,2025-04-01
139459140,32025,,318000.0,2025-04-01
139470169,12026,,221530.09,2025-04-01
139438542,92025,,138961.64,2025-04-01
139468018,12025,,176000.0,2025-04-01
139446884,22026,,117436.81,2025-04-01
139438659,22026,,280325.63,2025-04-01
139453632,32025,,209000.0,2025-04-01
139461431,92025,,183979.7,2025-04-01
139452369,122025,,347320.14,2025-04-01
139451765,52025,,194938.05,2025-04-01
139468898,112025,,781795.27,2025-04-01
139450019,22026,,258089.58,2025-04-01
139443339,52025,,65000.0,2025-04-01
139460920,22025,,516000.0,2025-04-01
139446984,52025,,244000.0,2025-04-01
139455296,82025,,134000.0,2025-04-01
139466895,82025,,221655.59,2025-04-01
139460152,72025,,230275.34,2025-04-01
139468328,62025,,368000.0,2025-04-01
139449282,22026,,290233.99,2025-04-01
139465523,82025,,222000.0,2025-04-01
139468936,62025,,210000.0,2025-04-01
139455514,122025,,369947.76,2025-04-01
139459310,32026,,391414.92,2025-04-01
139446218,42025,,70000.0,2025-04-01
139440822,92025,,779466.6,2025-04-01
139456400,112025,,328955.52,2025-04-01
139455739,102025,,176499.07,2025-04-01
139458685,92025,,209659.33,2025-04-01
139447794,12025,,349000.0,2025-04-01
139440452,22025,,109000.0,2025-04-01
139437502,82025,,221003.52,2025-04-01
139467518,12025,,224000.0,2025-04-01
139466256,22025,,138000.0,2025-04-01
139449361,12025,,472000.0,2025-04-01
139464804,32026,,360315.61,2025-04-01
139443176,82025,,333582.14,2025-04-01
139460818,32026,,295124.94,2025-04-01
139450442,112025,,191397.99,2025-04-01
139465935,92025,,150860.53,2025-04-01
139455636,32026,,84015.58,2025-04-01
139443262,112025,,131823.64,2025-04-01
139438860,32026,,219743.66,2025-04-01
139460812,52025,,342000.0,2025-04-01
139465420,32025,,100000.0,2025-04-01
139439593,122025,,114920.98,2025-04-01
139469008,42025,,785000.0,2025-04-01
139454204,102025,,422085.62,2025-04-01
139461801,42025,,668000.0,2025-04-01
139463494,42025,,250000.0,2025-04-01
139451546,22025,,303000.0,2025-04-01
139453732,52025,,589000.0,2025-04-01
139445020,42025,,148000.0,2025-04-01
139468217,32025,,344000.0,2025-04-01
139458557,112025,,332176.8,2025-04-01
139455042,102025,,282989.34,2025-04-01
139468988,22025,,316000.0,2025-04-01
139458091,72025,,154000.0,2025-04-01
139435971,32025,,0.0,2025-04-01
139459503,12026,,462891.82,2025-04-01
139469990,72025,,331000.0,2025-04-01
139452865,82025,,288580.41,2025-04-01
139440131,42025,,403000.0,2025-04-01
139441690,12025,,291000.0,2025-04-01
139439021,102025,,241371.16,2025-04-01
139468905,42025,,319000.0,2025-04-01
139465340,42025,,299000.0,2025-04-01
139437584,22026,,418016.94,2025-04-01
139462466,12026,,290702.02,2025-04-01
139460968,32025,,174000.0,2025-04-01
139445316,72025,,0.0,2025-04-01
139442955,22025,,124000.0,2025-04-01
139436384,92025,,383483.16,2025-04-01
139442482,52025,,367000.0,2025-04-01
139451668,32025,,183000.0,2025-04-01
139448386,72025,,574992.76,2025-04-01
139454684,112025,,435684.19,2025-04-01
139442218,32025,,419000.0,2025-04-01
139466575,12025,,599000.0,2025-04-01
139464996,32025,,82000.0,2025-04-01
139438983,82025,,476302.49,2025-04-01
139437224,62025,,100000.0,2025-04-01
139448393,82025,,276943.16,2025-04-01
139444388,32025,,794000.0,2025-04-01
139460424,122025,,196718.08,2025-04-01
139450253,32025,,217000.0,2025-04-01
139461134,32026,,181912.61,2025-04-01
139444875,112025,,251565.82,2025-04-01
139443171,22026,,258302.0,2025-04-01
139447556,72025,,406830.95,2025-04-01
139466487,122025,,247567.07,2025-04-01
139468697,32025,,359000.0,2025-04-01
139438165,12026,,302168.34,2025-04-01
139441489,52025,,323000.0,2025-04-01
139469521,112025,,142586.67,2025-04-01
139454367,42025,,185000.0,2025-04-01
139446199,12025,,520000.0,2025-04-01
139466783,122025,,408261.18,2025-04-01
139451880,52025,,582000.0,2025-04-01
139450474,12026,,395606.28,2025-04-01
139445509,82025,,292000.0,2025-04-01
139464272,22025,,181000.0,2025-04-01
139465650,12026,,262255.83,2025-04-01
139461687,82025,,395963.52,2025-04-01
139465118,102025,,130299.7,2025-04-01
139454905,112025,,100209.88,2025-04-01
139445142,62025,,540000.0,2025-04-01
139464286,92025,,198717.1,2025-04-01
139446622,22025,,240000.0,2025-04-01
139455646,72025,,597000.0,2025-04-01
139451162,92025,,478181.85,2025-04-01
139465090,102025,,74233.56,2025-04-01
139456677,92025,,307487.5,2025-04-01
139469980,92025,,685482.82,2025-04-01
139459852,32025,,449000.0,2025-04-01
139462848,122025,,634340.89,2025-04-01
139466809,62025,,195000.0,2025-04-01
139447219,12025,,222000.0,2025-04-01
139459329,62025,,132000.0,2025-04-01
139447173,102025,,228220.52,2025-04-01
139466195,82025,,505625.43,2025-04-01
139448138,72025,,333000.0,2025-04-01
139437996,92025,,123424.49,2025-04-01
139442045,22026,,583524.81,2025-04-01
139456952,122025,,429467.45,2025-04-01
139465620,122025,,361171.85,2025-04-01
139464580,112025,,506358.99,2025-04-01
139439385,32025,,303000.0,2025-04-01
139446534,62025,,165000.0,2025-04-01
139439172,32025,,50000.0,2025-04-01
139444023,22025,,392000.0,2025-04-01
139440234,72025,,297000.0,2025-04-01
139439634,52025,,275000.0,2025-04-01
139458704,102025,,0.0,2025-04-01
139440949,22026,,364272.71,2025-04-01
139455800,12026,,214465.0,2025-04-01
139441100,52025,,357000.0,2025-04-01
139447574,122025,,256900.1,2025-04-01
139435703,52025,,120000.0,2025-04-01
139443478,122025,,357790.98,2025-04-01
139436720,32025,,442000.0,2025-04-01
139447372,32025,,805000.0,2025-04-01
139452682,92025,,71936.87,2025-04-01
139454191,52025,,250000.0,2025-04-01
139454113,72025,,191968.26,2025-04-01
139443237,92025,,104147.57,2025-04-01
139441324,92025,,697619.56,2025-04-01
139447765,102025,,201177.26,2025-04-01
139445713,62025,,149000.0,2025-04-01
139446187,72025,,366000.0,2025-04-01
139450293,102025,,400298.56,2025-04-01
139458029,112025,,376322.14,2025-04-01
139447985,32026,,205631.18,2025-04-01
139450834,92025,,182042.14,2025-04-01
139445426,12025,,196000.0,2025-04-01
139457055,72025,,256199.69,2025-04-01
139437371,102025,,310185.72,2025-04-01
139459967,102025,,157709.27,2025-04-01
139448903,102025,,325521.92,2025-04-01
139449559,122025,,319232.88,2025-04-01
139443195,32026,,178946.73,2025-04-01
139465085,32025,,375000.0,2025-04-01
139438625,22025,,299000.0,2025-04-01
139438566,32026,,220030.34,2025-04-01
139443075,62025,,116000.0,2025-04-01
139449996,122025,,380676.66,2025-04-01
139468172,22025,,443000.0,2025-04-01
139445243,92025,,499130.24,2025-04-01
139452038,82025,,136771.44,2025-04-01
139436191,62025,,629000.0,2025-04-01
139446426,22026,,70526.21,2025-04-01
139452921,52025,,125000.0,2025-04-01
139450555,22026,,286417.41,2025-04-01
139442419,82025,,160979.37,2025-04-01
139451062,62025,,375000.0,2025-04-01
139438308,102025,,277881.03,2025-04-01
139464169,12026,,308914.66,2025-04-01
139459539,12025,,71000.0,2025-04-01
139461475,122025,,212696.66,2025-04-01
139451423,82025,,379034.46,2025-04-01
139458724,12025,,215000.0,2025-04-01
139443685,72025,,893000.0,2025-04-01
139462318,82025,,355752.07,2025-04-01
139439318,32025,,90000.0,2025-04-01
139442947,12026,,435500.37,2025-04-01
139443556,82025,,297030.31,2025-04-01
139436792,42025,,184000.0,2025-04-01
139468947,92025,,219685.14,2025-04-01
139469973,72025,,246366.24,2025-04-01
139449392,22026,,295802.7,2025-04-01
139456433,82025,,271472.23,2025-04-01
139454559,62025,,178000.0,2025-04-01
139456095,32026,,300273.9,2025-04-01
139470202,72025,,291000.0,2025-04-01
139469339,12026,,623323.87,2025-04-01
139441321,12025,,280000.0,2025-04-01
139458613,32026,,284312.11,2025-04-01
139441962,12026,,485304.93,2025-04-01
139467845,42025,,312000.0,2025-04-01
139459273,122025,,283842.57,2025-04-01
139459600,12025,,142000.0,2025-04-01
139461042,32026,,172360.59,2025-04-01
139469165,32026,,239516.61,2025-04-01
139455478,32025,,120000.0,2025-04-01
139440157,22025,,715000.0,2025-04-01
139453041,112025,,200795.83,2025-04-01
139446425,52025,,307000.0,2025-04-01
139450769,12026,,165985.35,2025-04-01
139460678,12026,,211072.82,2025-04-01
139456812,22026,,203909.72,2025-04-01
139458071,12025,,230000.0,2025-04-01
139449248,82025,,744408.03,2025-04-01
139464059,32025,,527000.0,2025-04-01
139436473,62025,,91000.0,2025-04-01
139440016,62025,,232000.0,2025-04-01
139466459,112025,,767233.55,2025-04-01
139465658,22026,,784021.75,2025-04-01
139453062,62025,,798000.0,2025-04-01
139458480,122025,,255372.75,2025-04-01
139436767,72025,,309889.65,2025-04-01
139435739,72025,,244000.0,2025-04-01
139465642,32026,,169774.38,2025-04-01
139446331,52025,,352000.0,2025-04-01
139452962,22026,,256584.22,2025-04-01
139457127,82025,,409895.76,2025-04-01
139450301,12025,,250000.0,2025-04-01
139454483,42025,,219000.0,2025-04-01
139465683,52025,,569000.0,2025-04-01
139435505,22025,,140000.0,2025-04-01
139469678,92025,,647095.18,2025-04-01
139450265,22026,,394602.56,2025-04-01
139456102,32026,,347171.7,2025-04-01
139455669,82025,,358972.62,2025-04-01
139436274,122025,,175818.02,2025-04-01
139458903,12026,,176683.25,2025-04-01
139469186,32025,,582000.0,2025-04-01
139450133,112025,,524459.93,2025-04-01
139460570,92025,,327191.72,2025-04-01
139447223,12025,,323000.0,2025-04-01
139437994,12025,,115000.0,2025-04-01
139438818,22026,,710779.28,2025-04-01
139458457,22026,,155434.11,2025-04-01
139451946,12025,,218000.0,2025-04-01
139442625,22025,,361000.0,2025-04-01
139442271,82025,,689649.34,2025-04-01
139453658,42025,,268000.0,2025-04-01
139460104,62025,,973000.0,2025-04-01
139435536,32026,,288537.63,2025-04-01
139455512,22026,,400075.92,2025-04-01
139451923,62025,,404000.0,2025-04-01
139456497,52025,,487000.0,2025-04-01
139449037,12025,,360000.0,2025-04-01
139461877,52025,,576000.0,2025-04-01
139438536,112025,,159380.55,2025-04-01
139455918,62025,,172000.0,2025-04-01
139457606,112025,,334131.52,2025-04-01
139442614,62025,,184000.0,2025-04-01
139462735,102025,,135150.74,2025-04-01
139459993,12026,,157467.43,2025-04-01
139445529,42025,,332000.0,2025-04-01
139437487,12025,,247000.0,2025-04-01
139447420,52025,,274000.0,2025-04-01
139452629,22025,,370000.0,2025-04-01
139441120,122025,,214533.07,2025-04-01
139458165,12026,,796666.29,2025-04-01
139451234,72025,,199000.0,2025-04-01
139467320,32026,,543443.42,2025-04-01
139449125,42025,,178000.0,2025-04-01
139465397,32026,,472225.3,2025-04-01
139448395,62025,,363000.0,2025-04-01
139449753,92025,,328585.7,2025-04-01
139447270,112025,,82760.63,2025-04-01
139446179,82025,,194299.95,2025-04-01
139454047,22026,,576245.45,2025-04-01
139456862,42025,,448747.32,2025-04-01
139465734,22025,,287000.0,2025-04-01
139446888,22025,,427000.0,2025-04-01
139461607,112025,,303744.62,2025-04-01
139449058,112025,,179779.09,2025-04-01
139440918,72025,,287000.0,2025-04-01
139446472,72025,,136000.0,2025-04-01
139440520,102025,,565657.29,2025-04-01
139442827,22026,,503920.25,2025-04-01
139462722,42025,,156000.0,2025-04-01
139456610,122025,,293397.72,2025-04-01
139470041,62025,,115000.0,2025-04-01
139436515,52025,,304000.0,2025-04-01
139454515,22026,,120420.42,2025-04-01
139454998,82025,,193000.0,2025-04-01
139465109,32025,,542000.0,2025-04-01
139444390,12025,,344000.0,2025-04-01
139470149,42025,,135000.0,2025-04-01
139435621,12026,,197868.45,2025-04-01
139456604,112025,,309057.63,2025-04-01
139463215,22026,,333836.64,2025-04-01
139440256,32025,,450000.0,2025-04-01
139449476,112025,,425354.29,2025-04-01
139455500,72025,,714000.0,2025-04-01
139450782,12025,,300000.0,2025-04-01
139449753,52025,,335000.0,2025-04-01
139446870,42025,,224000.0,2025-04-01
139444562,12026,,237128.42,2025-04-01
139456299,52025,,294000.0,2025-04-01
139448241,42025,,324000.0,2025-04-01
139440762,122025,,358085.23,2025-04-01
139464806,102025,,620129.73,2025-04-01
139462458,42025,,138000.0,2025-04-01
139458111,92025,,197963.6,2025-04-01
139440361,82025,,431886.32,2025-04-01
139468793,72025,,803000.0,2025-04-01
139449726,42025,,235000.0,2025-04-01
139467340,82025,,789000.0,2025-04-01
139441060,82025,,342550.9,2025-04-01
139446297,52025,,860000.0,2025-04-01
139463351,62025,,300000.0,2025-04-01
139444083,62025,,390000.0,2025-04-01
139445821,122025,,173913.08,2025-04-01
139458346,32025,,432000.0,2025-04-01
139455395,32026,,303562.4,2025-04-01
139444470,42025,,165000.0,2025-04-01
139435626,12025,,551000.0,2025-04-01
139469829,62025,,659000.0,2025-04-01
139443156,82025,,756307.79,2025-04-01
139463252,22025,,296000.0,2025-04-01
139466163,52025,,210000.0,2025-04-01
139462706,42025,,478000.0,2025-04-01
139465881,62025,,262000.0,2025-04-01
139455412,122025,,96699.1,2025-04-01
139441493,12026,,488537.16,2025-04-01
139456802,112025,,386746.73,2025-04-01
139437935,12026,,575529.92,2025-04-01
139465986,32026,,109393.51,2025-04-01
139462007,22026,,256917.07,2025-04-01
139465823,42025,,173000.0,2025-04-01
139441641,92025,,383953.64,2025-04-01
139440926,42025,,0.0,2025-04-01
139457889,12025,,578000.0,2025-04-01
139469895,32026,,476669.81,2025-04-01
139437302,72025,,468448.94,2025-04-01
139442054,92025,,761369.85,2025-04-01
139459626,12026,,181383.43,2025-04-01
139454002,12026,,1090466.44,2025-04-01
139453891,72025,,186000.0,2025-04-01
139468067,12026,,122192.36,2025-04-01
139448307,12025,,252000.0,2025-04-01
139462343,92025,,397317.64,2025-04-01
139435582,32025,,290000.0,2025-04-01
139458859,112025,,186032.88,2025-04-01
139450019,72025,,265000.0,2025-04-01
139448104,32026,,167823.11,2025-04-01
139445767,32025,,1207000.0,2025-04-01
139453702,62025,,389000.0,2025-04-01
139449581,92025,,297096.49,2025-04-01
139467414,102025,,549566.37,2025-04-01
139464311,122025,,219884.47,2025-04-01
139460044,72025,,232000.0,2025-04-01
139443268,12025,,127000.0,2025-04-01
139445979,52025,,429000.0,2025-04-01
139443848,12026,,476803.77,2025-04-01
139454705,82025,,505134.67,2025-04-01
139459951,112025,,261944.84,2025-04-01
139452470,112025,,496249.7,2025-04-01
139458347,72025,,1029000.0,2025-04-01
139467114,122025,,709815.54,2025-04-01
139436886,32025,,309000.0,2025-04-01
139454441,72025,,503000.0,2025-04-01
139438122,12026,,374908.29,2025-04-01
139450270,22025,,141000.0,2025-04-01
139442136,52025,,322000.0,2025-04-01
139453889,22026,,145410.15,2025-04-01
139449933,62025,,790864.53,2025-04-01
139446207,82025,,188417.19,2025-04-01
139462394,102025,,134894.2,2025-04-01
139459972,22026,,211895.53,2025-04-01
139444078,122025,,510338.58,2025-04-01
139447171,112025,,208178.97,2025-04-01
139445681,12026,,269054.59,2025-04-01
139454764,72025,,284000.0,2025-04-01
139459685,102025,,416574.01,2025-04-01
139449791,22025,,356000.0,2025-04-01
139440213,12026,,129890.94,2025-04-01
139459281,32025,,155000.0,2025-04-01
139457618,32026,,772261.33,2025-04-01
139451917,22026,,473051.13,2025-04-01
139440671,22025,,565000.0,2025-04-01
139446510,22025,,237000.0,2025-04-01
139439704,52025,,226000.0,2025-04-01
139436262,12026,,64567.26,2025-04-01
139446446,92025,,793754.79,2025-04-01
139455215,22026,,1001700.13,2025-04-01
139459011,82025,,635001.74,2025-04-01
139438694,22025,,400000.0,2025-04-01
139444027,82025,,246313.22,2025-04-01
139440044,12025,,190000.0,2025-04-01
139442563,52025,,230000.0,2025-04-01
139469441,42025,,163000.0,2025-04-01
139446441,102025,,395978.66,2025-04-01
139454317,62025,,0.0,2025-04-01
139439541,52025,,99000.0,2025-04-01
139438455,52025,,204000.0,2025-04-01
139466027,22025,,506000.0,2025-04-01
139436980,22025,,613000.0,2025-04-01
139456789,22026,,470558.87,2025-04-01
139468057,42025,,250000.0,2025-04-01
139448068,42025,,80000.0,2025-04-01
139439792,122025,,73736.56,2025-04-01
139443786,62025,,762000.0,2025-04-01
139452602,12025,,235000.0,2025-04-01
139437049,12026,,426182.81,2025-04-01
139462025,32026,,30463.94,2025-04-01
139454811,12026,,282099.33,2025-04-01
139457372,12026,,257527.27,2025-04-01
139443157,82025,,110220.51,2025-04-01
139439008,12026,,220480.05,2025-04-01
139451372,32025,,150000.0,2025-04-01
139458346,112025,,427421.86,2025-04-01
139463047,72025,,158000.0,2025-04-01
139447082,82025,,360961.01,2025-04-01
139436493,62025,,92000.0,2025-04-01
139451555,22026,,187461.17,2025-04-01
139459331,22026,,148304.16,2025-04-01
139445001,52025,,483000.0,2025-04-01
139458150,42025,,293000.0,2025-04-01
139462094,102025,,138039.16,2025-04-01
139467490,12025,,450000.0,2025-04-01
139451869,42025,,330000.0,2025-04-01
139451111,102025,,176712.21,2025-04-01
139443525,112025,,206367.91,2025-04-01
139454182,12025,,496000.0,2025-04-01
139461760,72025,,115932.48,2025-04-01
139438341,72025,,335000.0,2025-04-01
139456974,92025,,170417.31,2025-04-01
139438433,102025,,52543.11,2025-04-01
139449212,52025,,241000.0,2025-04-01
139466420,112025,,158675.17,2025-04-01
139445427,112025,,184062.21,2025-04-01
139446701,52025,,170000.0,2025-04-01
139460281,22026,,187038.53,2025-04-01
139468406,32025,,288000.0,2025-04-01
139467008,32026,,246583.34,2025-04-01
139462218,72025,,297563.94,2025-04-01
139456716,32026,,321878.71,2025-04-01
139440644,82025,,656138.63,2025-04-01
139455484,102025,,571492.58,2025-04-01
139444714,72025,,329000.0,2025-04-01
139464433,122025,,373792.41,2025-04-01
139464936,52025,,172858.13,2025-04-01
139459475,12025,,136000.0,2025-04-01
139464439,92025,,177748.74,2025-04-01
139446807,102025,,282987.22,2025-04-01
139438103,22025,,238000.0,2025-04-01
139457204,42025,,705000.0,2025-04-01
139443147,32026,,196530.93,2025-04-01
139442795,92025,,386745.25,2025-04-01
139444175,12026,,488859.78,2025-04-01
139439996,12026,,91989.77,2025-04-01
139452180,112025,,158482.16,2025-04-01
139457185,112025,,671274.22,2025-04-01
139438470,22025,,411000.0,2025-04-01
139464341,82025,,311832.78,2025-04-01
139452894,32025,,393000.0,2025-04-01
139436810,22026,,228509.85,2025-04-01
139467091,92025,,797016.18,2025-04-01
139442348,112025,,98688.04,2025-04-01
139442104,62025,,179000.0,2025-04-01
139440135,22025,,376000.0,2025-04-01
139466869,82025,,154000.0,2025-04-01
139449104,82025,,118461.04,2025-04-01
139454154,32026,,83962.15,2025-04-01
139447978,32026,,477868.25,2025-04-01
139457443,12025,,204000.0,2025-04-01
139468010,102025,,185592.09,2025-04-01
139450731,12026,,74057.22,2025-04-01
139453993,112025,,731939.51,2025-04-01
139439039,42025,,299000.0,2025-04-01
139466457,32025,,281000.0,2025-04-01
139448203,12025,,189000.0,2025-04-01
139462037,22025,,252000.0,2025-04-01
139448570,102025,,82231.08,2025-04-01
139435731,72025,,599000.0,2025-04-01
139460701,12025,,174000.0,2025-04-01
139465451,82025,,131295.55,2025-04-01
139451610,12026,,265651.04,2025-04-01
139440108,42025,,386000.0,2025-04-01
139469255,12025,,295000.0,2025-04-01
139439996,122025,,92072.93,2025-04-01
139469858,122025,,367841.98,2025-04-01
139447002,102025,,198312.91,2025-04-01
139463090,32026,,430842.47,2025-04-01
139453779,12026,,307852.74,2025-04-01
139464851,12025,,550000.0,2025-04-01
139437512,12025,,618000.0,2025-04-01
139459673,22026,,407724.64,2025-04-01
139443677,22026,,244423.07,2025-04-01
139464191,32026,,352837.08,2025-04-01
139462522,102025,,215766.92,2025-04-01
139443585,12025,,235000.0,2025-04-01
139468173,62025,,44000.0,2025-04-01
139449060,82025,,225000.0,2025-04-01
139445065,102025,,518404.0,2025-04-01
139468672,122025,,162773.49,2025-04-01
139461922,72025,,340000.0,2025-04-01
139442822,112025,,210656.24,2025-04-01
139444528,82025,,250341.31,2025-04-01
139455104,12025,,140000.0,2025-04-01
139443491,102025,,157123.3,2025-04-01
139457466,122025,,586093.36,2025-04-01
139469103,22026,,271968.28,2025-04-01
139460024,22025,,768000.0,2025-04-01
139458343,22026,,226601.87,2025-04-01
139460799,122025,,166866.62,2025-04-01
139453632,12025,,210000.0,2025-04-01
139457431,12026,,160982.21,2025-04-01
139469634,42025,,628000.0,2025-04-01
139459933,92025,,421648.73,2025-04-01
139469525,82025,,148987.97,2025-04-01
139467602,102025,,133593.18,2025-04-01
139469487,12025,,675000.0,2025-04-01
139458912,32026,,401411.65,2025-04-01
139444717,122025,,254175.47,2025-04-01
139468231,32025,,794000.0,2025-04-01
139437667,12025,,97000.0,2025-04-01
139443725,32026,,251246.23,2025-04-01
139454539,12026,,451585.39,2025-04-01
139463482,12025,,697000.0,2025-04-01
139441145,32025,,573000.0,2025-04-01
139469065,42025,,570000.0,2025-04-01
139467868,22025,,634000.0,2025-04-01
139448240,82025,,321937.25,2025-04-01
139466501,22026,,13619.65,2025-04-01
139438373,52025,,478000.0,2025-04-01
139445921,122025,,100051.58,2025-04-01
139468642,42025,,220000.0,2025-04-01
139436146,42025,,185000.0,2025-04-01
139449323,112025,,252376.89,2025-04-01
139436911,92025,,97716.84,2025-04-01
139453508,102025,,257732.95,2025-04-01
139452881,92025,,81154.26,2025-04-01
139443456,102025,,704591.04,2025-04-01
139440822,32025,,784000.0,2025-04-01
139442979,92025,,274161.22,2025-04-01
139466397,32025,,235000.0,2025-04-01
139436301,12025,,368000.0,2025-04-01
139444581,12025,,149000.0,2025-04-01
139448279,22025,,499000.0,2025-04-01
139460640,112025,,703241.68,2025-04-01
139453179,52025,,256000.0,2025-04-01
139442495,42025,,718000.0,2025-04-01
139459384,92025,,223177.54,2025-04-01
139437221,122025,,526607.28,2025-04-01
139468972,102025,,148722.8,2025-04-01
139463713,102025,,424524.77,2025-04-01
139450964,22026,,337696.24,2025-04-01
139464862,82025,,184000.0,2025-04-01
139447877,52025,,796000.0,2025-04-01
139465227,112025,,200741.4,2025-04-01
139437616,82025,,457993.39,2025-04-01
139440791,12025,,480000.0,2025-04-01
139464334,72025,,551000.0,2025-04-01
139451554,82025,,695709.28,2025-04-01
139460251,122025,,112478.59,2025-04-01
139461407,52025,,286000.0,2025-04-01
139437714,12026,,391302.35,2025-04-01
139435524,32026,,756647.29,2025-04-01
139457840,32025,,178000.0,2025-04-01
139438340,22026,,197186.27,2025-04-01
139468131,62025,,100000.0,2025-04-01
139460366,32025,,355000.0,2025-04-01
139448985,122025,,210144.26,2025-04-01
139463892,32025,,220000.0,2025-04-01
139456724,12026,,274134.78,2025-04-01
139442097,62025,,180000.0,2025-04-01
139444481,122025,,603821.59,2025-04-01
139438457,42025,,131000.0,2025-04-01
139450179,92025,,465911.57,2025-04-01
139438476,112025,,218320.6,2025-04-01
139464921,12025,,265000.0,2025-04-01
139447462,22026,,436226.15,2025-04-01
139454204,62025,,424000.0,2025-04-01
139467438,32026,,0.0,2025-04-01
139442120,82025,,204763.9,2025-04-01
139446945,122025,,106227.28,2025-04-01
139456552,12026,,260559.93,2025-04-01
139456916,92025,,224473.58,2025-04-01
139448348,102025,,409125.61,2025-04-01
139443236,42025,,430000.0,2025-04-01
139445046,12026,,373612.52,2025-04-01
139437212,32025,,185000.0,2025-04-01
139448462,22026,,301499.82,2025-04-01
139452628,32025,,574000.0,2025-04-01
139456101,32025,,278000.0,2025-04-01
139452210,72025,,168000.0,2025-04-01
139466481,122025,,117430.36,2025-04-01
139460001,12026,,515025.29,2025-04-01
139449284,112025,,419239.81,2025-04-01
139436512,52025,,207000.0,2025-04-01
139453951,122025,,148541.59,2025-04-01
139461189,72025,,223000.0,2025-04-01
139442941,112025,,76473.82,2025-04-01
139447053,12025,,100000.0,2025-04-01
139449324,12026,,377337.84,2025-04-01
139466178,42025,,88000.0,2025-04-01
139456701,92025,,406904.96,2025-04-01
139445739,82025,,235697.1,2025-04-01
139453145,32026,,85648.93,2025-04-01
139459286,12026,,305104.42,2025-04-01
139443479,82025,,316796.14,2025-04-01
139443429,22026,,391825.09,2025-04-01
139462098,122025,,29399.69,2025-04-01
139448488,22026,,201563.73,2025-04-01
139465801,32026,,326634.57,2025-04-01
139444705,32026,,248848.27,2025-04-01
139443693,22025,,445000.0,2025-04-01
139436141,12025,,131000.0,2025-04-01
139439032,102025,,644749.21,2025-04-01
139468293,32025,,792000.0,2025-04-01
139456522,22025,,299000.0,2025-04-01
139469229,102025,,234258.03,2025-04-01
139451369,122025,,154574.22,2025-04-01
139449926,112025,,197924.36,2025-04-01
139446257,92025,,133163.51,2025-04-01
139439617,72025,,443000.0,2025-04-01
139458377,52025,,349000.0,2025-04-01
139468225,32025,,289000.0,2025-04-01
139455973,122025,,227869.3,2025-04-01
139459333,52025,,378000.0,2025-04-01
139447711,52025,,139000.0,2025-04-01
139443753,52025,,372000.0,2025-04-01
139458813,42025,,711000.0,2025-04-01
139436653,22025,,484000.0,2025-04-01
139446343,42025,,636000.0,2025-04-01
139464081,82025,,198275.0,2025-04-01
139450247,32026,,469200.44,2025-04-01
139450324,72025,,158964.45,2025-04-01
139442654,22026,,135520.37,2025-04-01
139454275,82025,,710000.0,2025-04-01
139443736,52025,,149000.0,2025-04-01
139463964,42025,,70000.0,2025-04-01
139445505,12026,,150066.64,2025-04-01
139449751,62025,,58000.0,2025-04-01
139437091,52025,,280000.0,2025-04-01
139445053,102025,,370436.45,2025-04-01
139467112,32025,,252000.0,2025-04-01
139454266,22025,,188000.0,2025-04-01
139449216,62025,,239000.0,2025-04-01
139449811,12025,,165000.0,2025-04-01
139462447,52025,,532000.0,2025-04-01
139466572,32025,,131000.0,2025-04-01
139462502,102025,,509237.58,2025-04-01
139456206,22025,,473000.0,2025-04-01
139448248,52025,,293000.0,2025-04-01
139466147,112025,,167318.87,2025-04-01
139466297,92025,,49707.43,2025-04-01
139463587,112025,,437604.0,2025-04-01
139456132,22025,,532000.0,2025-04-01
139437718,22025,,263000.0,2025-04-01
139449342,12026,,107968.96,2025-04-01
139438233,122025,,287059.05,2025-04-01
139446129,52025,,229000.0,2025-04-01
139441239,22025,,643000.0,2025-04-01
139441162,122025,,254389.04,2025-04-01
139469186,122025,,578165.72,2025-04-01
139436022,32026,,224588.61,2025-04-01
139458848,32025,,150000.0,2025-04-01
139469473,82025,,194617.46,2025-04-01
139463370,72025,,129000.0,2025-04-01
139454365,22026,,95286.46,2025-04-01
139469190,52025,,733000.0,2025-04-01
139465811,22025,,143000.0,2025-04-01
139461486,32025,,178000.0,2025-04-01
139463226,22025,,148000.0,2025-04-01
139439702,112025,,334218.99,2025-04-01
139435609,82025,,126361.69,2025-04-01
139452585,82025,,184000.0,2025-04-01
139448282,32026,,391769.21,2025-04-01
139463087,12026,,95114.32,2025-04-01
139460924,42025,,501000.0,2025-04-01
139443492,32026,,587193.55,2025-04-01
139465850,22025,,435000.0,2025-04-01
139455555,42025,,1173000.0,2025-04-01
139441896,102025,,197671.91,2025-04-01
139457051,32025,,218000.0,2025-04-01
139440729,112025,,517161.44,2025-04-01
139448625,32026,,474044.02,2025-04-01
139441267,32026,,326681.17,2025-04-01
139455145,12025,,180000.0,2025-04-01
139442435,102025,,124096.55,2025-04-01
139461165,52025,,275000.0,2025-04-01
139464662,32025,,269000.0,2025-04-01
139464021,72025,,353000.0,2025-04-01
139452836,42025,,271000.0,2025-04-01
139441690,42025,,290000.0,2025-04-01
139467727,32025,,202000.0,2025-04-01
139450075,72025,,664000.0,2025-04-01
139463900,32025,,363000.0,2025-04-01
139450580,62025,,75000.0,2025-04-01
139436896,12026,,81169.87,2025-04-01
139467759,112025,,259025.41,2025-04-01
139468491,112025,,156042.98,2025-04-01
139449207,92025,,112845.88,2025-04-01
139448937,12025,,787000.0,2025-04-01
139446594,112025,,196108.15,2025-04-01
139439073,22025,,78000.0,2025-04-01
139460098,32026,,244922.64,2025-04-01
139451864,62025,,696000.0,2025-04-01
139461407,72025,,286000.0,2025-04-01
139467780,32025,,594000.0,2025-04-01
139451659,12026,,273430.05,2025-04-01
139460507,92025,,186041.03,2025-04-01
139450662,12026,,368233.88,2025-04-01
139456442,52025,,217000.0,2025-04-01
139464970,32025,,222000.0,2025-04-01
139453092,12025,,602000.0,2025-04-01
139468656,52025,,84000.0,2025-04-01
139438282,22025,,445000.0,2025-04-01
139453680,92025,,270625.35,2025-04-01
139469140,102025,,472576.14,2025-04-01
139461261,72025,,174000.0,2025-04-01
139447444,52025,,417000.0,2025-04-01
139453055,32025,,298000.0,2025-04-01
139454829,22025,,276000.0,2025-04-01
139452089,42025,,185000.0,2025-04-01
139462276,52025,,221000.0,2025-04-01
139462817,42025,,390000.0,2025-04-01
139460504,12025,,520000.0,2025-04-01
139465912,82025,,77882.9,2025-04-01
139443518,72025,,635795.18,2025-04-01
139439445,62025,,385000.0,2025-04-01
139447736,32025,,300000.0,2025-04-01
139437525,82025,,797897.82,2025-04-01
139438628,32025,,323000.0,2025-04-01
139466942,12025,,150000.0,2025-04-01
139458651,112025,,238956.87,2025-04-01
139440585,32025,,45000.0,2025-04-01
139438368,22025,,500000.0,2025-04-01
139462564,92025,,673735.8,2025-04-01
139442250,12025,,752000.0,2025-04-01
139464477,52025,,481000.0,2025-04-01
139439060,62025,,199000.0,2025-04-01
139442443,92025,,287137.41,2025-04-01
139447352,12026,,96568.62,2025-04-01
139456537,52025,,346000.0,2025-04-01
139449746,82025,,130264.61,2025-04-01
139465115,22025,,477000.0,2025-04-01
139439976,12025,,462000.0,2025-04-01
139463005,22025,,184000.0,2025-04-01
139443092,92025,,149089.63,2025-04-01
139447556,22026,,404221.42,2025-04-01
139439208,122025,,204109.73,2025-04-01
139443234,112025,,309186.75,2025-04-01
139469178,12025,,248000.0,2025-04-01
139442525,12025,,594000.0,2025-04-01
139449779,82025,,61648.27,2025-04-01
139456263,12025,,473000.0,2025-04-01
139463753,122025,,0.0,2025-04-01
139466554,32026,,257375.01,2025-04-01
139442302,52025,,244000.0,2025-04-01
139452337,52025,,192000.0,2025-04-01
139452471,112025,,70266.97,2025-04-01
139455039,42025,,408000.0,2025-04-01
139436482,12026,,365518.21,2025-04-01
139455513,22026,,711258.98,2025-04-01
139447924,42025,,419000.0,2025-04-01
139444438,62025,,1498000.0,2025-04-01
139453624,72025,,330011.62,2025-04-01
139450126,12025,,292000.0,2025-04-01
139466405,52025,,367000.0,2025-04-01
139460609,52025,,256000.0,2025-04-01
139465650,22026,,262018.51,2025-04-01
139453578,12026,,160495.22,2025-04-01
139443263,72025,,137000.0,2025-04-01
139441631,12025,,336000.0,2025-04-01
139453784,82025,,94792.27,2025-04-01
139469745,12025,,271000.0,2025-04-01
139456646,102025,,554524.28,2025-04-01
139458919,72025,,130667.51,2025-04-01
139470078,122025,,148354.7,2025-04-01
139464019,102025,,654625.5,2025-04-01
139461271,62025,,421000.0,2025-04-01
139445794,112025,,370828.7,2025-04-01
139458578,22025,,97000.0,2025-04-01
139453581,42025,,731000.0,2025-04-01
139441728,112025,,442246.68,2025-04-01
139454880,22025,,110000.0,2025-04-01
139440124,22025,,412000.0,2025-04-01
139457831,22026,,103875.8,2025-04-01
139456094,122025,,432934.91,2025-04-01
139448087,52025,,374000.0,2025-04-01
139452349,102025,,288197.63,2025-04-01
139467528,62025,,310000.0,2025-04-01
139460273,122025,,286754.85,2025-04-01
139455051,52025,,267000.0,2025-04-01
139439087,82025,,79397.56,2025-04-01
139453198,122025,,201977.11,2025-04-01
139445248,82025,,243214.81,2025-04-01
139449327,92025,,664888.4,2025-04-01
139450641,72025,,417000.0,2025-04-01
139466133,42025,,25000.0,2025-04-01
139462249,92025,,181568.32,2025-04-01
139465879,12025,,519000.0,2025-04-01
139436121,22026,,323644.57,2025-04-01
139442929,22026,,227740.79,2025-04-01
139454929,12026,,717693.17,2025-04-01
139436387,42025,,276000.0,2025-04-01
139446863,32026,,276055.77,2025-04-01
139436884,122025,,468513.12,2025-04-01
139448647,12025,,284000.0,2025-04-01
139466068,92025,,180744.29,2025-04-01
139442960,22026,,460120.82,2025-04-01
139456088,22026,,431563.67,2025-04-01
139469205,12026,,341736.41,2025-04-01
139463141,112025,,331059.24,2025-04-01
139468704,12025,,280000.0,2025-04-01
139438908,52025,,194000.0,2025-04-01
139448533,12026,,203918.06,2025-04-01
139444617,42025,,313000.0,2025-04-01
139438642,12026,,353352.24,2025-04-01
139450112,62025,,676000.0,2025-04-01
139457040,32025,,440000.0,2025-04-01
139442204,42025,,328000.0,2025-04-01
139449014,12026,,315584.57,2025-04-01
139459692,92025,,235860.18,2025-04-01
139452218,12025,,400000.0,2025-04-01
139448158,42025,,578000.0,2025-04-01
139435707,12026,,138575.16,2025-04-01
139442087,72025,,357000.0,2025-04-01
139457355,52025,,278000.0,2025-04-01
139459222,62025,,291000.0,2025-04-01
139464293,52025,,658000.0,2025-04-01
139448222,12025,,75000.0,2025-04-01
139462439,92025,,888075.68,2025-04-01
139453313,62025,,177000.0,2025-04-01
139436318,22026,,206628.42,2025-04-01
139460767,82025,,407547.01,2025-04-01
139463271,92025,,581968.81,2025-04-01
139468250,92025,,485146.97,2025-04-01
139446016,62025,,169000.0,2025-04-01
139438169,72025,,194216.4,2025-04-01
139459522,62025,,534000.0,2025-04-01
139448975,122025,,460201.86,2025-04-01
139445689,62025,,544000.0,2025-04-01
139438395,32025,,806000.0,2025-04-01
139437373,122025,,641442.89,2025-04-01
139438617,102025,,668674.63,2025-04-01
139441739,12026,,222727.28,2025-04-01
139450137,12026,,411355.27,2025-04-01
139466831,72025,,256000.0,2025-04-01
139455917,112025,,486370.47,2025-04-01
139451889,32025,,319000.0,2025-04-01
139457444,102025,,466211.98,2025-04-01
139460630,22025,,124000.0,2025-04-01
139467508,92025,,673670.6,2025-04-01
139449001,82025,,418932.22,2025-04-01
139468511,22026,,272097.26,2025-04-01
139464520,82025,,163018.82,2025-04-01
139453133,12026,,246280.56,2025-04-01
139445740,72025,,249000.0,2025-04-01
139456064,42025,,75000.0,2025-04-01
139444239,92025,,591514.43,2025-04-01
139459077,22025,,120000.0,2025-04-01
139444487,32025,,245000.0,2025-04-01
139463489,32026,,621670.8,2025-04-01
139438308,112025,,277638.72,2025-04-01
139457868,62025,,198000.0,2025-04-01
139459157,32025,,239000.0,2025-04-01
139460768,32026,,642579.5,2025-04-01
139464885,62025,,154000.0,2025-04-01
139450781,22025,,232000.0,2025-04-01
139457097,22026,,332843.52,2025-04-01
139461683,22025,,250000.0,2025-04-01
139456875,22025,,258000.0,2025-04-01
139449269,82025,,455574.31,2025-04-01
139469179,82025,,432521.12,2025-04-01
139445865,112025,,186664.12,2025-04-01
139448332,92025,,309239.93,2025-04-01
139468963,102025,,20609.87,2025-04-01
139437267,102025,,357865.68,2025-04-01
139437469,122025,,226362.16,2025-04-01
139462202,92025,,760647.63,2025-04-01
139467259,82025,,254367.26,2025-04-01
139446720,102025,,268994.68,2025-04-01
139457962,62025,,545000.0,2025-04-01
139456822,52025,,709000.0,2025-04-01
139468676,22026,,200696.77,2025-04-01
139443579,92025,,368345.76,2025-04-01
139465486,52025,,302000.0,2025-04-01
139444072,72025,,118530.7,2025-04-01
139460174,32025,,209000.0,2025-04-01
139458816,72025,,648000.0,2025-04-01
139457298,12025,,431000.0,2025-04-01
139456859,112025,,103183.3,2025-04-01
139457247,22025,,161000.0,2025-04-01
139446635,22025,,442000.0,2025-04-01
139463766,112025,,299630.96,2025-04-01
139436415,52025,,618000.0,2025-04-01
139448269,92025,,298087.68,2025-04-01
139435785,72025,,388000.0,2025-04-01
139463602,22025,,439000.0,2025-04-01
139458176,12025,,472000.0,2025-04-01
139447093,12025,,81000.0,2025-04-01
139457842,32026,,419340.38,2025-04-01
139461891,102025,,423763.6,2025-04-01
139463864,102025,,319585.61,2025-04-01
139448816,52025,,406000.0,2025-04-01
139450401,92025,,330049.21,2025-04-01
139460622,92025,,108843.33,2025-04-01
139451399,122025,,296816.1,2025-04-01
139462821,32026,,368939.59,2025-04-01
139454646,22025,,268000.0,2025-04-01
139463399,52025,,387000.0,2025-04-01
139450581,112025,,306508.59,2025-04-01
139461553,42025,,349000.0,2025-04-01
139438501,52025,,162000.0,2025-04-01
139460095,102025,,576169.14,2025-04-01
139442493,52025,,418000.0,2025-04-01
139469436,12025,,782000.0,2025-04-01
139443914,52025,,259000.0,2025-04-01
139455551,42025,,200000.0,2025-04-01
139466384,22026,,122367.76,2025-04-01
139457238,102025,,273154.08,2025-04-01
139455772,72025,,129000.0,2025-04-01
139463661,62025,,770681.81,2025-04-01
139445204,22026,,326319.52,2025-04-01
139466967,32025,,82000.0,2025-04-01
139457933,12025,,289000.0,2025-04-01
139441188,22026,,268538.06,2025-04-01
139440721,42025,,274000.0,2025-04-01
139466067,122025,,186939.89,2025-04-01
139455873,112025,,667184.15,2025-04-01
139455786,122025,,295894.15,2025-04-01
139436284,12025,,209000.0,2025-04-01
139441076,12025,,216000.0,2025-04-01
139436331,122025,,305813.12,2025-04-01
139444046,62025,,603000.0,2025-04-01
139444066,102025,,123829.41,2025-04-01
139451110,42025,,299000.0,2025-04-01
139458389,12025,,336000.0,2025-04-01
139459545,72025,,356000.0,2025-04-01
139442166,52025,,52000.0,2025-04-01
139437385,32026,,662261.94,2025-04-01
139450427,42025,,359000.0,2025-04-01
139457024,22025,,113000.0,2025-04-01
139448729,42025,,307000.0,2025-04-01
139448496,42025,,159000.0,2025-04-01
139442410,82025,,477000.0,2025-04-01
139456730,32026,,150945.97,2025-04-01
139441786,92025,,293405.07,2025-04-01
139437516,102025,,306701.65,2025-04-01
139446570,112025,,186599.75,2025-04-01
139466087,32026,,253865.24,2025-04-01
139447933,22025,,114000.0,2025-04-01
139463165,92025,,269868.74,2025-04-01
139466413,22026,,93591.99,2025-04-01
139457016,92025,,59500.12,2025-04-01
139436091,12026,,195538.52,2025-04-01
139450832,12026,,228830.38,2025-04-01
139441525,112025,,244917.35,2025-04-01
139444841,32026,,146436.88,2025-04-01
139438703,12025,,269000.0,2025-04-01
139443597,22025,,436000.0,2025-04-01
139443451,62025,,183000.0,2025-04-01
139448198,112025,,0.0,2025-04-01
139441095,32025,,419000.0,2025-04-01
139447183,12026,,275401.24,2025-04-01
139451600,12025,,238000.0,2025-04-01
139439487,82025,,163889.21,2025-04-01
139438083,92025,,370886.84,2025-04-01
139467093,42025,,144000.0,2025-04-01
139460961,42025,,99000.0,2025-04-01
139467263,22025,,179000.0,2025-04-01
139452570,62025,,663000.0,2025-04-01
139466880,22025,,619000.0,2025-04-01
139464224,52025,,99000.0,2025-04-01
139443239,122025,,532402.41,2025-04-01
139466221,102025,,230984.38,2025-04-01
139436704,72025,,331000.0,2025-04-01
139456522,72025,,298087.68,2025-04-01
139470212,52025,,281000.0,2025-04-01
139445012,112025,,227007.96,2025-04-01
139445555,42025,,248000.0,2025-04-01
139447786,72025,,233000.0,2025-04-01
139460651,52025,,502000.0,2025-04-01
139446251,12025,,390000.0,2025-04-01
139441319,112025,,500890.45,2025-04-01
139441158,22026,,202295.59,2025-04-01
139469434,82025,,239000.0,2025-04-01
139440847,82025,,532455.73,2025-04-01
139444075,22026,,197600.73,2025-04-01
139442349,102025,,217792.21,2025-04-01
139446774,42025,,288000.0,2025-04-01
139440550,22025,,203000.0,2025-04-01
139446109,22025,,341000.0,2025-04-01
139452790,32026,,147870.07,2025-04-01
139451109,82025,,330670.29,2025-04-01
139445300,12025,,250000.0,2025-04-01
139447302,72025,,200579.59,2025-04-01
139441799,42025,,409000.0,2025-04-01
139461049,112025,,472667.53,2025-04-01
139465614,12025,,756000.0,2025-04-01
139464647,62025,,534000.0,2025-04-01
139435552,52025,,193000.0,2025-04-01
139449219,12026,,244486.1,2025-04-01
139459978,62025,,174000.0,2025-04-01
139446341,42025,,349000.0,2025-04-01
139441420,72025,,597000.0,2025-04-01
139444532,102025,,756829.72,2025-04-01
139464800,92025,,185229.33,2025-04-01
139461098,32026,,133598.3,2025-04-01
139442867,22026,,387337.77,2025-04-01
139441854,12025,,100000.0,2025-04-01
139466392,22025,,476000.0,2025-04-01
139436726,112025,,73453.99,2025-04-01
139458824,52025,,140000.0,2025-04-01
139437181,22025,,390000.0,2025-04-01
139454261,102025,,465092.08,2025-04-01
139439802,32025,,299000.0,2025-04-01
139461874,52025,,142000.0,2025-04-01
139462530,32025,,370000.0,2025-04-01
139466239,32026,,231733.86,2025-04-01
139461792,62025,,107000.0,2025-04-01
139437015,122025,,449396.31,2025-04-01
139458315,52025,,389000.0,2025-04-01
139445948,62025,,119000.0,2025-04-01
139452237,92025,,754154.4,2025-04-01
139459840,22025,,569000.0,2025-04-01
139453674,12025,,408000.0,2025-04-01
139457983,62025,,487000.0,2025-04-01
139437412,22026,,400842.72,2025-04-01
139457018,12025,,456000.0,2025-04-01
139465774,112025,,187712.52,2025-04-01
139450065,72025,,741000.0,2025-04-01
139448947,52025,,252000.0,2025-04-01
139444342,112025,,222812.8,2025-04-01
139449368,62025,,74000.0,2025-04-01
139454430,82025,,632902.94,2025-04-01
139466408,22026,,253428.31,2025-04-01
139451829,72025,,299000.0,2025-04-01
139446404,82025,,452243.74,2025-04-01
139441836,82025,,143938.49,2025-04-01
139469054,12026,,217687.38,2025-04-01
139467764,12025,,345000.0,2025-04-01
139457223,62025,,205961.48,2025-04-01
139440371,12025,,222000.0,2025-04-01
139453324,92025,,145957.11,2025-04-01
139440840,102025,,186710.59,2025-04-01
139439673,32026,,85376.57,2025-04-01
139436835,92025,,314865.14,2025-04-01
139435670,62025,,458000.0,2025-04-01
139467608,12026,,62088.46,2025-04-01
139439771,32026,,1135101.36,2025-04-01
139437047,82025,,109013.67,2025-04-01
139435995,12025,,247000.0,2025-04-01
139456252,32025,,591000.0,2025-04-01
139437031,82025,,275109.74,2025-04-01
139441645,102025,,476375.19,2025-04-01
139453749,32025,,381000.0,2025-04-01
139442500,22025,,273000.0,2025-04-01
139458499,72025,,316304.83,2025-04-01
139436225,82025,,219000.0,2025-04-01
139457161,82025,,119170.98,2025-04-01
139464975,12025,,807000.0,2025-04-01
139443263,122025,,136672.35,2025-04-01
139437668,102025,,198525.88,2025-04-01
139463473,62025,,259000.0,2025-04-01
139440269,122025,,115887.2,2025-04-01
139454864,62025,,386000.0,2025-04-01
139458519,12025,,137000.0,2025-04-01
139441539,52025,,763000.0,2025-04-01
139468585,92025,,150285.68,2025-04-01
139450770,62025,,106000.0,2025-04-01
139461332,32026,,0.0,2025-04-01
139466182,62025,,720000.0,2025-04-01
139438111,82025,,417862.22,2025-04-01
139455368,102025,,192679.41,2025-04-01
139436415,12026,,613069.6,2025-04-01
139463399,92025,,383764.95,2025-04-01
139467416,22025,,507000.0,2025-04-01
139462861,22025,,177000.0,2025-04-01
139449087,12026,,197816.94,2025-04-01
139450096,92025,,189625.58,2025-04-01
139455373,32026,,755722.43,2025-04-01
139461797,12026,,183147.8,2025-04-01
139449218,92025,,602861.06,2025-04-01
139467374,22025,,530000.0,2025-04-01
139452019,82025,,80224.16,2025-04-01
139470204,62025,,294000.0,2025-04-01
139437755,72025,,158862.84,2025-04-01
139457154,62025,,195000.0,2025-04-01
139461771,42025,,271000.0,2025-04-01
139441942,22026,,241698.61,2025-04-01
139446965,42025,,98000.0,2025-04-01
139468742,102025,,198560.79,2025-04-01
139462496,122025,,393257.27,2025-04-01
139449367,12026,,364611.28,2025-04-01
139464767,42025,,398000.0,2025-04-01
139467570,22025,,240000.0,2025-04-01
139442312,22025,,100000.0,2025-04-01
139467463,42025,,33000.0,2025-04-01
139468530,52025,,343000.0,2025-04-01
139437140,12026,,143807.4,2025-04-01
139459859,32025,,175000.0,2025-04-01
139454579,52025,,460000.0,2025-04-01
139450951,22025,,132000.0,2025-04-01
139448003,122025,,298338.17,2025-04-01
139455360,122025,,76437.63,2025-04-01
139444061,122025,,474511.9,2025-04-01
139435657,122025,,0.0,2025-04-01
139455278,12026,,647037.12,2025-04-01
139443162,72025,,385000.0,2025-04-01
139437976,32025,,309000.0,2025-04-01
139456254,82025,,590528.55,2025-04-01
139449672,82025,,621480.34,2025-04-01
139447482,42025,,261000.0,2025-04-01
139446285,122025,,113487.92,2025-04-01
139458583,92025,,491467.14,2025-04-01
139453730,102025,,635120.11,2025-04-01
139450385,22026,,261525.42,2025-04-01
139467326,22025,,300000.0,2025-04-01
139442037,52025,,106000.0,2025-04-01
139466182,42025,,725000.0,2025-04-01
139461529,122025,,486231.27,2025-04-01
139467993,12026,,167602.55,2025-04-01
139455967,12025,,277000.0,2025-04-01
139460329,92025,,205398.53,2025-04-01
139451477,22026,,268686.72,2025-04-01
139467263,12025,,179000.0,2025-04-01
139453341,22025,,204000.0,2025-04-01
139436328,52025,,398000.0,2025-04-01
139447524,32026,,311116.69,2025-04-01
139453548,62025,,260000.0,2025-04-01
139450068,32025,,225000.0,2025-04-01
139470199,62025,,376000.0,2025-04-01
139449706,42025,,488363.06,2025-04-01
139441533,22026,,164967.15,2025-04-01
139448200,12025,,106000.0,2025-04-01
139435603,52025,,226000.0,2025-04-01
139452429,92025,,239842.56,2025-04-01
139468679,22026,,145767.97,2025-04-01
139462383,52025,,756000.0,2025-04-01
139469600,122025,,401865.87,2025-04-01
139437741,22026,,183776.01,2025-04-01
139465079,52025,,167000.0,2025-04-01
139454241,102025,,105199.52,2025-04-01
139450630,62025,,797000.0,2025-04-01
139447505,102025,,226360.25,2025-04-01
139458286,122025,,207298.53,2025-04-01
139441732,82025,,109710.07,2025-04-01
139440649,32025,,171000.0,2025-04-01
139443563,22025,,85000.0,2025-04-01
139443060,82025,,195262.96,2025-04-01
139455991,72025,,341000.0,2025-04-01
139455676,62025,,397000.0,2025-04-01
139456076,72025,,175000.0,2025-04-01
139442086,12025,,533000.0,2025-04-01
139460339,32026,,453168.77,2025-04-01
139447226,32025,,556000.0,2025-04-01
139459342,32026,,342232.03,2025-04-01
139439488,32025,,384000.0,2025-04-01
139455827,32026,,141696.43,2025-04-01
139444617,92025,,311342.84,2025-04-01
139438665,12025,,288000.0,2025-04-01
139437175,12026,,297301.41,2025-04-01
139449108,52025,,375000.0,2025-04-01
139445261,72025,,228991.6,2025-04-01
139451561,22026,,178167.98,2025-04-01
139465147,52025,,254000.0,2025-04-01
139468758,42025,,154000.0,2025-04-01
139437067,52025,,652000.0,2025-04-01
139453150,12026,,274365.59,2025-04-01
139450247,122025,,470402.64,2025-04-01
139451087,52025,,165000.0,2025-04-01
139436108,92025,,107344.61,2025-04-01
139442574,42025,,228000.0,2025-04-01
139439576,62025,,154000.0,2025-04-01
139447738,122025,,141370.59,2025-04-01
139454201,12026,,483061.67,2025-04-01
139448140,122025,,462512.83,2025-04-01
139435542,12026,,322638.93,2025-04-01
139457949,32026,,197309.16,2025-04-01
139457089,102025,,411851.46,2025-04-01
139450493,82025,,312220.15,2025-04-01
139435785,122025,,386372.16,2025-04-01
139456595,122025,,239302.24,2025-04-01
139454983,12026,,199239.56,2025-04-01
139448949,112025,,357962.03,2025-04-01
139456720,122025,,125029.43,2025-04-01
139452780,92025,,362585.41,2025-04-01
139468181,52025,,107000.0,2025-04-01
139444850,62025,,206000.0,2025-04-01
139458591,22025,,383000.0,2025-04-01
139458457,32025,,157000.0,2025-04-01
139462707,22026,,130121.8,2025-04-01
139442361,62025,,372000.0,2025-04-01
139446509,102025,,137683.59,2025-04-01
139450140,42025,,379000.0,2025-04-01
139436888,52025,,247000.0,2025-04-01
139450937,32026,,201401.04,2025-04-01
139448996,12026,,387958.51,2025-04-01
139440936,42025,,498000.0,2025-04-01
139467191,102025,,140731.96,2025-04-01
139466841,12025,,204000.0,2025-04-01
139453924,82025,,225569.46,2025-04-01
139455949,22025,,231000.0,2025-04-01
139458637,112025,,328160.99,2025-04-01
139458562,12026,,785109.13,2025-04-01
139456233,122025,,490993.66,2025-04-01
139466511,12025,,237000.0,2025-04-01
139457012,32026,,108555.02,2025-04-01
139465289,32026,,435965.98,2025-04-01
139436476,62025,,630000.0,2025-04-01
139450846,92025,,833501.19,2025-04-01
139441716,12026,,148440.69,2025-04-01
139436852,92025,,178852.6,2025-04-01
139452992,32025,,340000.0,2025-04-01
139460517,62025,,509000.0,2025-04-01
139443872,62025,,517000.0,2025-04-01
139455044,22025,,351000.0,2025-04-01
139439216,12026,,106559.65,2025-04-01
139453683,92025,,263286.19,2025-04-01
139461677,12026,,788347.73,2025-04-01
139450161,12026,,195069.72,2025-04-01
139439586,102025,,736904.85,2025-04-01
139466833,72025,,397452.11,2025-04-01
139461569,72025,,149000.0,2025-04-01
139464315,92025,,432424.44,2025-04-01
139436494,82025,,160280.86,2025-04-01
139457809,82025,,333000.0,2025-04-01
139470172,102025,,308318.73,2025-04-01
139467288,12025,,219000.0,2025-04-01
139459729,72025,,156000.0,2025-04-01
139439990,22026,,163984.37,2025-04-01
139442404,112025,,654682.9,2025-04-01
139437329,82025,,221482.42,2025-04-01
139450552,12026,,507435.17,2025-04-01
139452132,42025,,279000.0,2025-04-01
139450684,102025,,233739.3,2025-04-01
139440115,52025,,656000.0,2025-04-01
139438305,82025,,209150.95,2025-04-01
139439850,42025,,223000.0,2025-04-01
139440927,82025,,312618.4,2025-04-01
139452450,32025,,168000.0,2025-04-01
139467024,12026,,507200.57,2025-04-01
139469932,32026,,450739.79,2025-04-01
139464102,102025,,255087.81,2025-04-01
139466611,42025,,313000.0,2025-04-01
139443483,22026,,178152.23,2025-04-01
139435544,122025,,742866.96,2025-04-01
139446413,12026,,21763.38,2025-04-01
139451999,22026,,482983.91,2025-04-01
139438969,32026,,561103.31,2025-04-01
139469332,82025,,303261.97,2025-04-01
139443167,82025,,339377.88,2025-04-01
139450443,52025,,498000.0,2025-04-01
139456756,102025,,230500.35,2025-04-01
139464193,12025,,293000.0,2025-04-01
139462785,12026,,748495.37,2025-04-01
139440075,92025,,190206.36,2025-04-01
139465004,122025,,398257.07,2025-04-01
139441159,42025,,112000.0,2025-04-01
139455744,12026,,111040.91,2025-04-01
139444200,32025,,190000.0,2025-04-01
139438428,32025,,539000.0,2025-04-01
139449553,62025,,114000.0,2025-04-01
139468149,12025,,200000.0,2025-04-01
139447255,52025,,573000.0,2025-04-01
139455107,102025,,152943.97,2025-04-01
139436490,62025,,172000.0,2025-04-01
139439637,42025,,200000.0,2025-04-01
139441730,32025,,228000.0,2025-04-01
139437124,32025,,959000.0,2025-04-01
139466038,122025,,647123.33,2025-04-01
139440140,52025,,158000.0,2025-04-01
139451705,42025,,99000.0,2025-04-01
139463589,92025,,308015.91,2025-04-01
139446216,112025,,123518.05,2025-04-01
139462132,72025,,189000.0,2025-04-01
139437741,112025,,185743.93,2025-04-01
139443194,42025,,252000.0,2025-04-01
139442508,32025,,362000.0,2025-04-01
139462323,12026,,279819.86,2025-04-01
139450152,32025,,209000.0,2025-04-01
139440066,32026,,102068.48,2025-04-01
139458855,72025,,188000.0,2025-04-01
139462092,122025,,297286.46,2025-04-01
139450839,22025,,299000.0,2025-04-01
139451457,12025,,284000.0,2025-04-01
139458678,62025,,159000.0,2025-04-01
139454584,12025,,563000.0,2025-04-01
139461576,72025,,125000.0,2025-04-01
139457697,72025,,493000.0,2025-04-01
139463535,72025,,159000.0,2025-04-01
139469302,42025,,203000.0,2025-04-01
139440476,92025,,582499.81,2025-04-01
139459687,82025,,106170.66,2025-04-01
139449415,22026,,790454.4,2025-04-01
139453925,22026,,438608.93,2025-04-01
139450925,82025,,612914.31,2025-04-01
139446384,82025,,313646.36,2025-04-01
139461814,62025,,791000.0,2025-04-01
139440810,42025,,397000.0,2025-04-01
139470249,62025,,274000.0,2025-04-01
139436816,72025,,341054.3,2025-04-01
139465040,32026,,148221.35,2025-04-01
139452733,22025,,115000.0,2025-04-01
139461835,122025,,0.0,2025-04-01
139437150,92025,,227602.67,2025-04-01
139438761,52025,,104000.0,2025-04-01
139463469,12026,,568516.81,2025-04-01
139455309,52025,,492000.0,2025-04-01
139448302,122025,,372568.19,2025-04-01
139452708,62025,,267000.0,2025-04-01
139450476,22025,,285000.0,2025-04-01
139452812,52025,,61000.0,2025-04-01
139457628,32026,,128447.27,2025-04-01
139437765,32026,,156331.89,2025-04-01
139450583,92025,,349243.71,2025-04-01
139441375,62025,,372000.0,2025-04-01
139443565,112025,,312078.82,2025-04-01
139469676,42025,,362000.0,2025-04-01
139441437,32026,,379827.26,2025-04-01
139444468,12025,,262000.0,2025-04-01
139456886,72025,,795213.69,2025-04-01
139438634,82025,,166134.17,2025-04-01
139438703,72025,,268000.0,2025-04-01
139452111,112025,,386452.88,2025-04-01
139439133,52025,,104000.0,2025-04-01
139444333,62025,,326000.0,2025-04-01
139442081,32025,,261000.0,2025-04-01
139467624,22025,,523000.0,2025-04-01
139448729,12025,,307000.0,2025-04-01
139458664,12025,,294000.0,2025-04-01
139467233,12026,,140842.23,2025-04-01
139455125,22025,,159000.0,2025-04-01
139443616,102025,,235662.51,2025-04-01
139461532,102025,,292966.42,2025-04-01
139459753,82025,,267583.75,2025-04-01
139450592,62025,,294000.0,2025-04-01
139442933,102025,,423979.9,2025-04-01
139455438,32025,,255000.0,2025-04-01
139465652,92025,,278329.8,2025-04-01
139461064,62025,,175000.0,2025-04-01
139448332,42025,,315000.0,2025-04-01
139469368,82025,,568320.97,2025-04-01
139449478,32026,,335377.86,2025-04-01
139456964,32025,,293000.0,2025-04-01
139450467,52025,,262000.0,2025-04-01
139441360,22025,,265000.0,2025-04-01
139440343,92025,,279383.58,2025-04-01
139469599,32025,,371000.0,2025-04-01
139465780,42025,,351000.0,2025-04-01
139466129,12025,,100000.0,2025-04-01
139466307,92025,,96281.54,2025-04-01
139444920,22025,,1074000.0,2025-04-01
139454401,62025,,359000.0,2025-04-01
139459693,42025,,328000.0,2025-04-01
139468722,82025,,416000.0,2025-04-01
139453054,102025,,320558.89,2025-04-01
139452294,32026,,217080.39,2025-04-01
139467810,122025,,328146.45,2025-04-01
139460285,12025,,272000.0,2025-04-01
139457471,72025,,435000.0,2025-04-01
139435831,62025,,390065.74,2025-04-01
139437430,102025,,147997.0,2025-04-01
139453749,102025,,379006.93,2025-04-01
139437456,22026,,404231.04,2025-04-01
139469858,22026,,367122.39,2025-04-01
139468833,32026,,133697.11,2025-04-01
139436568,102025,,455878.76,2025-04-01
139457349,62025,,621000.0,2025-04-01
139443909,22026,,752463.93,2025-04-01
139456392,112025,,179301.3,2025-04-01
139445698,62025,,250000.0,2025-04-01
139457140,102025,,792035.3,2025-04-01
139447052,22026,,235546.88,2025-04-01
139452161,22025,,593000.0,2025-04-01
139466418,72025,,279000.0,2025-04-01
139467526,22025,,260000.0,2025-04-01
139463058,112025,,42871.44,2025-04-01
139437776,22025,,302000.0,2025-04-01
139466387,12025,,320000.0,2025-04-01
139441928,82025,,317810.37,2025-04-01
139461156,32026,,296608.44,2025-04-01
139438265,32026,,464017.19,2025-04-01
139439009,122025,,272122.65,2025-04-01
139453087,62025,,222000.0,2025-04-01
139457838,82025,,290057.86,2025-04-01
139436318,82025,,207853.9,2025-04-01
139438236,32025,,259000.0,2025-04-01
139462894,102025,,217941.34,2025-04-01
139457994,72025,,238237.48,2025-04-01
139453487,122025,,664231.16,2025-04-01
139463612,82025,,182564.38,2025-04-01
139450187,92025,,443671.18,2025-04-01
139450593,92025,,273652.48,2025-04-01
139446038,22026,,24849.21,2025-04-01
139448152,82025,,658155.64,2025-04-01
139439677,22026,,497184.82,2025-04-01
139451689,112025,,415393.33,2025-04-01
139454575,12025,,58000.0,2025-04-01
139453730,12025,,646000.0,2025-04-01
139461468,112025,,276442.14,2025-04-01
139438459,92025,,131568.57,2025-04-01
139466203,72025,,185000.0,2025-04-01
139470043,72025,,136682.37,2025-04-01
139437539,52025,,282000.0,2025-04-01
139442226,72025,,214000.0,2025-04-01
139465954,22026,,299343.38,2025-04-01
139453139,32025,,290000.0,2025-04-01
139453394,82025,,96000.0,2025-04-01
139460710,112025,,170053.88,2025-04-01
139466924,12026,,276307.43,2025-04-01
139464869,72025,,400000.0,2025-04-01
139468111,32025,,175000.0,2025-04-01
139457581,72025,,159000.0,2025-04-01
139466922,72025,,391000.0,2025-04-01
139453953,32025,,122000.0,2025-04-01
139457121,22026,,336834.9,2025-04-01
139463648,32025,,294000.0,2025-04-01
139452564,52025,,198000.0,2025-04-01
139455159,32026,,204060.73,2025-04-01
139440257,32026,,146773.66,2025-04-01
139460009,12025,,407000.0,2025-04-01
139445705,102025,,261571.98,2025-04-01
139459897,52025,,483000.0,2025-04-01
139463320,122025,,311423.68,2025-04-01
139465814,112025,,778926.37,2025-04-01
139462540,92025,,311343.26,2025-04-01
139442714,102025,,226830.85,2025-04-01
139447426,12025,,154000.0,2025-04-01
139463507,62025,,799000.0,2025-04-01
139458798,22026,,251503.79,2025-04-01
139452385,32026,,96800.7,2025-04-01
139438086,22025,,203000.0,2025-04-01
139456043,72025,,229000.0,2025-04-01
139442873,42025,,599000.0,2025-04-01
139445348,32026,,385510.08,2025-04-01
139440192,42025,,535000.0,2025-04-01
139438938,62025,,135000.0,2025-04-01
139454073,122025,,611136.79,2025-04-01
139449944,102025,,655999.85,2025-04-01
139445425,62025,,357000.0,2025-04-01
139446908,62025,,644000.0,2025-04-01
139461903,62025,,223171.86,2025-04-01
139438491,22026,,390514.35,2025-04-01
139459633,22025,,165000.0,2025-04-01
139459746,32025,,115000.0,2025-04-01
139453856,32026,,93780.69,2025-04-01
139438888,82025,,0.0,2025-04-01
139448947,22026,,249688.82,2025-04-01
139456670,22025,,544000.0,2025-04-01
139449135,22025,,255000.0,2025-04-01
139468039,82025,,164265.06,2025-04-01
139440859,22025,,315000.0,2025-04-01
139436006,62025,,260000.0,2025-04-01
139449938,62025,,704000.0,2025-04-01
139456752,72025,,179000.0,2025-04-01
139448045,72025,,299000.0,2025-04-01
139436734,32025,,227000.0,2025-04-01
139448577,92025,,292125.93,2025-04-01
139437631,122025,,271586.98,2025-04-01
139452654,12026,,223304.82,2025-04-01
139451554,112025,,693818.2,2025-04-01
139444669,32026,,315801.64,2025-04-01
139445042,22026,,291612.51,2025-04-01
139463689,42025,,662000.0,2025-04-01
139443931,22025,,50000.0,2025-04-01
139446136,32025,,145000.0,2025-04-01
139454702,92025,,223129.24,2025-04-01
139439070,12025,,366000.0,2025-04-01
139467836,102025,,131894.07,2025-04-01
139459092,32025,,85000.0,2025-04-01
139462229,62025,,60000.0,2025-04-01
139437360,22026,,219718.81,2025-04-01
139460803,32026,,206851.73,2025-04-01
139461290,62025,,190000.0,2025-04-01
139461326,42025,,279000.0,2025-04-01
139437893,42025,,69000.0,2025-04-01
139452363,22025,,187000.0,2025-04-01
139455116,22026,,238653.08,2025-04-01
139463929,52025,,795000.0,2025-04-01
139460892,32025,,1129000.0,2025-04-01
139447222,42025,,290000.0,2025-04-01
139461083,22025,,749000.0,2025-04-01
139464494,12025,,710000.0,2025-04-01
139464909,72025,,316000.0,2025-04-01
139446607,22025,,385000.0,2025-04-01
139470172,12026,,307475.18,2025-04-01
139449107,52025,,249000.0,2025-04-01
139440656,22026,,196051.28,2025-04-01
139440590,82025,,354169.02,2025-04-01
139451566,22026,,354890.88,2025-04-01
139449329,32026,,407463.45,2025-04-01
139445641,92025,,242563.43,2025-04-01
139436073,52025,,323000.0,2025-04-01
139456258,62025,,417000.0,2025-04-01
139452146,12026,,117808.2,2025-04-01
139459601,92025,,59388.5,2025-04-01
139461140,82025,,139277.04,2025-04-01
139436985,72025,,74000.0,2025-04-01
139460149,82025,,153549.46,2025-04-01
139436860,72025,,553000.0,2025-04-01
